1 10 8 9 55
1 10 9 10 55
1 10 10 11 55
1 10 11 12 55
1 10 12 13 55
1 10 12 13 55
1 10 13 14 55
1 10 14 15 55
1 10 15 16 55
1 10 15 16 55
1 10 15 16 55
1 10 16 17 55
1 10 16 17 55
1 10 16 17 55
1 10 16 17 55
1 10 17 18 55
1 10 17 18 55
1 10 17 18 55
1 10 17 18 55
1 10 18 19 55
1 10 18 19 55
1 10 18 19 55
1 10 18 19 55
1 10 18 19 55
1 10 19 20 55
1 10 19 20 55
1 10 19 20 55
1 10 20 21 55
1 10 20 21 55
1 10 20 21 55
1 10 20 21 55
1 10 20 21 55
1 10 21 22 55
1 10 21 22 55
1 10 21 22 55
1 10 21 22 55
1 10 21 22 55
1 10 22 23 55
1 10 22 23 55
1 10 24 25 55
1 10 25 26 55
1 10 25 26 55
1 10 26 27 55
1 10 27 28 55
1 10 28 29 55
1 10 29 30 55
1 10 30 31 55
1 10 31 32 55
1 10 33 34 55
1 10 34 35 55
1 10 35 36 55
1 10 37 38 55
1 10 40 41 55
1 10 42 43 55
1 10 57 58 55
2 10 1 2 60
2 10 3 4 60
2 10 3 4 60
2 10 4 5 60
2 10 4 5 60
2 10 6 7 60
2 10 7 8 60
2 10 15 16 60
2 10 15 16 60
2 10 15 16 60
2 10 16 17 60
2 10 16 17 60
2 10 17 18 60
2 10 17 18 60
2 10 17 18 60
2 10 18 19 60
2 10 18 19 60
2 10 18 19 60
2 10 19 20 60
2 10 19 20 60
2 10 19 20 60
2 10 20 21 60
2 10 21 22 60
2 10 21 22 60
2 10 22 23 60
2 10 22 23 60
2 10 24 25 60
2 10 25 26 60
2 10 25 26 60
2 10 26 27 60
2 10 26 27 60
2 10 27 28 60
2 10 27 28 60
2 10 29 30 60
2 10 30 31 60
2 10 31 32 60
2 10 32 33 60
2 10 35 36 60
2 10 36 37 60
2 10 36 37 60
2 10 37 38 60
2 10 37 38 60
2 10 39 40 60
2 10 39 40 60
2 10 40 41 60
2 10 41 42 60
2 10 41 42 60
2 10 42 43 60
2 10 42 43 60
2 10 43 44 60
2 10 43 44 60
2 10 44 45 60
2 10 45 46 60
2 10 47 48 60
2 10 48 49 60
2 10 49 50 60
2 10 60 61 60
2 10 63 64 60
2 10 73 74 60
2 10 74 75 60
3 10 1 2 35
3 10 4 5 35
3 10 6 7 35
3 10 15 16 35
3 10 17 18 35
3 10 19 20 35
3 10 20 21 35
3 10 21 22 35
3 10 22 23 35
3 10 22 23 35
3 10 23 24 35
3 10 23 24 35
3 10 24 25 35
3 10 24 25 35
3 10 25 26 35
3 10 26 27 35
3 10 27 28 35
3 10 27 28 35
3 10 28 29 35
3 10 34 35 35
3 10 36 37 35
3 10 37 38 35
3 10 42 43 35
3 10 47 48 35
3 10 50 51 35
3 10 51 52 35
3 10 51 52 35
3 10 54 55 35
3 10 55 56 35
3 10 56 57 35
3 10 56 57 35
3 10 57 58 35
3 10 61 62 35
3 10 62 63 35
3 10 63 64 35
4 10 15 16 59
4 10 15 16 59
4 10 16 17 59
4 10 16 17 59
4 10 17 18 59
4 10 17 18 59
4 10 18 19 59
4 10 18 19 59
4 10 19 20 59
4 10 19 20 59
4 10 20 21 59
4 10 20 21 59
4 10 20 21 59
4 10 21 22 59
4 10 21 22 59
4 10 22 23 59
4 10 23 24 59
4 10 23 24 59
4 10 24 25 59
4 10 24 25 59
4 10 24 25 59
4 10 25 26 59
4 10 25 26 59
4 10 25 26 59
4 10 26 27 59
4 10 26 27 59
4 10 27 28 59
4 10 27 28 59
4 10 27 28 59
4 10 28 29 59
4 10 36 37 59
4 10 36 37 59
4 10 37 38 59
4 10 37 38 59
4 10 38 39 59
4 10 39 40 59
4 10 39 40 59
4 10 41 42 59
4 10 42 43 59
4 10 42 43 59
4 10 43 44 59
4 10 44 45 59
4 10 45 46 59
4 10 45 46 59
4 10 46 47 59
4 10 46 47 59
4 10 47 48 59
4 10 48 49 59
4 10 49 50 59
4 10 58 59 59
4 10 61 62 59
4 10 65 66 59
4 10 66 67 59
4 10 67 68 59
4 10 67 68 59
4 10 68 69 59
4 10 69 70 59
4 10 70 71 59
4 10 73 74 59
5 10 1 2 68
5 10 1 2 68
5 10 2 3 68
5 10 2 3 68
5 10 3 4 68
5 10 3 4 68
5 10 4 5 68
5 10 4 5 68
5 10 4 5 68
5 10 5 6 68
5 10 5 6 68
5 10 6 7 68
5 10 6 7 68
5 10 6 7 68
5 10 7 8 68
5 10 7 8 68
5 10 8 9 68
5 10 8 9 68
5 10 10 11 68
5 10 10 11 68
5 10 11 12 68
5 10 11 12 68
5 10 12 13 68
5 10 12 13 68
5 10 13 14 68
5 10 14 15 68
5 10 15 16 68
5 10 15 16 68
5 10 16 17 68
5 10 16 17 68
5 10 16 17 68
5 10 17 18 68
5 10 17 18 68
5 10 18 19 68
5 10 18 19 68
5 10 18 19 68
5 10 19 20 68
5 10 19 20 68
5 10 19 20 68
5 10 20 21 68
5 10 20 21 68
5 10 20 21 68
5 10 21 22 68
5 10 21 22 68
5 10 21 22 68
5 10 22 23 68
5 10 22 23 68
5 10 23 24 68
5 10 23 24 68
5 10 24 25 68
5 10 24 25 68
5 10 27 28 68
5 10 27 28 68
5 10 28 29 68
5 10 28 29 68
5 10 36 37 68
5 10 37 38 68
5 10 39 40 68
5 10 40 41 68
5 10 41 42 68
5 10 42 43 68
5 10 44 45 68
5 10 45 46 68
5 10 46 47 68
5 10 47 48 68
5 10 48 49 68
5 10 49 50 68
5 10 49 50 68
6 10 6 7 39
6 10 20 21 39
6 10 22 23 39
6 10 24 25 39
6 10 25 26 39
6 10 26 27 39
6 10 28 29 39
6 10 30 31 39
6 10 32 33 39
6 10 35 36 39
6 10 37 38 39
6 10 40 41 39
6 10 43 44 39
6 10 43 44 39
6 10 44 45 39
6 10 44 45 39
6 10 45 46 39
6 10 45 46 39
6 10 46 47 39
6 10 46 47 39
6 10 46 47 39
6 10 47 48 39
6 10 47 48 39
6 10 48 49 39
6 10 48 49 39
6 10 49 50 39
6 10 49 50 39
6 10 58 59 39
6 10 58 59 39
6 10 59 60 39
6 10 59 60 39
6 10 60 61 39
6 10 61 62 39
6 10 62 63 39
6 10 63 64 39
6 10 63 64 39
6 10 65 66 39
6 10 68 69 39
6 10 70 71 39
7 10 22 23 7
7 10 24 25 7
7 10 26 27 7
7 10 26 27 7
7 10 27 28 7
7 10 28 29 7
7 10 28 29 7
8 10 15 16 34
8 10 15 16 34
8 10 16 17 34
8 10 16 17 34
8 10 17 18 34
8 10 17 18 34
8 10 18 19 34
8 10 18 19 34
8 10 19 20 34
8 10 19 20 34
8 10 20 21 34
8 10 21 22 34
8 10 23 24 34
8 10 24 25 34
8 10 26 27 34
8 10 27 28 34
8 10 28 29 34
8 10 55 56 34
8 10 57 58 34
8 10 67 68 34
8 10 79 80 34
8 10 80 81 34
8 10 85 86 34
8 10 86 87 34
8 10 87 88 34
8 10 88 89 34
8 10 89 90 34
8 10 91 92 34
8 10 92 93 34
8 10 93 94 34
8 10 95 96 34
8 10 96 97 34
8 10 100 101 34
8 10 102 103 34
9 10 1 2 9
9 10 3 4 9
9 10 5 6 9
9 10 7 8 9
9 10 16 17 9
9 10 18 19 9
9 10 21 22 9
9 10 26 27 9
9 10 40 41 9
10 10 1 2 62
10 10 1 2 62
10 10 1 2 62
10 10 2 3 62
10 10 2 3 62
10 10 2 3 62
10 10 2 3 62
10 10 2 3 62
10 10 3 4 62
10 10 3 4 62
10 10 4 5 62
10 10 4 5 62
10 10 4 5 62
10 10 4 5 62
10 10 5 6 62
10 10 5 6 62
10 10 5 6 62
10 10 5 6 62
10 10 5 6 62
10 10 6 7 62
10 10 6 7 62
10 10 6 7 62
10 10 6 7 62
10 10 7 8 62
10 10 7 8 62
10 10 7 8 62
10 10 7 8 62
10 10 7 8 62
10 10 15 16 62
10 10 15 16 62
10 10 15 16 62
10 10 16 17 62
10 10 16 17 62
10 10 16 17 62
10 10 17 18 62
10 10 17 18 62
10 10 18 19 62
10 10 18 19 62
10 10 18 19 62
10 10 19 20 62
10 10 19 20 62
10 10 19 20 62
10 10 20 21 62
10 10 20 21 62
10 10 20 21 62
10 10 21 22 62
10 10 21 22 62
10 10 21 22 62
10 10 22 23 62
10 10 22 23 62
10 10 23 24 62
10 10 23 24 62
10 10 24 25 62
10 10 24 25 62
10 10 25 26 62
10 10 26 27 62
10 10 28 29 62
10 10 29 30 62
10 10 30 31 62
10 10 33 34 62
10 10 34 35 62
10 10 35 36 62
11 10 1 2 71
11 10 1 2 71
11 10 1 2 71
11 10 2 3 71
11 10 2 3 71
11 10 2 3 71
11 10 3 4 71
11 10 4 5 71
11 10 4 5 71
11 10 4 5 71
11 10 5 6 71
11 10 5 6 71
11 10 6 7 71
11 10 6 7 71
11 10 6 7 71
11 10 7 8 71
11 10 7 8 71
11 10 7 8 71
11 10 11 12 71
11 10 12 13 71
11 10 14 15 71
11 10 15 16 71
11 10 15 16 71
11 10 15 16 71
11 10 16 17 71
11 10 16 17 71
11 10 17 18 71
11 10 17 18 71
11 10 17 18 71
11 10 18 19 71
11 10 18 19 71
11 10 18 19 71
11 10 19 20 71
11 10 20 21 71
11 10 20 21 71
11 10 20 21 71
11 10 21 22 71
11 10 21 22 71
11 10 21 22 71
11 10 22 23 71
11 10 22 23 71
11 10 23 24 71
11 10 23 24 71
11 10 24 25 71
11 10 24 25 71
11 10 25 26 71
11 10 26 27 71
11 10 26 27 71
11 10 27 28 71
11 10 28 29 71
11 10 28 29 71
11 10 44 45 71
11 10 45 46 71
11 10 45 46 71
11 10 46 47 71
11 10 47 48 71
11 10 47 48 71
11 10 48 49 71
11 10 48 49 71
11 10 49 50 71
11 10 51 52 71
11 10 56 57 71
11 10 58 59 71
11 10 60 61 71
11 10 61 62 71
11 10 62 63 71
11 10 71 72 71
11 10 72 73 71
11 10 73 74 71
11 10 74 75 71
11 10 76 77 71
12 10 8 9 20
12 10 9 10 20
12 10 10 11 20
12 10 13 14 20
12 10 14 15 20
12 10 15 16 20
12 10 15 16 20
12 10 16 17 20
12 10 17 18 20
12 10 18 19 20
12 10 19 20 20
12 10 19 20 20
12 10 20 21 20
12 10 20 21 20
12 10 21 22 20
12 10 21 22 20
12 10 31 32 20
12 10 32 33 20
12 10 34 35 20
12 10 35 36 20
13 10 22 23 20
13 10 23 24 20
13 10 23 24 20
13 10 24 25 20
13 10 25 26 20
13 10 25 26 20
13 10 26 27 20
13 10 27 28 20
13 10 28 29 20
13 10 29 30 20
13 10 30 31 20
13 10 30 31 20
13 10 31 32 20
13 10 31 32 20
13 10 32 33 20
13 10 32 33 20
13 10 33 34 20
13 10 33 34 20
13 10 35 36 20
13 10 35 36 20
14 10 1 2 103
14 10 1 2 103
14 10 1 2 103
14 10 1 2 103
14 10 1 2 103
14 10 1 2 103
14 10 1 2 103
14 10 2 3 103
14 10 2 3 103
14 10 2 3 103
14 10 2 3 103
14 10 2 3 103
14 10 2 3 103
14 10 2 3 103
14 10 3 4 103
14 10 3 4 103
14 10 3 4 103
14 10 3 4 103
14 10 3 4 103
14 10 3 4 103
14 10 3 4 103
14 10 4 5 103
14 10 4 5 103
14 10 4 5 103
14 10 4 5 103
14 10 4 5 103
14 10 4 5 103
14 10 4 5 103
14 10 5 6 103
14 10 5 6 103
14 10 5 6 103
14 10 5 6 103
14 10 5 6 103
14 10 5 6 103
14 10 5 6 103
14 10 5 6 103
14 10 6 7 103
14 10 6 7 103
14 10 6 7 103
14 10 6 7 103
14 10 6 7 103
14 10 6 7 103
14 10 6 7 103
14 10 7 8 103
14 10 7 8 103
14 10 7 8 103
14 10 7 8 103
14 10 7 8 103
14 10 7 8 103
14 10 7 8 103
14 10 7 8 103
14 10 15 16 103
14 10 15 16 103
14 10 15 16 103
14 10 16 17 103
14 10 16 17 103
14 10 16 17 103
14 10 17 18 103
14 10 17 18 103
14 10 17 18 103
14 10 17 18 103
14 10 18 19 103
14 10 18 19 103
14 10 18 19 103
14 10 19 20 103
14 10 19 20 103
14 10 20 21 103
14 10 20 21 103
14 10 20 21 103
14 10 21 22 103
14 10 21 22 103
14 10 21 22 103
14 10 21 22 103
14 10 22 23 103
14 10 22 23 103
14 10 23 24 103
14 10 23 24 103
14 10 23 24 103
14 10 24 25 103
14 10 25 26 103
14 10 25 26 103
14 10 26 27 103
14 10 27 28 103
14 10 27 28 103
14 10 28 29 103
14 10 28 29 103
14 10 28 29 103
14 10 29 30 103
14 10 31 32 103
14 10 36 37 103
14 10 36 37 103
14 10 36 37 103
14 10 37 38 103
14 10 37 38 103
14 10 38 39 103
14 10 38 39 103
14 10 38 39 103
14 10 39 40 103
14 10 39 40 103
14 10 39 40 103
14 10 40 41 103
14 10 41 42 103
14 10 41 42 103
15 10 1 2 14
15 10 1 2 14
15 10 2 3 14
15 10 2 3 14
15 10 3 4 14
15 10 3 4 14
15 10 3 4 14
15 10 4 5 14
15 10 4 5 14
15 10 5 6 14
15 10 5 6 14
15 10 6 7 14
15 10 7 8 14
15 10 7 8 14
16 10 5 6 5
16 10 49 50 5
16 10 57 58 5
16 10 62 63 5
16 10 76 77 5
17 10 4 5 48
17 10 7 8 48
17 10 7 8 48
17 10 7 8 48
17 10 8 9 48
17 10 8 9 48
17 10 8 9 48
17 10 9 10 48
17 10 9 10 48
17 10 9 10 48
17 10 9 10 48
17 10 10 11 48
17 10 10 11 48
17 10 10 11 48
17 10 11 12 48
17 10 11 12 48
17 10 11 12 48
17 10 11 12 48
17 10 12 13 48
17 10 12 13 48
17 10 12 13 48
17 10 13 14 48
17 10 13 14 48
17 10 13 14 48
17 10 13 14 48
17 10 19 20 48
17 10 21 22 48
17 10 21 22 48
17 10 22 23 48
17 10 23 24 48
17 10 24 25 48
17 10 25 26 48
17 10 25 26 48
17 10 26 27 48
17 10 26 27 48
17 10 27 28 48
17 10 27 28 48
17 10 28 29 48
17 10 29 30 48
17 10 31 32 48
17 10 32 33 48
17 10 33 34 48
17 10 34 35 48
17 10 42 43 48
17 10 43 44 48
17 10 46 47 48
17 10 48 49 48
17 10 54 55 48
18 10 1 2 93
18 10 3 4 93
18 10 5 6 93
18 10 7 8 93
18 10 7 8 93
18 10 8 9 93
18 10 8 9 93
18 10 9 10 93
18 10 10 11 93
18 10 10 11 93
18 10 11 12 93
18 10 12 13 93
18 10 12 13 93
18 10 13 14 93
18 10 14 15 93
18 10 14 15 93
18 10 15 16 93
18 10 15 16 93
18 10 16 17 93
18 10 16 17 93
18 10 17 18 93
18 10 17 18 93
18 10 18 19 93
18 10 18 19 93
18 10 19 20 93
18 10 19 20 93
18 10 20 21 93
18 10 20 21 93
18 10 22 23 93
18 10 23 24 93
18 10 27 28 93
18 10 28 29 93
18 10 28 29 93
18 10 28 29 93
18 10 29 30 93
18 10 29 30 93
18 10 29 30 93
18 10 30 31 93
18 10 30 31 93
18 10 30 31 93
18 10 30 31 93
18 10 31 32 93
18 10 31 32 93
18 10 31 32 93
18 10 32 33 93
18 10 32 33 93
18 10 32 33 93
18 10 32 33 93
18 10 33 34 93
18 10 33 34 93
18 10 33 34 93
18 10 34 35 93
18 10 34 35 93
18 10 34 35 93
18 10 34 35 93
18 10 35 36 93
18 10 36 37 93
18 10 37 38 93
18 10 37 38 93
18 10 38 39 93
18 10 38 39 93
18 10 39 40 93
18 10 39 40 93
18 10 40 41 93
18 10 40 41 93
18 10 41 42 93
18 10 41 42 93
18 10 42 43 93
18 10 42 43 93
18 10 43 44 93
18 10 43 44 93
18 10 45 46 93
18 10 45 46 93
18 10 47 48 93
18 10 47 48 93
18 10 48 49 93
18 10 56 57 93
18 10 57 58 93
18 10 58 59 93
18 10 58 59 93
18 10 59 60 93
18 10 59 60 93
18 10 60 61 93
18 10 60 61 93
18 10 61 62 93
18 10 61 62 93
18 10 62 63 93
18 10 62 63 93
18 10 68 69 93
18 10 70 71 93
18 10 73 74 93
18 10 74 75 93
18 10 76 77 93
19 10 11 12 1
20 10 7 8 34
20 10 7 8 34
20 10 8 9 34
20 10 9 10 34
20 10 9 10 34
20 10 10 11 34
20 10 11 12 34
20 10 12 13 34
20 10 12 13 34
20 10 15 16 34
20 10 17 18 34
20 10 18 19 34
20 10 21 22 34
20 10 21 22 34
20 10 22 23 34
20 10 22 23 34
20 10 22 23 34
20 10 23 24 34
20 10 23 24 34
20 10 23 24 34
20 10 24 25 34
20 10 24 25 34
20 10 24 25 34
20 10 25 26 34
20 10 25 26 34
20 10 25 26 34
20 10 26 27 34
20 10 26 27 34
20 10 27 28 34
20 10 27 28 34
20 10 27 28 34
20 10 29 30 34
20 10 32 33 34
20 10 35 36 34
21 10 3 4 3
21 10 46 47 3
21 10 50 51 3
22 10 1 1.01 6
22 10 2 3 6
22 10 5 6 6
22 10 37 38 6
22 10 41 42 6
22 10 50 51 6
23 10 1 1.01 69
23 10 1 1.01 69
23 10 1 1.01 69
23 10 1 1.01 69
23 10 1 1.01 69
23 10 1 1.01 69
23 10 1 2 69
23 10 1 2 69
23 10 1 2 69
23 10 1 2 69
23 10 1 2 69
23 10 1 2 69
23 10 2 3 69
23 10 2 3 69
23 10 2 3 69
23 10 2 3 69
23 10 2 3 69
23 10 2 3 69
23 10 2 3 69
23 10 3 4 69
23 10 3 4 69
23 10 3 4 69
23 10 3 4 69
23 10 3 4 69
23 10 3 4 69
23 10 3 4 69
23 10 4 5 69
23 10 4 5 69
23 10 4 5 69
23 10 4 5 69
23 10 4 5 69
23 10 4 5 69
23 10 5 6 69
23 10 5 6 69
23 10 5 6 69
23 10 5 6 69
23 10 5 6 69
23 10 5 6 69
23 10 5 6 69
23 10 6 7 69
23 10 6 7 69
23 10 6 7 69
23 10 6 7 69
23 10 6 7 69
23 10 6 7 69
23 10 6 7 69
23 10 25 26 69
23 10 27 28 69
23 10 33 34 69
23 10 35 36 69
23 10 35 36 69
23 10 37 38 69
23 10 37 38 69
23 10 38 39 69
23 10 39 40 69
23 10 40 41 69
23 10 41 42 69
23 10 42 43 69
23 10 42 43 69
23 10 43 44 69
23 10 44 45 69
23 10 45 46 69
23 10 46 47 69
23 10 47 48 69
23 10 48 49 69
23 10 49 50 69
23 10 53 54 69
23 10 55 56 69
23 10 57 58 69
24 10 1 1.01 161
24 10 1 1.01 161
24 10 1 1.01 161
24 10 1 1.01 161
24 10 1 1.01 161
24 10 1 1.01 161
24 10 1 1.01 161
24 10 1 2 161
24 10 1 2 161
24 10 1 2 161
24 10 1 2 161
24 10 1 2 161
24 10 1 2 161
24 10 1 2 161
24 10 2 3 161
24 10 2 3 161
24 10 2 3 161
24 10 2 3 161
24 10 2 3 161
24 10 2 3 161
24 10 2 3 161
24 10 3 4 161
24 10 3 4 161
24 10 3 4 161
24 10 3 4 161
24 10 3 4 161
24 10 3 4 161
24 10 3 4 161
24 10 4 5 161
24 10 4 5 161
24 10 4 5 161
24 10 4 5 161
24 10 4 5 161
24 10 4 5 161
24 10 5 6 161
24 10 5 6 161
24 10 5 6 161
24 10 5 6 161
24 10 5 6 161
24 10 5 6 161
24 10 5 6 161
24 10 6 7 161
24 10 6 7 161
24 10 6 7 161
24 10 6 7 161
24 10 6 7 161
24 10 6 7 161
24 10 6 7 161
24 10 14 15 161
24 10 14 15 161
24 10 14 15 161
24 10 14 15 161
24 10 14 15 161
24 10 15 16 161
24 10 15 16 161
24 10 15 16 161
24 10 15 16 161
24 10 15 16 161
24 10 15 16 161
24 10 16 17 161
24 10 16 17 161
24 10 16 17 161
24 10 16 17 161
24 10 17 18 161
24 10 17 18 161
24 10 17 18 161
24 10 17 18 161
24 10 17 18 161
24 10 17 18 161
24 10 18 19 161
24 10 18 19 161
24 10 18 19 161
24 10 18 19 161
24 10 19 20 161
24 10 19 20 161
24 10 19 20 161
24 10 19 20 161
24 10 19 20 161
24 10 20 21 161
24 10 20 21 161
24 10 20 21 161
24 10 20 21 161
24 10 20 21 161
24 10 20 21 161
24 10 21 22 161
24 10 21 22 161
24 10 21 22 161
24 10 21 22 161
24 10 22 23 161
24 10 22 23 161
24 10 22 23 161
24 10 22 23 161
24 10 23 24 161
24 10 23 24 161
24 10 23 24 161
24 10 23 24 161
24 10 24 25 161
24 10 24 25 161
24 10 24 25 161
24 10 25 26 161
24 10 25 26 161
24 10 25 26 161
24 10 26 27 161
24 10 26 27 161
24 10 26 27 161
24 10 26 27 161
24 10 27 28 161
24 10 27 28 161
24 10 27 28 161
24 10 27 28 161
24 10 30 31 161
24 10 31 32 161
24 10 34 35 161
24 10 35 36 161
24 10 35 36 161
24 10 35 36 161
24 10 36 37 161
24 10 36 37 161
24 10 36 37 161
24 10 36 37 161
24 10 37 38 161
24 10 37 38 161
24 10 38 39 161
24 10 38 39 161
24 10 38 39 161
24 10 38 39 161
24 10 39 40 161
24 10 39 40 161
24 10 39 40 161
24 10 39 40 161
24 10 40 41 161
24 10 40 41 161
24 10 40 41 161
24 10 40 41 161
24 10 41 42 161
24 10 41 42 161
24 10 41 42 161
24 10 41 42 161
24 10 43 44 161
24 10 44 45 161
24 10 45 46 161
24 10 46 47 161
24 10 47 48 161
24 10 48 49 161
24 10 49 50 161
24 10 51 52 161
24 10 52 53 161
24 10 53 54 161
24 10 54 55 161
24 10 55 56 161
24 10 56 57 161
24 10 56 57 161
24 10 59 60 161
24 10 60 61 161
24 10 61 62 161
24 10 62 63 161
24 10 62 63 161
24 10 63 64 161
24 10 66 67 161
24 10 68 69 161
24 10 69 70 161
25 10 21 22 29
25 10 21 22 29
25 10 22 23 29
25 10 22 23 29
25 10 23 24 29
25 10 24 25 29
25 10 24 25 29
25 10 24 25 29
25 10 25 26 29
25 10 25 26 29
25 10 26 27 29
25 10 26 27 29
25 10 27 28 29
25 10 27 28 29
25 10 27 28 29
25 10 30 31 29
25 10 35 36 29
25 10 35 36 29
25 10 36 37 29
25 10 36 37 29
25 10 37 38 29
25 10 37 38 29
25 10 38 39 29
25 10 38 39 29
25 10 39 40 29
25 10 40 41 29
25 10 40 41 29
25 10 41 42 29
25 10 41 42 29
26 10 56 57 17
26 10 56 57 17
26 10 56 57 17
26 10 57 58 17
26 10 57 58 17
26 10 57 58 17
26 10 58 59 17
26 10 59 60 17
26 10 59 60 17
26 10 60 61 17
26 10 60 61 17
26 10 61 62 17
26 10 61 62 17
26 10 62 63 17
26 10 62 63 17
26 10 64 65 17
26 10 67 68 17
28 10 9 10 99
28 10 9 10 99
28 10 9 10 99
28 10 9 10 99
28 10 9 10 99
28 10 9 10 99
28 10 9 10 99
28 10 10 11 99
28 10 10 11 99
28 10 10 11 99
28 10 10 11 99
28 10 10 11 99
28 10 10 11 99
28 10 11 12 99
28 10 11 12 99
28 10 11 12 99
28 10 11 12 99
28 10 11 12 99
28 10 11 12 99
28 10 12 13 99
28 10 12 13 99
28 10 12 13 99
28 10 12 13 99
28 10 12 13 99
28 10 12 13 99
28 10 12 13 99
28 10 13 14 99
28 10 13 14 99
28 10 13 14 99
28 10 13 14 99
28 10 13 14 99
28 10 13 14 99
28 10 14 15 99
28 10 14 15 99
28 10 14 15 99
28 10 14 15 99
28 10 14 15 99
28 10 15 16 99
28 10 15 16 99
28 10 15 16 99
28 10 15 16 99
28 10 15 16 99
28 10 15 16 99
28 10 16 17 99
28 10 16 17 99
28 10 16 17 99
28 10 16 17 99
28 10 17 18 99
28 10 17 18 99
28 10 17 18 99
28 10 17 18 99
28 10 18 19 99
28 10 18 19 99
28 10 19 20 99
28 10 19 20 99
28 10 19 20 99
28 10 19 20 99
28 10 20 21 99
28 10 20 21 99
28 10 20 21 99
28 10 21 22 99
28 10 21 22 99
28 10 21 22 99
28 10 21 22 99
28 10 22 23 99
28 10 22 23 99
28 10 22 23 99
28 10 22 23 99
28 10 30 31 99
28 10 30 31 99
28 10 30 31 99
28 10 31 32 99
28 10 31 32 99
28 10 32 33 99
28 10 32 33 99
28 10 33 34 99
28 10 33 34 99
28 10 34 35 99
28 10 34 35 99
28 10 34 35 99
28 10 35 36 99
28 10 35 36 99
28 10 36 37 99
28 10 36 37 99
28 10 38 39 99
28 10 43 44 99
28 10 44 45 99
28 10 51 52 99
28 10 52 53 99
28 10 53 54 99
28 10 54 55 99
28 10 55 56 99
28 10 57 58 99
28 10 58 59 99
28 10 62 63 99
28 10 68 69 99
28 10 71 72 99
28 10 73 74 99
28 10 76 77 99
30 10 9 10 26
30 10 10 11 26
30 10 10 11 26
30 10 11 12 26
30 10 12 13 26
30 10 13 14 26
30 10 14 15 26
30 10 14 15 26
30 10 15 16 26
30 10 15 16 26
30 10 16 17 26
30 10 16 17 26
30 10 17 18 26
30 10 17 18 26
30 10 17 18 26
30 10 18 19 26
30 10 19 20 26
30 10 19 20 26
30 10 19 20 26
30 10 20 21 26
30 10 20 21 26
30 10 21 22 26
30 10 21 22 26
30 10 22 23 26
30 10 22 23 26
30 10 22 23 26
32 10 9 10 49
32 10 9 10 49
32 10 9 10 49
32 10 9 10 49
32 10 9 10 49
32 10 10 11 49
32 10 10 11 49
32 10 10 11 49
32 10 11 12 49
32 10 11 12 49
32 10 11 12 49
32 10 11 12 49
32 10 11 12 49
32 10 12 13 49
32 10 12 13 49
32 10 12 13 49
32 10 12 13 49
32 10 12 13 49
32 10 13 14 49
32 10 13 14 49
32 10 13 14 49
32 10 13 14 49
32 10 14 15 49
32 10 14 15 49
32 10 14 15 49
32 10 15 16 49
32 10 15 16 49
32 10 15 16 49
32 10 15 16 49
32 10 16 17 49
32 10 17 18 49
32 10 17 18 49
32 10 18 19 49
32 10 18 19 49
32 10 19 20 49
32 10 19 20 49
32 10 20 21 49
32 10 20 21 49
32 10 21 22 49
32 10 22 23 49
32 10 22 23 49
32 10 30 31 49
32 10 31 32 49
32 10 31 32 49
32 10 32 33 49
32 10 33 34 49
32 10 33 34 49
32 10 36 37 49
32 10 36 37 49
33 10 9 10 45
33 10 9 10 45
33 10 10 11 45
33 10 10 11 45
33 10 11 12 45
33 10 12 13 45
33 10 12 13 45
33 10 13 14 45
33 10 13 14 45
33 10 14 15 45
33 10 14 15 45
33 10 15 16 45
33 10 15 16 45
33 10 16 17 45
33 10 16 17 45
33 10 17 18 45
33 10 18 19 45
33 10 18 19 45
33 10 19 20 45
33 10 20 21 45
33 10 20 21 45
33 10 21 22 45
33 10 21 22 45
33 10 22 23 45
33 10 22 23 45
33 10 30 31 45
33 10 30 31 45
33 10 31 32 45
33 10 31 32 45
33 10 32 33 45
33 10 32 33 45
33 10 33 34 45
33 10 34 35 45
33 10 34 35 45
33 10 35 36 45
33 10 36 37 45
33 10 36 37 45
33 10 44 45 45
33 10 46 47 45
33 10 48 49 45
33 10 49 50 45
33 10 50 51 45
33 10 53 54 45
33 10 55 56 45
33 10 65 66 45
34 10 16 17 3
34 10 21 22 3
34 10 30 31 3
35 10 16 17 13
35 10 16 17 13
35 10 17 18 13
35 10 17 18 13
35 10 18 19 13
35 10 18 19 13
35 10 19 20 13
35 10 19 20 13
35 10 20 21 13
35 10 20 21 13
35 10 21 22 13
35 10 21 22 13
35 10 22 23 13
36 10 10 11 10
36 10 16 17 10
36 10 16 17 10
36 10 17 18 10
36 10 17 18 10
36 10 18 19 10
36 10 20 21 10
36 10 21 22 10
36 10 22 23 10
36 10 22 23 10
37 10 12 13 5
37 10 13 14 5
37 10 21 22 5
37 10 22 23 5
37 10 33 34 5
38 10 9 10 64
38 10 9 10 64
38 10 10 11 64
38 10 10 11 64
38 10 11 12 64
38 10 11 12 64
38 10 12 13 64
38 10 12 13 64
38 10 13 14 64
38 10 13 14 64
38 10 14 15 64
38 10 15 16 64
38 10 17 18 64
38 10 23 24 64
38 10 24 25 64
38 10 25 26 64
38 10 26 27 64
38 10 27 28 64
38 10 30 31 64
38 10 30 31 64
38 10 30 31 64
38 10 31 32 64
38 10 31 32 64
38 10 31 32 64
38 10 31 32 64
38 10 32 33 64
38 10 32 33 64
38 10 32 33 64
38 10 32 33 64
38 10 33 34 64
38 10 33 34 64
38 10 33 34 64
38 10 34 35 64
38 10 34 35 64
38 10 34 35 64
38 10 34 35 64
38 10 35 36 64
38 10 35 36 64
38 10 35 36 64
38 10 35 36 64
38 10 36 37 64
38 10 36 37 64
38 10 36 37 64
38 10 36 37 64
38 10 37 38 64
38 10 37 38 64
38 10 38 39 64
38 10 38 39 64
38 10 39 40 64
38 10 39 40 64
38 10 40 41 64
38 10 41 42 64
38 10 42 43 64
38 10 42 43 64
38 10 43 44 64
38 10 43 44 64
38 10 44 45 64
38 10 45 46 64
38 10 45 46 64
38 10 46 47 64
38 10 47 48 64
38 10 48 49 64
38 10 49 50 64
38 10 50 51 64
39 10 9 10 60
39 10 9 10 60
39 10 9 10 60
39 10 9 10 60
39 10 10 11 60
39 10 10 11 60
39 10 10 11 60
39 10 11 12 60
39 10 11 12 60
39 10 11 12 60
39 10 11 12 60
39 10 12 13 60
39 10 12 13 60
39 10 12 13 60
39 10 13 14 60
39 10 13 14 60
39 10 13 14 60
39 10 13 14 60
39 10 14 15 60
39 10 14 15 60
39 10 14 15 60
39 10 15 16 60
39 10 15 16 60
39 10 15 16 60
39 10 16 17 60
39 10 16 17 60
39 10 16 17 60
39 10 16 17 60
39 10 16 17 60
39 10 17 18 60
39 10 17 18 60
39 10 17 18 60
39 10 17 18 60
39 10 17 18 60
39 10 18 19 60
39 10 18 19 60
39 10 18 19 60
39 10 18 19 60
39 10 18 19 60
39 10 19 20 60
39 10 19 20 60
39 10 19 20 60
39 10 19 20 60
39 10 19 20 60
39 10 20 21 60
39 10 20 21 60
39 10 20 21 60
39 10 20 21 60
39 10 21 22 60
39 10 21 22 60
39 10 21 22 60
39 10 21 22 60
39 10 22 23 60
39 10 22 23 60
39 10 22 23 60
39 10 22 23 60
39 10 22 23 60
39 10 32 33 60
39 10 35 36 60
39 10 48 49 60
40 10 11 12 1
41 10 10 11 1
42 10 16 17 37
42 10 17 18 37
42 10 17 18 37
42 10 18 19 37
42 10 18 19 37
42 10 19 20 37
42 10 19 20 37
42 10 20 21 37
42 10 20 21 37
42 10 21 22 37
42 10 21 22 37
42 10 22 23 37
42 10 23 24 37
42 10 23 24 37
42 10 24 25 37
42 10 24 25 37
42 10 25 26 37
42 10 25 26 37
42 10 26 27 37
42 10 26 27 37
42 10 27 28 37
42 10 28 29 37
42 10 28 29 37
42 10 29 30 37
42 10 30 31 37
42 10 30 31 37
42 10 31 32 37
42 10 31 32 37
42 10 32 33 37
42 10 33 34 37
42 10 33 34 37
42 10 34 35 37
42 10 35 36 37
42 10 36 37 37
42 10 37 38 37
42 10 40 41 37
42 10 41 42 37
43 10 12 13 64
43 10 13 14 64
43 10 14 15 64
43 10 16 17 64
43 10 16 17 64
43 10 16 17 64
43 10 17 18 64
43 10 17 18 64
43 10 18 19 64
43 10 19 20 64
43 10 19 20 64
43 10 20 21 64
43 10 21 22 64
43 10 21 22 64
43 10 21 22 64
43 10 22 23 64
43 10 22 23 64
43 10 23 24 64
43 10 30 31 64
43 10 31 32 64
43 10 31 32 64
43 10 32 33 64
43 10 34 35 64
43 10 34 35 64
43 10 35 36 64
43 10 36 37 64
43 10 36 37 64
43 10 38 39 64
43 10 39 40 64
43 10 40 41 64
43 10 41 42 64
43 10 41 42 64
43 10 42 43 64
43 10 43 44 64
43 10 43 44 64
43 10 44 45 64
43 10 44 45 64
43 10 45 46 64
43 10 46 47 64
43 10 46 47 64
43 10 47 48 64
43 10 48 49 64
43 10 49 50 64
43 10 50 51 64
43 10 50 51 64
43 10 51 52 64
43 10 52 53 64
43 10 53 54 64
43 10 53 54 64
43 10 54 55 64
43 10 54 55 64
43 10 55 56 64
43 10 55 56 64
43 10 56 57 64
43 10 57 58 64
43 10 63 64 64
43 10 65 66 64
43 10 66 67 64
43 10 67 68 64
43 10 68 69 64
43 10 71 72 64
43 10 72 73 64
43 10 73 74 64
43 10 75 76 64
44 10 9 10 100
44 10 9 10 100
44 10 9 10 100
44 10 9 10 100
44 10 9 10 100
44 10 10 11 100
44 10 10 11 100
44 10 10 11 100
44 10 10 11 100
44 10 11 12 100
44 10 11 12 100
44 10 11 12 100
44 10 11 12 100
44 10 12 13 100
44 10 12 13 100
44 10 12 13 100
44 10 12 13 100
44 10 13 14 100
44 10 13 14 100
44 10 13 14 100
44 10 13 14 100
44 10 14 15 100
44 10 14 15 100
44 10 14 15 100
44 10 14 15 100
44 10 14 15 100
44 10 15 16 100
44 10 15 16 100
44 10 15 16 100
44 10 15 16 100
44 10 15 16 100
44 10 16 17 100
44 10 16 17 100
44 10 16 17 100
44 10 16 17 100
44 10 16 17 100
44 10 17 18 100
44 10 17 18 100
44 10 17 18 100
44 10 17 18 100
44 10 17 18 100
44 10 17 18 100
44 10 18 19 100
44 10 18 19 100
44 10 18 19 100
44 10 18 19 100
44 10 18 19 100
44 10 18 19 100
44 10 19 20 100
44 10 19 20 100
44 10 19 20 100
44 10 20 21 100
44 10 20 21 100
44 10 20 21 100
44 10 20 21 100
44 10 20 21 100
44 10 20 21 100
44 10 21 22 100
44 10 21 22 100
44 10 21 22 100
44 10 21 22 100
44 10 21 22 100
44 10 22 23 100
44 10 22 23 100
44 10 22 23 100
44 10 22 23 100
44 10 22 23 100
44 10 30 31 100
44 10 30 31 100
44 10 31 32 100
44 10 31 32 100
44 10 32 33 100
44 10 32 33 100
44 10 33 34 100
44 10 33 34 100
44 10 34 35 100
44 10 34 35 100
44 10 34 35 100
44 10 35 36 100
44 10 35 36 100
44 10 35 36 100
44 10 36 37 100
44 10 36 37 100
44 10 37 38 100
44 10 38 39 100
44 10 38 39 100
44 10 39 40 100
44 10 40 41 100
44 10 40 41 100
44 10 41 42 100
44 10 43 44 100
44 10 43 44 100
44 10 45 46 100
44 10 47 48 100
44 10 48 49 100
44 10 49 50 100
44 10 50 51 100
44 10 52 53 100
44 10 54 55 100
44 10 64 65 100
45 10 9 10 32
45 10 14 15 32
45 10 19 20 32
45 10 21 22 32
45 10 22 23 32
45 10 24 25 32
45 10 25 26 32
45 10 26 27 32
45 10 27 28 32
45 10 29 30 32
45 10 30 31 32
45 10 30 31 32
45 10 31 32 32
45 10 31 32 32
45 10 32 33 32
45 10 32 33 32
45 10 33 34 32
45 10 34 35 32
45 10 34 35 32
45 10 35 36 32
45 10 35 36 32
45 10 36 37 32
45 10 36 37 32
45 10 37 38 32
45 10 38 39 32
45 10 40 41 32
45 10 41 42 32
45 10 44 45 32
45 10 46 47 32
45 10 48 49 32
45 10 49 50 32
45 10 50 51 32
46 10 9 10 69
46 10 9 10 69
46 10 9 10 69
46 10 10 11 69
46 10 10 11 69
46 10 10 11 69
46 10 11 12 69
46 10 11 12 69
46 10 12 13 69
46 10 12 13 69
46 10 12 13 69
46 10 13 14 69
46 10 13 14 69
46 10 13 14 69
46 10 14 15 69
46 10 14 15 69
46 10 14 15 69
46 10 15 16 69
46 10 15 16 69
46 10 15 16 69
46 10 16 17 69
46 10 16 17 69
46 10 17 18 69
46 10 17 18 69
46 10 18 19 69
46 10 18 19 69
46 10 18 19 69
46 10 19 20 69
46 10 19 20 69
46 10 19 20 69
46 10 20 21 69
46 10 20 21 69
46 10 20 21 69
46 10 21 22 69
46 10 21 22 69
46 10 21 22 69
46 10 22 23 69
46 10 22 23 69
46 10 22 23 69
46 10 30 31 69
46 10 30 31 69
46 10 31 32 69
46 10 31 32 69
46 10 32 33 69
46 10 32 33 69
46 10 32 33 69
46 10 33 34 69
46 10 34 35 69
46 10 34 35 69
46 10 34 35 69
46 10 35 36 69
46 10 35 36 69
46 10 36 37 69
46 10 36 37 69
46 10 41 42 69
46 10 45 46 69
46 10 47 48 69
46 10 49 50 69
46 10 50 51 69
46 10 56 57 69
46 10 59 60 69
46 10 60 61 69
46 10 61 62 69
46 10 62 63 69
46 10 63 64 69
46 10 64 65 69
46 10 66 67 69
46 10 68 69 69
46 10 71 72 69
47 10 8 9 27
47 10 9 10 27
47 10 15 16 27
47 10 15 16 27
47 10 15 16 27
47 10 16 17 27
47 10 16 17 27
47 10 17 18 27
47 10 17 18 27
47 10 17 18 27
47 10 18 19 27
47 10 18 19 27
47 10 19 20 27
47 10 19 20 27
47 10 19 20 27
47 10 20 21 27
47 10 20 21 27
47 10 20 21 27
47 10 21 22 27
47 10 23 24 27
47 10 24 25 27
47 10 26 27 27
47 10 28 29 27
47 10 29 30 27
47 10 30 31 27
47 10 31 32 27
47 10 32 33 27
48 10 54 55 15
48 10 56 57 15
48 10 57 58 15
48 10 61 62 15
48 10 63 64 15
48 10 65 66 15
48 10 65 66 15
48 10 66 67 15
48 10 66 67 15
48 10 67 68 15
48 10 68 69 15
48 10 68 69 15
48 10 69 70 15
48 10 70 71 15
48 10 70 71 15
49 10 15 16 12
49 10 16 17 12
49 10 29 30 12
49 10 29 30 12
49 10 30 31 12
49 10 32 33 12
49 10 33 34 12
49 10 34 35 12
49 10 35 36 12
49 10 36 37 12
49 10 38 39 12
49 10 39 40 12
50 10 1 2 58
50 10 2 3 58
50 10 2 3 58
50 10 3 4 58
50 10 4 5 58
50 10 4 5 58
50 10 5 6 58
50 10 6 7 58
50 10 7 8 58
50 10 8 9 58
50 10 8 9 58
50 10 9 10 58
50 10 9 10 58
50 10 10 11 58
50 10 11 12 58
50 10 11 12 58
50 10 12 13 58
50 10 12 13 58
50 10 12 13 58
50 10 13 14 58
50 10 13 14 58
50 10 14 15 58
50 10 14 15 58
50 10 15 16 58
50 10 15 16 58
50 10 16 17 58
50 10 16 17 58
50 10 17 18 58
50 10 17 18 58
50 10 17 18 58
50 10 18 19 58
50 10 18 19 58
50 10 19 20 58
50 10 20 21 58
50 10 20 21 58
50 10 20 21 58
50 10 21 22 58
50 10 21 22 58
50 10 21 22 58
50 10 29 30 58
50 10 30 31 58
50 10 30 31 58
50 10 32 33 58
50 10 32 33 58
50 10 33 34 58
50 10 34 35 58
50 10 35 36 58
50 10 35 36 58
50 10 36 37 58
50 10 40 41 58
50 10 52 53 58
50 10 53 54 58
50 10 54 55 58
50 10 55 56 58
50 10 56 57 58
50 10 58 59 58
50 10 60 61 58
50 10 78 79 58
51 10 8 9 59
51 10 8 9 59
51 10 9 10 59
51 10 9 10 59
51 10 9 10 59
51 10 10 11 59
51 10 10 11 59
51 10 11 12 59
51 10 11 12 59
51 10 11 12 59
51 10 12 13 59
51 10 12 13 59
51 10 13 14 59
51 10 13 14 59
51 10 14 15 59
51 10 15 16 59
51 10 15 16 59
51 10 15 16 59
51 10 16 17 59
51 10 16 17 59
51 10 16 17 59
51 10 17 18 59
51 10 17 18 59
51 10 17 18 59
51 10 18 19 59
51 10 18 19 59
51 10 18 19 59
51 10 19 20 59
51 10 19 20 59
51 10 19 20 59
51 10 20 21 59
51 10 20 21 59
51 10 21 22 59
51 10 21 22 59
51 10 29 30 59
51 10 29 30 59
51 10 30 31 59
51 10 30 31 59
51 10 31 32 59
51 10 31 32 59
51 10 32 33 59
51 10 32 33 59
51 10 33 34 59
51 10 34 35 59
51 10 35 36 59
51 10 35 36 59
51 10 36 37 59
51 10 36 37 59
51 10 37 38 59
51 10 38 39 59
51 10 40 41 59
51 10 40 41 59
51 10 41 42 59
51 10 42 43 59
51 10 43 44 59
51 10 44 45 59
51 10 45 46 59
51 10 46 47 59
51 10 48 49 59
52 10 8 9 51
52 10 8 9 51
52 10 9 10 51
52 10 10 11 51
52 10 10 11 51
52 10 11 12 51
52 10 12 13 51
52 10 12 13 51
52 10 13 14 51
52 10 13 14 51
52 10 14 15 51
52 10 15 16 51
52 10 16 17 51
52 10 16 17 51
52 10 17 18 51
52 10 18 19 51
52 10 18 19 51
52 10 19 20 51
52 10 20 21 51
52 10 21 22 51
52 10 21 22 51
52 10 29 30 51
52 10 29 30 51
52 10 30 31 51
52 10 30 31 51
52 10 32 33 51
52 10 33 34 51
52 10 33 34 51
52 10 34 35 51
52 10 35 36 51
52 10 35 36 51
52 10 36 37 51
52 10 36 37 51
52 10 37 38 51
52 10 37 38 51
52 10 38 39 51
52 10 39 40 51
52 10 40 41 51
52 10 40 41 51
52 10 41 42 51
52 10 45 46 51
52 10 49 50 51
52 10 51 52 51
52 10 57 58 51
52 10 58 59 51
52 10 60 61 51
52 10 61 62 51
52 10 62 63 51
52 10 63 64 51
52 10 65 66 51
52 10 70 71 51
53 10 8 9 27
53 10 12 13 27
53 10 18 19 27
53 10 21 22 27
53 10 27 28 27
53 10 32 33 27
53 10 34 35 27
53 10 35 36 27
53 10 56 57 27
53 10 62 63 27
53 10 78 79 27
53 10 78 79 27
53 10 80 81 27
53 10 81 82 27
53 10 81 82 27
53 10 83 84 27
53 10 83 84 27
53 10 84 85 27
53 10 85 86 27
53 10 86 87 27
53 10 87 88 27
53 10 88 89 27
53 10 89 90 27
53 10 90 91 27
53 10 92 93 27
53 10 93 94 27
53 10 98 99 27
54 10 3 4 43
54 10 6 7 43
54 10 7 8 43
54 10 9 10 43
54 10 11 12 43
54 10 12 13 43
54 10 12 13 43
54 10 13 14 43
54 10 13 14 43
54 10 14 15 43
54 10 14 15 43
54 10 29 30 43
54 10 43 44 43
54 10 43 44 43
54 10 43 44 43
54 10 44 45 43
54 10 44 45 43
54 10 45 46 43
54 10 45 46 43
54 10 45 46 43
54 10 47 48 43
54 10 47 48 43
54 10 47 48 43
54 10 48 49 43
54 10 48 49 43
54 10 48 49 43
54 10 49 50 43
54 10 49 50 43
54 10 49 50 43
54 10 50 51 43
54 10 51 52 43
54 10 52 53 43
54 10 53 54 43
54 10 55 56 43
54 10 55 56 43
54 10 56 57 43
54 10 64 65 43
54 10 65 66 43
54 10 65 66 43
54 10 66 67 43
54 10 66 67 43
54 10 67 68 43
54 10 69 70 43
55 10 8 9 28
55 10 8 9 28
55 10 9 10 28
55 10 9 10 28
55 10 10 11 28
55 10 11 12 28
55 10 12 13 28
55 10 12 13 28
55 10 13 14 28
55 10 13 14 28
55 10 25 26 28
55 10 27 28 28
55 10 48 49 28
55 10 50 51 28
55 10 53 54 28
55 10 59 60 28
55 10 61 62 28
55 10 63 64 28
55 10 68 69 28
55 10 70 71 28
55 10 77 78 28
55 10 78 79 28
55 10 79 80 28
55 10 80 81 28
55 10 81 82 28
55 10 82 83 28
55 10 86 87 28
55 10 95 96 28
56 10 15 16 9
56 10 16 17 9
56 10 20 21 9
56 10 22 23 9
56 10 28 29 9
56 10 30 31 9
56 10 31 32 9
56 10 34 35 9
56 10 35 36 9
57 10 14 15 6
57 10 15 16 6
57 10 16 17 6
57 10 17 18 6
57 10 20 21 6
57 10 21 22 6
59 10 7 8 94
59 10 8 9 94
59 10 9 10 94
59 10 10 11 94
59 10 10 11 94
59 10 11 12 94
59 10 11 12 94
59 10 12 13 94
59 10 13 14 94
59 10 13 14 94
59 10 14 15 94
59 10 14 15 94
59 10 14 15 94
59 10 14 15 94
59 10 14 15 94
59 10 14 15 94
59 10 15 16 94
59 10 15 16 94
59 10 15 16 94
59 10 15 16 94
59 10 15 16 94
59 10 15 16 94
59 10 16 17 94
59 10 16 17 94
59 10 16 17 94
59 10 16 17 94
59 10 16 17 94
59 10 16 17 94
59 10 17 18 94
59 10 17 18 94
59 10 17 18 94
59 10 17 18 94
59 10 17 18 94
59 10 17 18 94
59 10 18 19 94
59 10 18 19 94
59 10 18 19 94
59 10 18 19 94
59 10 18 19 94
59 10 18 19 94
59 10 19 20 94
59 10 19 20 94
59 10 19 20 94
59 10 19 20 94
59 10 19 20 94
59 10 19 20 94
59 10 20 21 94
59 10 20 21 94
59 10 20 21 94
59 10 20 21 94
59 10 20 21 94
59 10 21 22 94
59 10 21 22 94
59 10 22 23 94
59 10 22 23 94
59 10 23 24 94
59 10 23 24 94
59 10 24 25 94
59 10 25 26 94
59 10 25 26 94
59 10 26 27 94
59 10 26 27 94
59 10 26 27 94
59 10 27 28 94
59 10 27 28 94
59 10 28 29 94
59 10 28 29 94
59 10 29 30 94
59 10 29 30 94
59 10 30 31 94
59 10 31 32 94
59 10 31 32 94
59 10 32 33 94
59 10 32 33 94
59 10 33 34 94
59 10 33 34 94
59 10 34 35 94
59 10 34 35 94
59 10 35 36 94
59 10 36 37 94
59 10 37 38 94
59 10 38 39 94
59 10 39 40 94
59 10 41 42 94
59 10 43 44 94
59 10 44 45 94
59 10 44 45 94
59 10 46 47 94
59 10 46 47 94
59 10 47 48 94
59 10 47 48 94
59 10 48 49 94
59 10 48 49 94
59 10 49 50 94
61 10 14 15 6
61 10 15 16 6
61 10 16 17 6
61 10 17 18 6
61 10 18 19 6
61 10 19 20 6
62 10 12 13 1
63 10 21 22 2
63 10 28 29 2
65 15 1 1.01 52
65 15 1 2 52
65 15 4 5 52
65 15 5 6 52
65 15 6 7 52
65 15 6 7 52
65 15 6 7 52
65 15 6 7 52
65 15 7 8 52
65 15 7 8 52
65 15 7 8 52
65 15 7 8 52
65 15 7 8 52
65 15 8 9 52
65 15 8 9 52
65 15 8 9 52
65 15 8 9 52
65 15 8 9 52
65 15 8 9 52
65 15 9 10 52
65 15 9 10 52
65 15 9 10 52
65 15 9 10 52
65 15 9 10 52
65 15 9 10 52
65 15 10 11 52
65 15 10 11 52
65 15 10 11 52
65 15 10 11 52
65 15 11 12 52
65 15 11 12 52
65 15 11 12 52
65 15 11 12 52
65 15 11 12 52
65 15 11 12 52
65 15 12 13 52
65 15 12 13 52
65 15 12 13 52
65 15 12 13 52
65 15 13 14 52
65 15 13 14 52
65 15 14 15 52
65 15 14 15 52
65 15 15 16 52
65 15 16 17 52
65 15 17 18 52
65 15 18 19 52
65 15 26 27 52
65 15 27 28 52
65 15 28 29 52
65 15 29 30 52
65 15 29 30 52
66 15 1 1.01 30
66 15 1 1.01 30
66 15 1 2 30
66 15 2 3 30
66 15 3 4 30
66 15 4 5 30
66 15 4 5 30
66 15 5 6 30
66 15 6 7 30
66 15 6 7 30
66 15 6 7 30
66 15 6 7 30
66 15 6 7 30
66 15 6 7 30
66 15 6 7 30
66 15 6 7 30
66 15 7 8 30
66 15 7 8 30
66 15 7 8 30
66 15 7 8 30
66 15 7 8 30
66 15 7 8 30
66 15 8 9 30
66 15 8 9 30
66 15 8 9 30
66 15 8 9 30
66 15 8 9 30
66 15 8 9 30
66 15 8 9 30
66 15 8 9 30
67 15 6 7 6
67 15 27 28 6
67 15 65 66 6
67 15 66 67 6
67 15 67 68 6
67 15 68 69 6
68 15 1 1.01 70
68 15 1 1.01 70
68 15 1 1.01 70
68 15 1 1.01 70
68 15 1 1.01 70
68 15 1 1.01 70
68 15 1 2 70
68 15 1 2 70
68 15 1 2 70
68 15 1 2 70
68 15 1 2 70
68 15 1 2 70
68 15 2 3 70
68 15 2 3 70
68 15 2 3 70
68 15 2 3 70
68 15 3 4 70
68 15 3 4 70
68 15 3 4 70
68 15 3 4 70
68 15 3 4 70
68 15 4 5 70
68 15 4 5 70
68 15 4 5 70
68 15 4 5 70
68 15 4 5 70
68 15 5 6 70
68 15 5 6 70
68 15 5 6 70
68 15 5 6 70
68 15 5 6 70
68 15 6 7 70
68 15 6 7 70
68 15 6 7 70
68 15 6 7 70
68 15 6 7 70
68 15 6 7 70
68 15 6 7 70
68 15 6 7 70
68 15 6 7 70
68 15 6 7 70
68 15 6 7 70
68 15 6 7 70
68 15 6 7 70
68 15 7 8 70
68 15 7 8 70
68 15 7 8 70
68 15 7 8 70
68 15 7 8 70
68 15 7 8 70
68 15 7 8 70
68 15 7 8 70
68 15 7 8 70
68 15 7 8 70
68 15 7 8 70
68 15 7 8 70
68 15 7 8 70
68 15 7 8 70
68 15 8 9 70
68 15 8 9 70
68 15 8 9 70
68 15 8 9 70
68 15 8 9 70
68 15 8 9 70
68 15 8 9 70
68 15 8 9 70
68 15 8 9 70
68 15 8 9 70
68 15 8 9 70
68 15 8 9 70
69 15 1 1.01 33
69 15 6 7 33
69 15 6 7 33
69 15 6 7 33
69 15 6 7 33
69 15 6 7 33
69 15 6 7 33
69 15 6 7 33
69 15 7 8 33
69 15 7 8 33
69 15 7 8 33
69 15 7 8 33
69 15 7 8 33
69 15 7 8 33
69 15 7 8 33
69 15 7 8 33
69 15 7 8 33
69 15 8 9 33
69 15 8 9 33
69 15 8 9 33
69 15 8 9 33
69 15 8 9 33
69 15 8 9 33
69 15 8 9 33
69 15 8 9 33
69 15 8 9 33
69 15 9 10 33
69 15 9 10 33
69 15 10 11 33
69 15 10 11 33
69 15 11 12 33
69 15 11 12 33
69 15 12 13 33
70 15 2 3 73
70 15 4 5 73
70 15 5 6 73
70 15 6 7 73
70 15 6 7 73
70 15 7 8 73
70 15 7 8 73
70 15 7 8 73
70 15 8 9 73
70 15 8 9 73
70 15 9 10 73
70 15 9 10 73
70 15 9 10 73
70 15 9 10 73
70 15 9 10 73
70 15 9 10 73
70 15 9 10 73
70 15 10 11 73
70 15 10 11 73
70 15 10 11 73
70 15 10 11 73
70 15 10 11 73
70 15 10 11 73
70 15 10 11 73
70 15 10 11 73
70 15 10 11 73
70 15 11 12 73
70 15 11 12 73
70 15 11 12 73
70 15 11 12 73
70 15 11 12 73
70 15 11 12 73
70 15 11 12 73
70 15 11 12 73
70 15 12 13 73
70 15 12 13 73
70 15 12 13 73
70 15 12 13 73
70 15 12 13 73
70 15 12 13 73
70 15 12 13 73
70 15 12 13 73
70 15 13 14 73
70 15 13 14 73
70 15 14 15 73
70 15 14 15 73
70 15 15 16 73
70 15 15 16 73
70 15 16 17 73
70 15 16 17 73
70 15 17 18 73
70 15 17 18 73
70 15 18 19 73
70 15 18 19 73
70 15 19 20 73
70 15 20 21 73
70 15 21 22 73
70 15 21 22 73
70 15 22 23 73
70 15 22 23 73
70 15 22 23 73
70 15 23 24 73
70 15 23 24 73
70 15 24 25 73
70 15 25 26 73
70 15 25 26 73
70 15 26 27 73
70 15 26 27 73
70 15 28 29 73
70 15 29 30 73
70 15 30 31 73
70 15 31 32 73
70 15 33 34 73
71 15 1 1.01 151
71 15 1 1.01 151
71 15 1 1.01 151
71 15 1 1.01 151
71 15 1 1.01 151
71 15 1 1.01 151
71 15 1 1.01 151
71 15 1 1.01 151
71 15 1 1.01 151
71 15 1 2 151
71 15 1 2 151
71 15 1 2 151
71 15 1 2 151
71 15 1 2 151
71 15 1 2 151
71 15 1 2 151
71 15 1 2 151
71 15 2 3 151
71 15 2 3 151
71 15 2 3 151
71 15 2 3 151
71 15 2 3 151
71 15 2 3 151
71 15 2 3 151
71 15 2 3 151
71 15 2 3 151
71 15 3 4 151
71 15 3 4 151
71 15 3 4 151
71 15 3 4 151
71 15 3 4 151
71 15 3 4 151
71 15 3 4 151
71 15 3 4 151
71 15 3 4 151
71 15 4 5 151
71 15 4 5 151
71 15 4 5 151
71 15 4 5 151
71 15 4 5 151
71 15 4 5 151
71 15 4 5 151
71 15 4 5 151
71 15 5 6 151
71 15 5 6 151
71 15 5 6 151
71 15 5 6 151
71 15 5 6 151
71 15 5 6 151
71 15 5 6 151
71 15 6 7 151
71 15 6 7 151
71 15 6 7 151
71 15 6 7 151
71 15 6 7 151
71 15 6 7 151
71 15 6 7 151
71 15 6 7 151
71 15 6 7 151
71 15 7 8 151
71 15 7 8 151
71 15 7 8 151
71 15 7 8 151
71 15 7 8 151
71 15 7 8 151
71 15 7 8 151
71 15 7 8 151
71 15 8 9 151
71 15 8 9 151
71 15 8 9 151
71 15 8 9 151
71 15 8 9 151
71 15 8 9 151
71 15 8 9 151
71 15 8 9 151
71 15 8 9 151
71 15 8 9 151
71 15 9 10 151
71 15 9 10 151
71 15 9 10 151
71 15 9 10 151
71 15 9 10 151
71 15 9 10 151
71 15 9 10 151
71 15 9 10 151
71 15 10 11 151
71 15 10 11 151
71 15 10 11 151
71 15 10 11 151
71 15 10 11 151
71 15 10 11 151
71 15 10 11 151
71 15 10 11 151
71 15 11 12 151
71 15 11 12 151
71 15 11 12 151
71 15 11 12 151
71 15 11 12 151
71 15 11 12 151
71 15 11 12 151
71 15 11 12 151
71 15 12 13 151
71 15 12 13 151
71 15 12 13 151
71 15 12 13 151
71 15 12 13 151
71 15 12 13 151
71 15 12 13 151
71 15 12 13 151
71 15 13 14 151
71 15 13 14 151
71 15 14 15 151
71 15 14 15 151
71 15 15 16 151
71 15 15 16 151
71 15 15 16 151
71 15 16 17 151
71 15 16 17 151
71 15 16 17 151
71 15 16 17 151
71 15 17 18 151
71 15 17 18 151
71 15 18 19 151
71 15 18 19 151
71 15 18 19 151
71 15 19 20 151
71 15 19 20 151
71 15 19 20 151
71 15 20 21 151
71 15 20 21 151
71 15 20 21 151
71 15 21 22 151
71 15 22 23 151
71 15 22 23 151
71 15 22 23 151
71 15 23 24 151
71 15 24 25 151
71 15 25 26 151
71 15 26 27 151
71 15 29 30 151
71 15 30 31 151
71 15 31 32 151
71 15 33 34 151
71 15 35 36 151
71 15 41 42 151
71 15 42 43 151
71 15 43 44 151
71 15 43 44 151
71 15 51 52 151
71 15 52 53 151
71 15 54 55 151
72 15 1 1.01 75
72 15 1 1.01 75
72 15 1 2 75
72 15 1 2 75
72 15 2 3 75
72 15 2 3 75
72 15 3 4 75
72 15 3 4 75
72 15 4 5 75
72 15 5 6 75
72 15 6 7 75
72 15 6 7 75
72 15 6 7 75
72 15 6 7 75
72 15 7 8 75
72 15 7 8 75
72 15 7 8 75
72 15 7 8 75
72 15 7 8 75
72 15 8 9 75
72 15 8 9 75
72 15 8 9 75
72 15 8 9 75
72 15 8 9 75
72 15 9 10 75
72 15 9 10 75
72 15 10 11 75
72 15 10 11 75
72 15 11 12 75
72 15 11 12 75
72 15 12 13 75
72 15 12 13 75
72 15 12 13 75
72 15 13 14 75
72 15 13 14 75
72 15 13 14 75
72 15 13 14 75
72 15 13 14 75
72 15 13 14 75
72 15 13 14 75
72 15 14 15 75
72 15 14 15 75
72 15 14 15 75
72 15 14 15 75
72 15 14 15 75
72 15 14 15 75
72 15 14 15 75
72 15 15 16 75
72 15 15 16 75
72 15 15 16 75
72 15 15 16 75
72 15 15 16 75
72 15 15 16 75
72 15 16 17 75
72 15 16 17 75
72 15 17 18 75
72 15 17 18 75
72 15 18 19 75
72 15 18 19 75
72 15 18 19 75
72 15 19 20 75
72 15 19 20 75
72 15 23 24 75
72 15 23 24 75
72 15 23 24 75
72 15 24 25 75
72 15 24 25 75
72 15 24 25 75
72 15 25 26 75
72 15 25 26 75
72 15 25 26 75
72 15 25 26 75
72 15 26 27 75
72 15 26 27 75
72 15 26 27 75
73 15 1 1.01 124
73 15 1 2 124
73 15 3 4 124
73 15 4 5 124
73 15 5 6 124
73 15 5 6 124
73 15 6 7 124
73 15 6 7 124
73 15 6 7 124
73 15 6 7 124
73 15 6 7 124
73 15 6 7 124
73 15 6 7 124
73 15 6 7 124
73 15 7 8 124
73 15 7 8 124
73 15 7 8 124
73 15 7 8 124
73 15 7 8 124
73 15 7 8 124
73 15 7 8 124
73 15 8 9 124
73 15 8 9 124
73 15 8 9 124
73 15 8 9 124
73 15 8 9 124
73 15 8 9 124
73 15 9 10 124
73 15 9 10 124
73 15 9 10 124
73 15 9 10 124
73 15 9 10 124
73 15 9 10 124
73 15 9 10 124
73 15 9 10 124
73 15 9 10 124
73 15 9 10 124
73 15 10 11 124
73 15 10 11 124
73 15 10 11 124
73 15 10 11 124
73 15 10 11 124
73 15 10 11 124
73 15 10 11 124
73 15 10 11 124
73 15 10 11 124
73 15 10 11 124
73 15 10 11 124
73 15 11 12 124
73 15 11 12 124
73 15 11 12 124
73 15 11 12 124
73 15 11 12 124
73 15 11 12 124
73 15 11 12 124
73 15 11 12 124
73 15 11 12 124
73 15 11 12 124
73 15 12 13 124
73 15 12 13 124
73 15 12 13 124
73 15 12 13 124
73 15 12 13 124
73 15 12 13 124
73 15 12 13 124
73 15 12 13 124
73 15 12 13 124
73 15 12 13 124
73 15 12 13 124
73 15 13 14 124
73 15 13 14 124
73 15 13 14 124
73 15 13 14 124
73 15 14 15 124
73 15 14 15 124
73 15 14 15 124
73 15 15 16 124
73 15 15 16 124
73 15 15 16 124
73 15 16 17 124
73 15 16 17 124
73 15 16 17 124
73 15 16 17 124
73 15 16 17 124
73 15 16 17 124
73 15 17 18 124
73 15 17 18 124
73 15 17 18 124
73 15 17 18 124
73 15 17 18 124
73 15 17 18 124
73 15 17 18 124
73 15 18 19 124
73 15 18 19 124
73 15 18 19 124
73 15 18 19 124
73 15 18 19 124
73 15 18 19 124
73 15 19 20 124
73 15 19 20 124
73 15 19 20 124
73 15 19 20 124
73 15 19 20 124
73 15 19 20 124
73 15 19 20 124
73 15 20 21 124
73 15 20 21 124
73 15 21 22 124
73 15 21 22 124
73 15 22 23 124
73 15 22 23 124
73 15 23 24 124
73 15 23 24 124
73 15 24 25 124
73 15 24 25 124
73 15 24 25 124
73 15 25 26 124
73 15 25 26 124
73 15 26 27 124
73 15 26 27 124
73 15 27 28 124
73 15 27 28 124
73 15 28 29 124
73 15 32 33 124
74 15 1 1.01 70
74 15 1 1.01 70
74 15 1 1.01 70
74 15 1 1.01 70
74 15 1 2 70
74 15 1 2 70
74 15 1 2 70
74 15 1 2 70
74 15 1 2 70
74 15 2 3 70
74 15 2 3 70
74 15 2 3 70
74 15 2 3 70
74 15 3 4 70
74 15 3 4 70
74 15 3 4 70
74 15 3 4 70
74 15 4 5 70
74 15 4 5 70
74 15 4 5 70
74 15 4 5 70
74 15 5 6 70
74 15 5 6 70
74 15 5 6 70
74 15 5 6 70
74 15 5 6 70
74 15 6 7 70
74 15 6 7 70
74 15 6 7 70
74 15 7 8 70
74 15 7 8 70
74 15 7 8 70
74 15 8 9 70
74 15 9 10 70
74 15 9 10 70
74 15 9 10 70
74 15 9 10 70
74 15 9 10 70
74 15 10 11 70
74 15 10 11 70
74 15 10 11 70
74 15 10 11 70
74 15 10 11 70
74 15 11 12 70
74 15 11 12 70
74 15 11 12 70
74 15 11 12 70
74 15 11 12 70
74 15 12 13 70
74 15 12 13 70
74 15 12 13 70
74 15 12 13 70
74 15 13 14 70
74 15 13 14 70
74 15 14 15 70
74 15 14 15 70
74 15 15 16 70
74 15 16 17 70
74 15 16 17 70
74 15 17 18 70
74 15 18 19 70
74 15 18 19 70
74 15 19 20 70
74 15 23 24 70
74 15 23 24 70
74 15 24 25 70
74 15 25 26 70
74 15 25 26 70
74 15 26 27 70
74 15 26 27 70
75 15 4 5 20
75 15 6 7 20
75 15 8 9 20
75 15 9 10 20
75 15 9 10 20
75 15 12 13 20
75 15 12 13 20
75 15 14 15 20
75 15 16 17 20
75 15 16 17 20
75 15 16 17 20
75 15 17 18 20
75 15 17 18 20
75 15 17 18 20
75 15 17 18 20
75 15 18 19 20
75 15 18 19 20
75 15 19 20 20
75 15 19 20 20
75 15 19 20 20
76 15 6 7 72
76 15 6 7 72
76 15 6 7 72
76 15 6 7 72
76 15 6 7 72
76 15 7 8 72
76 15 7 8 72
76 15 7 8 72
76 15 7 8 72
76 15 8 9 72
76 15 8 9 72
76 15 8 9 72
76 15 8 9 72
76 15 8 9 72
76 15 9 10 72
76 15 9 10 72
76 15 9 10 72
76 15 9 10 72
76 15 9 10 72
76 15 9 10 72
76 15 10 11 72
76 15 10 11 72
76 15 10 11 72
76 15 10 11 72
76 15 10 11 72
76 15 10 11 72
76 15 11 12 72
76 15 11 12 72
76 15 11 12 72
76 15 11 12 72
76 15 11 12 72
76 15 12 13 72
76 15 12 13 72
76 15 12 13 72
76 15 12 13 72
76 15 12 13 72
76 15 12 13 72
76 15 12 13 72
76 15 13 14 72
76 15 16 17 72
76 15 16 17 72
76 15 16 17 72
76 15 16 17 72
76 15 16 17 72
76 15 17 18 72
76 15 17 18 72
76 15 17 18 72
76 15 17 18 72
76 15 18 19 72
76 15 18 19 72
76 15 18 19 72
76 15 18 19 72
76 15 18 19 72
76 15 19 20 72
76 15 19 20 72
76 15 19 20 72
76 15 19 20 72
76 15 23 24 72
76 15 23 24 72
76 15 24 25 72
76 15 24 25 72
76 15 24 25 72
76 15 25 26 72
76 15 25 26 72
76 15 26 27 72
76 15 26 27 72
76 15 28 29 72
76 15 29 30 72
76 15 31 32 72
76 15 32 33 72
76 15 33 34 72
76 15 33 34 72
77 15 1 1.01 102
77 15 1 1.01 102
77 15 1 1.01 102
77 15 1 1.01 102
77 15 1 2 102
77 15 1 2 102
77 15 1 2 102
77 15 1 2 102
77 15 2 3 102
77 15 2 3 102
77 15 2 3 102
77 15 2 3 102
77 15 3 4 102
77 15 3 4 102
77 15 3 4 102
77 15 4 5 102
77 15 4 5 102
77 15 4 5 102
77 15 4 5 102
77 15 5 6 102
77 15 5 6 102
77 15 5 6 102
77 15 5 6 102
77 15 6 7 102
77 15 6 7 102
77 15 6 7 102
77 15 6 7 102
77 15 7 8 102
77 15 7 8 102
77 15 7 8 102
77 15 7 8 102
77 15 8 9 102
77 15 8 9 102
77 15 8 9 102
77 15 9 10 102
77 15 9 10 102
77 15 9 10 102
77 15 9 10 102
77 15 9 10 102
77 15 9 10 102
77 15 9 10 102
77 15 9 10 102
77 15 9 10 102
77 15 10 11 102
77 15 10 11 102
77 15 10 11 102
77 15 10 11 102
77 15 10 11 102
77 15 10 11 102
77 15 10 11 102
77 15 10 11 102
77 15 10 11 102
77 15 11 12 102
77 15 11 12 102
77 15 11 12 102
77 15 11 12 102
77 15 11 12 102
77 15 11 12 102
77 15 11 12 102
77 15 11 12 102
77 15 11 12 102
77 15 12 13 102
77 15 12 13 102
77 15 12 13 102
77 15 12 13 102
77 15 12 13 102
77 15 12 13 102
77 15 12 13 102
77 15 12 13 102
77 15 12 13 102
77 15 12 13 102
77 15 16 17 102
77 15 16 17 102
77 15 16 17 102
77 15 16 17 102
77 15 16 17 102
77 15 17 18 102
77 15 17 18 102
77 15 17 18 102
77 15 17 18 102
77 15 17 18 102
77 15 18 19 102
77 15 18 19 102
77 15 18 19 102
77 15 18 19 102
77 15 18 19 102
77 15 19 20 102
77 15 19 20 102
77 15 19 20 102
77 15 23 24 102
77 15 23 24 102
77 15 23 24 102
77 15 24 25 102
77 15 24 25 102
77 15 24 25 102
77 15 25 26 102
77 15 25 26 102
77 15 26 27 102
77 15 26 27 102
77 15 34 35 102
77 15 35 36 102
77 15 35 36 102
78 15 6 7 70
78 15 9 10 70
78 15 9 10 70
78 15 9 10 70
78 15 10 11 70
78 15 10 11 70
78 15 10 11 70
78 15 11 12 70
78 15 11 12 70
78 15 11 12 70
78 15 11 12 70
78 15 12 13 70
78 15 12 13 70
78 15 12 13 70
78 15 12 13 70
78 15 13 14 70
78 15 13 14 70
78 15 13 14 70
78 15 13 14 70
78 15 13 14 70
78 15 13 14 70
78 15 13 14 70
78 15 14 15 70
78 15 14 15 70
78 15 14 15 70
78 15 14 15 70
78 15 14 15 70
78 15 14 15 70
78 15 14 15 70
78 15 15 16 70
78 15 15 16 70
78 15 15 16 70
78 15 15 16 70
78 15 15 16 70
78 15 15 16 70
78 15 15 16 70
78 15 16 17 70
78 15 16 17 70
78 15 17 18 70
78 15 17 18 70
78 15 18 19 70
78 15 18 19 70
78 15 18 19 70
78 15 19 20 70
78 15 19 20 70
78 15 19 20 70
78 15 20 21 70
78 15 21 22 70
78 15 23 24 70
78 15 23 24 70
78 15 24 25 70
78 15 25 26 70
78 15 25 26 70
78 15 25 26 70
78 15 26 27 70
78 15 26 27 70
78 15 26 27 70
78 15 27 28 70
78 15 29 30 70
78 15 29 30 70
78 15 30 31 70
78 15 30 31 70
78 15 31 32 70
78 15 31 32 70
78 15 32 33 70
78 15 33 34 70
78 15 37 38 70
78 15 39 40 70
78 15 45 46 70
78 15 52 53 70
79 15 2 3 48
79 15 4 5 48
79 15 6 7 48
79 15 8 9 48
79 15 9 10 48
79 15 10 11 48
79 15 10 11 48
79 15 11 12 48
79 15 12 13 48
79 15 12 13 48
79 15 14 15 48
79 15 15 16 48
79 15 15 16 48
79 15 16 17 48
79 15 16 17 48
79 15 16 17 48
79 15 17 18 48
79 15 17 18 48
79 15 18 19 48
79 15 18 19 48
79 15 19 20 48
79 15 19 20 48
79 15 19 20 48
79 15 20 21 48
79 15 20 21 48
79 15 21 22 48
79 15 21 22 48
79 15 22 23 48
79 15 22 23 48
79 15 22 23 48
79 15 23 24 48
79 15 23 24 48
79 15 24 25 48
79 15 24 25 48
79 15 25 26 48
79 15 25 26 48
79 15 26 27 48
79 15 26 27 48
79 15 26 27 48
79 15 29 30 48
79 15 30 31 48
79 15 31 32 48
79 15 33 34 48
79 15 34 35 48
79 15 37 38 48
79 15 39 40 48
79 15 40 41 48
79 15 49 50 48
80 15 1 1.01 58
80 15 1 1.01 58
80 15 1 1.01 58
80 15 1 1.01 58
80 15 1 2 58
80 15 1 2 58
80 15 1 2 58
80 15 1 2 58
80 15 2 3 58
80 15 2 3 58
80 15 2 3 58
80 15 3 4 58
80 15 3 4 58
80 15 3 4 58
80 15 3 4 58
80 15 4 5 58
80 15 4 5 58
80 15 4 5 58
80 15 4 5 58
80 15 5 6 58
80 15 5 6 58
80 15 5 6 58
80 15 5 6 58
80 15 6 7 58
80 15 6 7 58
80 15 7 8 58
80 15 7 8 58
80 15 7 8 58
80 15 8 9 58
80 15 8 9 58
80 15 8 9 58
80 15 9 10 58
80 15 9 10 58
80 15 9 10 58
80 15 9 10 58
80 15 9 10 58
80 15 9 10 58
80 15 10 11 58
80 15 10 11 58
80 15 10 11 58
80 15 10 11 58
80 15 10 11 58
80 15 10 11 58
80 15 10 11 58
80 15 11 12 58
80 15 11 12 58
80 15 11 12 58
80 15 11 12 58
80 15 11 12 58
80 15 11 12 58
80 15 11 12 58
80 15 12 13 58
80 15 12 13 58
80 15 12 13 58
80 15 12 13 58
80 15 12 13 58
80 15 12 13 58
80 15 12 13 58
81 15 1 1.01 98
81 15 1 1.01 98
81 15 1 1.01 98
81 15 1 1.01 98
81 15 1 2 98
81 15 1 2 98
81 15 1 2 98
81 15 1 2 98
81 15 2 3 98
81 15 2 3 98
81 15 2 3 98
81 15 2 3 98
81 15 3 4 98
81 15 3 4 98
81 15 3 4 98
81 15 3 4 98
81 15 3 4 98
81 15 4 5 98
81 15 4 5 98
81 15 4 5 98
81 15 4 5 98
81 15 4 5 98
81 15 4 5 98
81 15 4 5 98
81 15 5 6 98
81 15 5 6 98
81 15 5 6 98
81 15 5 6 98
81 15 5 6 98
81 15 5 6 98
81 15 6 7 98
81 15 6 7 98
81 15 6 7 98
81 15 6 7 98
81 15 6 7 98
81 15 6 7 98
81 15 7 8 98
81 15 7 8 98
81 15 7 8 98
81 15 7 8 98
81 15 7 8 98
81 15 8 9 98
81 15 8 9 98
81 15 9 10 98
81 15 9 10 98
81 15 10 11 98
81 15 10 11 98
81 15 10 11 98
81 15 11 12 98
81 15 11 12 98
81 15 11 12 98
81 15 11 12 98
81 15 11 12 98
81 15 11 12 98
81 15 12 13 98
81 15 12 13 98
81 15 12 13 98
81 15 12 13 98
81 15 12 13 98
81 15 13 14 98
81 15 13 14 98
81 15 13 14 98
81 15 13 14 98
81 15 13 14 98
81 15 13 14 98
81 15 14 15 98
81 15 14 15 98
81 15 14 15 98
81 15 14 15 98
81 15 14 15 98
81 15 14 15 98
81 15 15 16 98
81 15 15 16 98
81 15 15 16 98
81 15 15 16 98
81 15 16 17 98
81 15 16 17 98
81 15 17 18 98
81 15 17 18 98
81 15 17 18 98
81 15 17 18 98
81 15 18 19 98
81 15 18 19 98
81 15 19 20 98
81 15 19 20 98
81 15 20 21 98
81 15 20 21 98
81 15 21 22 98
81 15 22 23 98
81 15 23 24 98
81 15 25 26 98
81 15 25 26 98
81 15 26 27 98
81 15 27 28 98
81 15 27 28 98
81 15 28 29 98
81 15 33 34 98
81 15 35 36 98
82 15 1 1.01 115
82 15 1 1.01 115
82 15 1 1.01 115
82 15 1 1.01 115
82 15 1 1.01 115
82 15 1 2 115
82 15 1 2 115
82 15 1 2 115
82 15 1 2 115
82 15 2 3 115
82 15 2 3 115
82 15 2 3 115
82 15 2 3 115
82 15 2 3 115
82 15 3 4 115
82 15 3 4 115
82 15 3 4 115
82 15 3 4 115
82 15 4 5 115
82 15 4 5 115
82 15 4 5 115
82 15 4 5 115
82 15 4 5 115
82 15 4 5 115
82 15 4 5 115
82 15 4 5 115
82 15 5 6 115
82 15 5 6 115
82 15 5 6 115
82 15 5 6 115
82 15 5 6 115
82 15 5 6 115
82 15 5 6 115
82 15 6 7 115
82 15 6 7 115
82 15 6 7 115
82 15 6 7 115
82 15 6 7 115
82 15 6 7 115
82 15 7 8 115
82 15 7 8 115
82 15 7 8 115
82 15 7 8 115
82 15 7 8 115
82 15 7 8 115
82 15 7 8 115
82 15 8 9 115
82 15 8 9 115
82 15 8 9 115
82 15 8 9 115
82 15 8 9 115
82 15 9 10 115
82 15 9 10 115
82 15 9 10 115
82 15 9 10 115
82 15 9 10 115
82 15 10 11 115
82 15 10 11 115
82 15 10 11 115
82 15 10 11 115
82 15 10 11 115
82 15 11 12 115
82 15 11 12 115
82 15 11 12 115
82 15 11 12 115
82 15 12 13 115
82 15 12 13 115
82 15 12 13 115
82 15 13 14 115
82 15 13 14 115
82 15 14 15 115
82 15 14 15 115
82 15 14 15 115
82 15 15 16 115
82 15 15 16 115
82 15 15 16 115
82 15 15 16 115
82 15 15 16 115
82 15 16 17 115
82 15 16 17 115
82 15 16 17 115
82 15 16 17 115
82 15 17 18 115
82 15 17 18 115
82 15 17 18 115
82 15 17 18 115
82 15 17 18 115
82 15 18 19 115
82 15 18 19 115
82 15 19 20 115
82 15 20 21 115
82 15 20 21 115
82 15 20 21 115
82 15 21 22 115
82 15 21 22 115
82 15 22 23 115
82 15 22 23 115
82 15 22 23 115
82 15 23 24 115
82 15 24 25 115
82 15 24 25 115
82 15 25 26 115
82 15 25 26 115
82 15 26 27 115
82 15 27 28 115
82 15 28 29 115
82 15 28 29 115
82 15 29 30 115
82 15 29 30 115
82 15 30 31 115
82 15 30 31 115
82 15 30 31 115
82 15 31 32 115
82 15 32 33 115
82 15 34 35 115
83 15 1 1.01 107
83 15 1 1.01 107
83 15 1 1.01 107
83 15 1 2 107
83 15 1 2 107
83 15 1 2 107
83 15 2 3 107
83 15 2 3 107
83 15 2 3 107
83 15 3 4 107
83 15 3 4 107
83 15 3 4 107
83 15 3 4 107
83 15 4 5 107
83 15 4 5 107
83 15 4 5 107
83 15 4 5 107
83 15 4 5 107
83 15 4 5 107
83 15 4 5 107
83 15 4 5 107
83 15 4 5 107
83 15 5 6 107
83 15 5 6 107
83 15 5 6 107
83 15 5 6 107
83 15 5 6 107
83 15 5 6 107
83 15 5 6 107
83 15 5 6 107
83 15 5 6 107
83 15 6 7 107
83 15 6 7 107
83 15 6 7 107
83 15 6 7 107
83 15 6 7 107
83 15 6 7 107
83 15 6 7 107
83 15 6 7 107
83 15 6 7 107
83 15 6 7 107
83 15 7 8 107
83 15 7 8 107
83 15 7 8 107
83 15 7 8 107
83 15 7 8 107
83 15 7 8 107
83 15 7 8 107
83 15 7 8 107
83 15 7 8 107
83 15 7 8 107
83 15 8 9 107
83 15 8 9 107
83 15 8 9 107
83 15 9 10 107
83 15 9 10 107
83 15 9 10 107
83 15 10 11 107
83 15 10 11 107
83 15 10 11 107
83 15 11 12 107
83 15 11 12 107
83 15 11 12 107
83 15 11 12 107
83 15 11 12 107
83 15 11 12 107
83 15 12 13 107
83 15 12 13 107
83 15 12 13 107
83 15 12 13 107
83 15 12 13 107
83 15 13 14 107
83 15 13 14 107
83 15 13 14 107
83 15 13 14 107
83 15 14 15 107
83 15 14 15 107
83 15 14 15 107
83 15 14 15 107
83 15 14 15 107
83 15 15 16 107
83 15 15 16 107
83 15 15 16 107
83 15 15 16 107
83 15 15 16 107
83 15 16 17 107
83 15 16 17 107
83 15 16 17 107
83 15 16 17 107
83 15 17 18 107
83 15 17 18 107
83 15 17 18 107
83 15 17 18 107
83 15 17 18 107
83 15 17 18 107
83 15 18 19 107
83 15 19 20 107
83 15 19 20 107
83 15 20 21 107
83 15 20 21 107
83 15 21 22 107
83 15 28 29 107
83 15 29 30 107
83 15 29 30 107
83 15 30 31 107
83 15 31 32 107
83 15 31 32 107
84 15 1 1.01 92
84 15 1 2 92
84 15 1 2 92
84 15 3 4 92
84 15 4 5 92
84 15 4 5 92
84 15 4 5 92
84 15 4 5 92
84 15 4 5 92
84 15 5 6 92
84 15 5 6 92
84 15 5 6 92
84 15 5 6 92
84 15 5 6 92
84 15 5 6 92
84 15 6 7 92
84 15 6 7 92
84 15 6 7 92
84 15 6 7 92
84 15 6 7 92
84 15 6 7 92
84 15 7 8 92
84 15 7 8 92
84 15 7 8 92
84 15 7 8 92
84 15 7 8 92
84 15 7 8 92
84 15 8 9 92
84 15 8 9 92
84 15 8 9 92
84 15 9 10 92
84 15 9 10 92
84 15 9 10 92
84 15 9 10 92
84 15 10 11 92
84 15 10 11 92
84 15 10 11 92
84 15 10 11 92
84 15 11 12 92
84 15 11 12 92
84 15 11 12 92
84 15 11 12 92
84 15 11 12 92
84 15 12 13 92
84 15 12 13 92
84 15 12 13 92
84 15 12 13 92
84 15 12 13 92
84 15 13 14 92
84 15 13 14 92
84 15 13 14 92
84 15 13 14 92
84 15 13 14 92
84 15 14 15 92
84 15 14 15 92
84 15 14 15 92
84 15 14 15 92
84 15 15 16 92
84 15 15 16 92
84 15 16 17 92
84 15 16 17 92
84 15 16 17 92
84 15 17 18 92
84 15 17 18 92
84 15 17 18 92
84 15 18 19 92
84 15 18 19 92
84 15 19 20 92
84 15 19 20 92
84 15 19 20 92
84 15 20 21 92
84 15 20 21 92
84 15 21 22 92
84 15 21 22 92
84 15 22 23 92
84 15 24 25 92
84 15 25 26 92
84 15 25 26 92
84 15 25 26 92
84 15 26 27 92
84 15 27 28 92
84 15 27 28 92
84 15 28 29 92
84 15 28 29 92
84 15 29 30 92
84 15 32 33 92
84 15 34 35 92
84 15 35 36 92
84 15 36 37 92
84 15 37 38 92
84 15 39 40 92
84 15 42 43 92
85 15 9 10 66
85 15 11 12 66
85 15 11 12 66
85 15 11 12 66
85 15 11 12 66
85 15 11 12 66
85 15 12 13 66
85 15 12 13 66
85 15 12 13 66
85 15 12 13 66
85 15 13 14 66
85 15 13 14 66
85 15 13 14 66
85 15 13 14 66
85 15 13 14 66
85 15 14 15 66
85 15 14 15 66
85 15 14 15 66
85 15 14 15 66
85 15 15 16 66
85 15 15 16 66
85 15 16 17 66
85 15 16 17 66
85 15 16 17 66
85 15 17 18 66
85 15 17 18 66
85 15 18 19 66
85 15 18 19 66
85 15 18 19 66
85 15 18 19 66
85 15 19 20 66
85 15 19 20 66
85 15 19 20 66
85 15 19 20 66
85 15 19 20 66
85 15 20 21 66
85 15 20 21 66
85 15 20 21 66
85 15 20 21 66
85 15 21 22 66
85 15 21 22 66
85 15 21 22 66
85 15 21 22 66
85 15 23 24 66
85 15 24 25 66
85 15 25 26 66
85 15 26 27 66
85 15 27 28 66
85 15 28 29 66
85 15 29 30 66
85 15 29 30 66
85 15 30 31 66
85 15 30 31 66
85 15 30 31 66
85 15 31 32 66
85 15 31 32 66
85 15 31 32 66
85 15 33 34 66
85 15 34 35 66
85 15 35 36 66
85 15 36 37 66
85 15 36 37 66
85 15 37 38 66
85 15 38 39 66
85 15 38 39 66
85 15 40 41 66
86 15 4 5 53
86 15 4 5 53
86 15 5 6 53
86 15 5 6 53
86 15 6 7 53
86 15 6 7 53
86 15 7 8 53
86 15 7 8 53
86 15 11 12 53
86 15 11 12 53
86 15 11 12 53
86 15 11 12 53
86 15 11 12 53
86 15 12 13 53
86 15 12 13 53
86 15 12 13 53
86 15 12 13 53
86 15 12 13 53
86 15 13 14 53
86 15 13 14 53
86 15 13 14 53
86 15 13 14 53
86 15 14 15 53
86 15 14 15 53
86 15 14 15 53
86 15 14 15 53
86 15 14 15 53
86 15 14 15 53
86 15 16 17 53
86 15 17 18 53
86 15 18 19 53
86 15 18 19 53
86 15 18 19 53
86 15 19 20 53
86 15 19 20 53
86 15 19 20 53
86 15 20 21 53
86 15 20 21 53
86 15 20 21 53
86 15 21 22 53
86 15 21 22 53
86 15 23 24 53
86 15 25 26 53
86 15 26 27 53
86 15 28 29 53
86 15 32 33 53
86 15 34 35 53
86 15 35 36 53
86 15 35 36 53
86 15 36 37 53
86 15 37 38 53
86 15 38 39 53
86 15 39 40 53
87 15 1 1.01 41
87 15 1 2 41
87 15 1 2 41
87 15 2 3 41
87 15 2 3 41
87 15 3 4 41
87 15 5 6 41
87 15 6 7 41
87 15 11 12 41
87 15 11 12 41
87 15 11 12 41
87 15 11 12 41
87 15 12 13 41
87 15 12 13 41
87 15 12 13 41
87 15 13 14 41
87 15 13 14 41
87 15 13 14 41
87 15 13 14 41
87 15 14 15 41
87 15 14 15 41
87 15 14 15 41
87 15 14 15 41
87 15 18 19 41
87 15 18 19 41
87 15 18 19 41
87 15 19 20 41
87 15 19 20 41
87 15 19 20 41
87 15 20 21 41
87 15 20 21 41
87 15 20 21 41
87 15 21 22 41
87 15 21 22 41
87 15 23 24 41
87 15 25 26 41
87 15 26 27 41
87 15 28 29 41
87 15 28 29 41
87 15 29 30 41
87 15 31 32 41
88 15 1 1.01 81
88 15 4 5 81
88 15 4 5 81
88 15 4 5 81
88 15 4 5 81
88 15 4 5 81
88 15 4 5 81
88 15 4 5 81
88 15 5 6 81
88 15 5 6 81
88 15 5 6 81
88 15 5 6 81
88 15 5 6 81
88 15 5 6 81
88 15 5 6 81
88 15 6 7 81
88 15 6 7 81
88 15 6 7 81
88 15 6 7 81
88 15 6 7 81
88 15 6 7 81
88 15 6 7 81
88 15 7 8 81
88 15 7 8 81
88 15 7 8 81
88 15 7 8 81
88 15 7 8 81
88 15 7 8 81
88 15 7 8 81
88 15 7 8 81
88 15 11 12 81
88 15 11 12 81
88 15 11 12 81
88 15 11 12 81
88 15 11 12 81
88 15 11 12 81
88 15 11 12 81
88 15 11 12 81
88 15 11 12 81
88 15 11 12 81
88 15 12 13 81
88 15 12 13 81
88 15 12 13 81
88 15 12 13 81
88 15 12 13 81
88 15 12 13 81
88 15 12 13 81
88 15 12 13 81
88 15 12 13 81
88 15 13 14 81
88 15 13 14 81
88 15 13 14 81
88 15 13 14 81
88 15 13 14 81
88 15 13 14 81
88 15 13 14 81
88 15 13 14 81
88 15 13 14 81
88 15 13 14 81
88 15 14 15 81
88 15 14 15 81
88 15 14 15 81
88 15 14 15 81
88 15 14 15 81
88 15 14 15 81
88 15 14 15 81
88 15 14 15 81
88 15 15 16 81
88 15 16 17 81
88 15 16 17 81
88 15 17 18 81
88 15 17 18 81
88 15 17 18 81
88 15 18 19 81
88 15 18 19 81
88 15 19 20 81
88 15 19 20 81
88 15 20 21 81
88 15 20 21 81
88 15 21 22 81
88 15 25 26 81
89 15 1 1.01 35
89 15 1 2 35
89 15 2 3 35
89 15 3 4 35
89 15 3 4 35
89 15 4 5 35
89 15 4 5 35
89 15 4 5 35
89 15 4 5 35
89 15 4 5 35
89 15 5 6 35
89 15 5 6 35
89 15 5 6 35
89 15 5 6 35
89 15 5 6 35
89 15 5 6 35
89 15 6 7 35
89 15 6 7 35
89 15 6 7 35
89 15 6 7 35
89 15 6 7 35
89 15 6 7 35
89 15 6 7 35
89 15 7 8 35
89 15 7 8 35
89 15 7 8 35
89 15 7 8 35
89 15 7 8 35
89 15 7 8 35
89 15 7 8 35
89 15 8 9 35
89 15 9 10 35
89 15 9 10 35
89 15 10 11 35
89 15 15 16 35
90 15 3 4 42
90 15 7 8 42
90 15 9 10 42
90 15 10 11 42
90 15 10 11 42
90 15 10 11 42
90 15 10 11 42
90 15 11 12 42
90 15 11 12 42
90 15 11 12 42
90 15 12 13 42
90 15 12 13 42
90 15 12 13 42
90 15 13 14 42
90 15 13 14 42
90 15 13 14 42
90 15 17 18 42
90 15 17 18 42
90 15 18 19 42
90 15 18 19 42
90 15 18 19 42
90 15 18 19 42
90 15 19 20 42
90 15 19 20 42
90 15 19 20 42
90 15 20 21 42
90 15 20 21 42
90 15 20 21 42
90 15 20 21 42
90 15 21 22 42
90 15 22 23 42
90 15 22 23 42
90 15 23 24 42
90 15 24 25 42
90 15 25 26 42
90 15 25 26 42
90 15 26 27 42
90 15 27 28 42
90 15 27 28 42
90 15 29 30 42
90 15 29 30 42
90 15 30 31 42
91 15 44 45 8
91 15 45 46 8
91 15 46 47 8
91 15 49 50 8
91 15 51 52 8
91 15 52 53 8
91 15 53 54 8
91 15 54 55 8
92 15 1 1.01 114
92 15 1 1.01 114
92 15 1 1.01 114
92 15 1 1.01 114
92 15 1 2 114
92 15 1 2 114
92 15 1 2 114
92 15 1 2 114
92 15 2 3 114
92 15 2 3 114
92 15 2 3 114
92 15 3 4 114
92 15 3 4 114
92 15 3 4 114
92 15 3 4 114
92 15 4 5 114
92 15 4 5 114
92 15 4 5 114
92 15 4 5 114
92 15 5 6 114
92 15 5 6 114
92 15 5 6 114
92 15 5 6 114
92 15 6 7 114
92 15 6 7 114
92 15 6 7 114
92 15 7 8 114
92 15 7 8 114
92 15 7 8 114
92 15 7 8 114
92 15 7 8 114
92 15 7 8 114
92 15 7 8 114
92 15 7 8 114
92 15 7 8 114
92 15 7 8 114
92 15 8 9 114
92 15 8 9 114
92 15 8 9 114
92 15 8 9 114
92 15 8 9 114
92 15 8 9 114
92 15 8 9 114
92 15 8 9 114
92 15 8 9 114
92 15 9 10 114
92 15 9 10 114
92 15 9 10 114
92 15 9 10 114
92 15 9 10 114
92 15 9 10 114
92 15 9 10 114
92 15 9 10 114
92 15 9 10 114
92 15 10 11 114
92 15 10 11 114
92 15 10 11 114
92 15 10 11 114
92 15 10 11 114
92 15 11 12 114
92 15 11 12 114
92 15 11 12 114
92 15 11 12 114
92 15 11 12 114
92 15 12 13 114
92 15 12 13 114
92 15 12 13 114
92 15 12 13 114
92 15 12 13 114
92 15 12 13 114
92 15 13 14 114
92 15 13 14 114
92 15 13 14 114
92 15 13 14 114
92 15 14 15 114
92 15 14 15 114
92 15 14 15 114
92 15 14 15 114
92 15 14 15 114
92 15 15 16 114
92 15 15 16 114
92 15 15 16 114
92 15 15 16 114
92 15 15 16 114
92 15 16 17 114
92 15 16 17 114
92 15 16 17 114
92 15 16 17 114
92 15 16 17 114
92 15 17 18 114
92 15 17 18 114
92 15 18 19 114
92 15 18 19 114
92 15 18 19 114
92 15 19 20 114
92 15 19 20 114
92 15 20 21 114
92 15 20 21 114
92 15 20 21 114
92 15 21 22 114
92 15 22 23 114
92 15 23 24 114
92 15 24 25 114
92 15 25 26 114
92 15 26 27 114
92 15 26 27 114
92 15 27 28 114
92 15 27 28 114
92 15 31 32 114
92 15 34 35 114
92 15 36 37 114
92 15 38 39 114
92 15 39 40 114
92 15 48 49 114
93 15 1 1.01 66
93 15 1 1.01 66
93 15 1 1.01 66
93 15 1 1.01 66
93 15 1 2 66
93 15 1 2 66
93 15 1 2 66
93 15 1 2 66
93 15 1 2 66
93 15 2 3 66
93 15 2 3 66
93 15 2 3 66
93 15 2 3 66
93 15 2 3 66
93 15 3 4 66
93 15 3 4 66
93 15 3 4 66
93 15 3 4 66
93 15 3 4 66
93 15 4 5 66
93 15 4 5 66
93 15 4 5 66
93 15 4 5 66
93 15 4 5 66
93 15 5 6 66
93 15 5 6 66
93 15 5 6 66
93 15 5 6 66
93 15 5 6 66
93 15 6 7 66
93 15 6 7 66
93 15 6 7 66
93 15 6 7 66
93 15 7 8 66
93 15 7 8 66
93 15 7 8 66
93 15 7 8 66
93 15 7 8 66
93 15 8 9 66
93 15 8 9 66
93 15 8 9 66
93 15 8 9 66
93 15 8 9 66
93 15 13 14 66
93 15 16 17 66
93 15 16 17 66
93 15 17 18 66
93 15 18 19 66
93 15 18 19 66
93 15 19 20 66
93 15 19 20 66
93 15 20 21 66
93 15 20 21 66
93 15 21 22 66
93 15 22 23 66
93 15 22 23 66
93 15 25 26 66
93 15 27 28 66
93 15 28 29 66
93 15 29 30 66
93 15 30 31 66
93 15 31 32 66
93 15 32 33 66
93 15 34 35 66
93 15 34 35 66
93 15 35 36 66
94 15 1 1.01 71
94 15 1 1.01 71
94 15 1 1.01 71
94 15 1 1.01 71
94 15 1 1.01 71
94 15 1 1.01 71
94 15 1 2 71
94 15 1 2 71
94 15 1 2 71
94 15 1 2 71
94 15 1 2 71
94 15 1 2 71
94 15 2 3 71
94 15 2 3 71
94 15 2 3 71
94 15 2 3 71
94 15 3 4 71
94 15 3 4 71
94 15 3 4 71
94 15 3 4 71
94 15 3 4 71
94 15 3 4 71
94 15 4 5 71
94 15 4 5 71
94 15 4 5 71
94 15 4 5 71
94 15 4 5 71
94 15 5 6 71
94 15 5 6 71
94 15 5 6 71
94 15 5 6 71
94 15 5 6 71
94 15 5 6 71
94 15 6 7 71
94 15 6 7 71
94 15 7 8 71
94 15 7 8 71
94 15 8 9 71
94 15 8 9 71
94 15 9 10 71
94 15 9 10 71
94 15 9 10 71
94 15 9 10 71
94 15 9 10 71
94 15 10 11 71
94 15 10 11 71
94 15 10 11 71
94 15 10 11 71
94 15 10 11 71
94 15 10 11 71
94 15 10 11 71
94 15 10 11 71
94 15 10 11 71
94 15 11 12 71
94 15 11 12 71
94 15 11 12 71
94 15 11 12 71
94 15 11 12 71
94 15 11 12 71
94 15 11 12 71
94 15 11 12 71
94 15 11 12 71
94 15 12 13 71
94 15 12 13 71
94 15 12 13 71
94 15 12 13 71
94 15 12 13 71
94 15 12 13 71
94 15 12 13 71
94 15 12 13 71
94 15 12 13 71
95 15 1 1.01 59
95 15 1 1.01 59
95 15 1 1.01 59
95 15 1 2 59
95 15 1 2 59
95 15 1 2 59
95 15 1 2 59
95 15 1 2 59
95 15 2 3 59
95 15 2 3 59
95 15 2 3 59
95 15 2 3 59
95 15 3 4 59
95 15 3 4 59
95 15 3 4 59
95 15 3 4 59
95 15 4 5 59
95 15 4 5 59
95 15 4 5 59
95 15 4 5 59
95 15 4 5 59
95 15 5 6 59
95 15 5 6 59
95 15 5 6 59
95 15 5 6 59
95 15 6 7 59
95 15 6 7 59
95 15 6 7 59
95 15 6 7 59
95 15 7 8 59
95 15 7 8 59
95 15 7 8 59
95 15 8 9 59
95 15 8 9 59
95 15 8 9 59
95 15 9 10 59
95 15 10 11 59
95 15 10 11 59
95 15 11 12 59
95 15 12 13 59
95 15 12 13 59
95 15 13 14 59
95 15 15 16 59
95 15 16 17 59
95 15 16 17 59
95 15 16 17 59
95 15 17 18 59
95 15 17 18 59
95 15 17 18 59
95 15 18 19 59
95 15 18 19 59
95 15 18 19 59
95 15 19 20 59
95 15 23 24 59
95 15 25 26 59
95 15 26 27 59
95 15 27 28 59
95 15 34 35 59
95 15 44 45 59
96 15 1 2 41
96 15 2 3 41
96 15 5 6 41
96 15 6 7 41
96 15 6 7 41
96 15 6 7 41
96 15 7 8 41
96 15 7 8 41
96 15 8 9 41
96 15 8 9 41
96 15 9 10 41
96 15 9 10 41
96 15 10 11 41
96 15 11 12 41
96 15 11 12 41
96 15 12 13 41
96 15 16 17 41
96 15 16 17 41
96 15 17 18 41
96 15 17 18 41
96 15 17 18 41
96 15 17 18 41
96 15 18 19 41
96 15 18 19 41
96 15 18 19 41
96 15 19 20 41
96 15 19 20 41
96 15 19 20 41
96 15 23 24 41
96 15 25 26 41
96 15 27 28 41
96 15 27 28 41
96 15 28 29 41
96 15 29 30 41
96 15 31 32 41
96 15 32 33 41
96 15 34 35 41
96 15 36 37 41
96 15 40 41 41
96 15 41 42 41
96 15 43 44 41
97 15 1 1.01 12
97 15 1 2 12
97 15 1 2 12
97 15 2 3 12
97 15 3 4 12
97 15 5 6 12
97 15 5 6 12
97 15 6 7 12
97 15 6 7 12
97 15 7 8 12
97 15 7 8 12
97 15 7 8 12
98 15 1 1.01 9
98 15 2 3 9
98 15 3 4 9
98 15 4 5 9
98 15 5 6 9
98 15 6 7 9
98 15 7 8 9
98 15 9 10 9
98 15 10 11 9
99 15 5 6 50
99 15 5 6 50
99 15 5 6 50
99 15 6 7 50
99 15 6 7 50
99 15 7 8 50
99 15 7 8 50
99 15 8 9 50
99 15 8 9 50
99 15 8 9 50
99 15 9 10 50
99 15 9 10 50
99 15 10 11 50
99 15 10 11 50
99 15 10 11 50
99 15 11 12 50
99 15 12 13 50
99 15 12 13 50
99 15 13 14 50
99 15 13 14 50
99 15 13 14 50
99 15 14 15 50
99 15 14 15 50
99 15 15 16 50
99 15 16 17 50
99 15 16 17 50
99 15 17 18 50
99 15 17 18 50
99 15 18 19 50
99 15 18 19 50
99 15 20 21 50
99 15 22 23 50
99 15 22 23 50
99 15 23 24 50
99 15 23 24 50
99 15 24 25 50
99 15 25 26 50
99 15 25 26 50
99 15 25 26 50
99 15 26 27 50
99 15 27 28 50
99 15 27 28 50
99 15 28 29 50
99 15 28 29 50
99 15 30 31 50
99 15 31 32 50
99 15 32 33 50
99 15 37 38 50
99 15 38 39 50
99 15 39 40 50
100 20 1 2 233
100 20 1 2 233
100 20 1 2 233
100 20 1 2 233
100 20 1 2 233
100 20 1 2 233
100 20 1 2 233
100 20 1 2 233
100 20 1 2 233
100 20 1 2 233
100 20 1 2 233
100 20 1 2 233
100 20 1 2 233
100 20 1 2 233
100 20 1 2 233
100 20 1 2 233
100 20 1 2 233
100 20 1 2 233
100 20 1 2 233
100 20 1 2 233
100 20 1 2 233
100 20 1 2 233
100 20 1 2 233
100 20 1 2 233
100 20 1 2 233
100 20 1 2 233
100 20 1 2 233
100 20 1 2 233
100 20 1 2 233
100 20 1 2 233
100 20 1 2 233
100 20 1 2 233
100 20 1 2 233
100 20 1 2 233
100 20 1 2 233
100 20 1 2 233
100 20 1 2 233
100 20 1 2 233
100 20 1 2 233
100 20 1 2 233
100 20 1 2 233
100 20 1 2 233
100 20 1 2 233
100 20 1 2 233
100 20 1 2 233
100 20 1 2 233
100 20 1 2 233
100 20 1 2 233
100 20 1 2 233
100 20 1 2 233
100 20 1 2 233
100 20 1 2 233
100 20 1 2 233
100 20 1 2 233
100 20 1 2 233
100 20 1 2 233
100 20 2 3 233
100 20 2 3 233
100 20 2 3 233
100 20 2 3 233
100 20 2 3 233
100 20 2 3 233
100 20 2 3 233
100 20 2 3 233
100 20 2 3 233
100 20 2 3 233
100 20 2 3 233
100 20 2 3 233
100 20 2 3 233
100 20 2 3 233
100 20 2 3 233
100 20 3 4 233
100 20 3 4 233
100 20 3 4 233
100 20 3 4 233
100 20 3 4 233
100 20 3 4 233
100 20 3 4 233
100 20 3 4 233
100 20 3 4 233
100 20 3 4 233
100 20 3 4 233
100 20 3 4 233
100 20 3 4 233
100 20 3 4 233
100 20 3 4 233
100 20 4 5 233
100 20 4 5 233
100 20 4 5 233
100 20 4 5 233
100 20 4 5 233
100 20 4 5 233
100 20 4 5 233
100 20 4 5 233
100 20 4 5 233
100 20 4 5 233
100 20 4 5 233
100 20 4 5 233
100 20 4 5 233
100 20 4 5 233
100 20 4 5 233
100 20 4 5 233
100 20 4 5 233
100 20 4 5 233
100 20 4 5 233
100 20 4 5 233
100 20 5 6 233
100 20 5 6 233
100 20 5 6 233
100 20 5 6 233
100 20 5 6 233
100 20 5 6 233
100 20 5 6 233
100 20 5 6 233
100 20 5 6 233
100 20 5 6 233
100 20 5 6 233
100 20 5 6 233
100 20 5 6 233
100 20 5 6 233
100 20 5 6 233
100 20 5 6 233
100 20 5 6 233
100 20 5 6 233
100 20 5 6 233
100 20 5 6 233
100 20 5 6 233
100 20 6 7 233
100 20 6 7 233
100 20 6 7 233
100 20 6 7 233
100 20 6 7 233
100 20 6 7 233
100 20 6 7 233
100 20 6 7 233
100 20 6 7 233
100 20 6 7 233
100 20 6 7 233
100 20 6 7 233
100 20 6 7 233
100 20 6 7 233
100 20 6 7 233
100 20 6 7 233
100 20 6 7 233
100 20 6 7 233
100 20 6 7 233
100 20 6 7 233
100 20 6 7 233
100 20 7 8 233
100 20 7 8 233
100 20 7 8 233
100 20 7 8 233
100 20 7 8 233
100 20 7 8 233
100 20 7 8 233
100 20 7 8 233
100 20 7 8 233
100 20 7 8 233
100 20 7 8 233
100 20 7 8 233
100 20 7 8 233
100 20 7 8 233
100 20 7 8 233
100 20 7 8 233
100 20 7 8 233
100 20 8 9 233
100 20 8 9 233
100 20 8 9 233
100 20 8 9 233
100 20 8 9 233
100 20 8 9 233
100 20 8 9 233
100 20 8 9 233
100 20 8 9 233
100 20 8 9 233
100 20 8 9 233
100 20 8 9 233
100 20 8 9 233
100 20 8 9 233
100 20 8 9 233
100 20 8 9 233
100 20 8 9 233
100 20 9 10 233
100 20 9 10 233
100 20 9 10 233
100 20 9 10 233
100 20 9 10 233
100 20 9 10 233
100 20 9 10 233
100 20 10 11 233
100 20 10 11 233
100 20 10 11 233
100 20 10 11 233
100 20 10 11 233
100 20 11 12 233
100 20 11 12 233
100 20 11 12 233
100 20 11 12 233
100 20 12 13 233
100 20 12 13 233
100 20 12 13 233
100 20 12 13 233
100 20 12 13 233
100 20 12 13 233
100 20 13 14 233
100 20 13 14 233
100 20 13 14 233
100 20 13 14 233
100 20 13 14 233
100 20 14 15 233
100 20 14 15 233
100 20 14 15 233
100 20 15 16 233
100 20 15 16 233
100 20 15 16 233
100 20 15 16 233
100 20 16 17 233
100 20 16 17 233
100 20 16 17 233
100 20 16 17 233
100 20 17 18 233
100 20 17 18 233
100 20 17 18 233
100 20 17 18 233
100 20 17 18 233
100 20 18 19 233
100 20 18 19 233
100 20 19 20 233
100 20 20 21 233
100 20 21 22 233
100 20 22 23 233
100 20 23 24 233
100 20 24 25 233
101 20 1 2 187
101 20 1 2 187
101 20 1 2 187
101 20 1 2 187
101 20 1 2 187
101 20 1 2 187
101 20 1 2 187
101 20 1 2 187
101 20 1 2 187
101 20 1 2 187
101 20 1 2 187
101 20 1 2 187
101 20 1 2 187
101 20 1 2 187
101 20 1 2 187
101 20 1 2 187
101 20 1 2 187
101 20 1 2 187
101 20 1 2 187
101 20 1 2 187
101 20 1 2 187
101 20 1 2 187
101 20 1 2 187
101 20 1 2 187
101 20 1 2 187
101 20 1 2 187
101 20 1 2 187
101 20 1 2 187
101 20 1 2 187
101 20 1 2 187
101 20 1 2 187
101 20 1 2 187
101 20 1 2 187
101 20 1 2 187
101 20 1 2 187
101 20 1 2 187
101 20 1 2 187
101 20 1 2 187
101 20 1 2 187
101 20 1 2 187
101 20 1 2 187
101 20 1 2 187
101 20 1 2 187
101 20 1 2 187
101 20 1 2 187
101 20 1 2 187
101 20 1 2 187
101 20 1 2 187
101 20 1 2 187
101 20 1 2 187
101 20 1 2 187
101 20 1 2 187
101 20 1 2 187
101 20 1 2 187
101 20 1 2 187
101 20 1 2 187
101 20 1 2 187
101 20 1 2 187
101 20 2 3 187
101 20 2 3 187
101 20 2 3 187
101 20 2 3 187
101 20 2 3 187
101 20 2 3 187
101 20 2 3 187
101 20 2 3 187
101 20 2 3 187
101 20 2 3 187
101 20 2 3 187
101 20 2 3 187
101 20 2 3 187
101 20 3 4 187
101 20 3 4 187
101 20 3 4 187
101 20 3 4 187
101 20 3 4 187
101 20 3 4 187
101 20 3 4 187
101 20 3 4 187
101 20 3 4 187
101 20 3 4 187
101 20 3 4 187
101 20 3 4 187
101 20 3 4 187
101 20 3 4 187
101 20 4 5 187
101 20 4 5 187
101 20 4 5 187
101 20 4 5 187
101 20 4 5 187
101 20 4 5 187
101 20 4 5 187
101 20 4 5 187
101 20 4 5 187
101 20 4 5 187
101 20 4 5 187
101 20 4 5 187
101 20 4 5 187
101 20 4 5 187
101 20 5 6 187
101 20 5 6 187
101 20 5 6 187
101 20 5 6 187
101 20 5 6 187
101 20 5 6 187
101 20 5 6 187
101 20 5 6 187
101 20 5 6 187
101 20 5 6 187
101 20 5 6 187
101 20 5 6 187
101 20 5 6 187
101 20 5 6 187
101 20 5 6 187
101 20 5 6 187
101 20 6 7 187
101 20 6 7 187
101 20 6 7 187
101 20 6 7 187
101 20 6 7 187
101 20 6 7 187
101 20 6 7 187
101 20 6 7 187
101 20 6 7 187
101 20 6 7 187
101 20 6 7 187
101 20 6 7 187
101 20 6 7 187
101 20 6 7 187
101 20 6 7 187
101 20 7 8 187
101 20 7 8 187
101 20 7 8 187
101 20 7 8 187
101 20 7 8 187
101 20 7 8 187
101 20 7 8 187
101 20 7 8 187
101 20 8 9 187
101 20 8 9 187
101 20 8 9 187
101 20 8 9 187
101 20 8 9 187
101 20 8 9 187
101 20 8 9 187
101 20 8 9 187
101 20 9 10 187
101 20 9 10 187
101 20 9 10 187
101 20 9 10 187
101 20 9 10 187
101 20 10 11 187
101 20 10 11 187
101 20 10 11 187
101 20 10 11 187
101 20 10 11 187
101 20 10 11 187
101 20 11 12 187
101 20 11 12 187
101 20 11 12 187
101 20 11 12 187
101 20 12 13 187
101 20 12 13 187
101 20 12 13 187
101 20 12 13 187
101 20 12 13 187
101 20 13 14 187
101 20 13 14 187
101 20 13 14 187
101 20 14 15 187
101 20 14 15 187
101 20 15 16 187
101 20 15 16 187
101 20 16 17 187
101 20 16 17 187
101 20 17 18 187
101 20 17 18 187
101 20 17 18 187
101 20 19 20 187
101 20 20 21 187
101 20 21 22 187
101 20 22 23 187
101 20 25 26 187
101 20 26 27 187
101 20 26 27 187
101 20 27 28 187
101 20 29 30 187
102 20 1 2 180
102 20 1 2 180
102 20 1 2 180
102 20 1 2 180
102 20 1 2 180
102 20 1 2 180
102 20 1 2 180
102 20 1 2 180
102 20 1 2 180
102 20 1 2 180
102 20 1 2 180
102 20 1 2 180
102 20 1 2 180
102 20 1 2 180
102 20 1 2 180
102 20 1 2 180
102 20 1 2 180
102 20 1 2 180
102 20 1 2 180
102 20 1 2 180
102 20 1 2 180
102 20 1 2 180
102 20 1 2 180
102 20 1 2 180
102 20 1 2 180
102 20 1 2 180
102 20 1 2 180
102 20 1 2 180
102 20 1 2 180
102 20 1 2 180
102 20 1 2 180
102 20 1 2 180
102 20 1 2 180
102 20 1 2 180
102 20 1 2 180
102 20 1 2 180
102 20 1 2 180
102 20 1 2 180
102 20 1 2 180
102 20 1 2 180
102 20 1 2 180
102 20 2 3 180
102 20 2 3 180
102 20 2 3 180
102 20 2 3 180
102 20 2 3 180
102 20 2 3 180
102 20 2 3 180
102 20 2 3 180
102 20 2 3 180
102 20 2 3 180
102 20 2 3 180
102 20 2 3 180
102 20 2 3 180
102 20 2 3 180
102 20 2 3 180
102 20 2 3 180
102 20 2 3 180
102 20 2 3 180
102 20 2 3 180
102 20 2 3 180
102 20 2 3 180
102 20 2 3 180
102 20 3 4 180
102 20 3 4 180
102 20 3 4 180
102 20 3 4 180
102 20 3 4 180
102 20 3 4 180
102 20 3 4 180
102 20 3 4 180
102 20 3 4 180
102 20 3 4 180
102 20 3 4 180
102 20 3 4 180
102 20 3 4 180
102 20 3 4 180
102 20 3 4 180
102 20 3 4 180
102 20 3 4 180
102 20 3 4 180
102 20 3 4 180
102 20 3 4 180
102 20 3 4 180
102 20 4 5 180
102 20 4 5 180
102 20 4 5 180
102 20 4 5 180
102 20 4 5 180
102 20 4 5 180
102 20 4 5 180
102 20 4 5 180
102 20 4 5 180
102 20 4 5 180
102 20 4 5 180
102 20 4 5 180
102 20 4 5 180
102 20 4 5 180
102 20 5 6 180
102 20 5 6 180
102 20 5 6 180
102 20 5 6 180
102 20 5 6 180
102 20 5 6 180
102 20 5 6 180
102 20 5 6 180
102 20 5 6 180
102 20 5 6 180
102 20 5 6 180
102 20 5 6 180
102 20 5 6 180
102 20 6 7 180
102 20 6 7 180
102 20 6 7 180
102 20 6 7 180
102 20 6 7 180
102 20 6 7 180
102 20 6 7 180
102 20 6 7 180
102 20 6 7 180
102 20 6 7 180
102 20 6 7 180
102 20 6 7 180
102 20 6 7 180
102 20 7 8 180
102 20 7 8 180
102 20 7 8 180
102 20 7 8 180
102 20 7 8 180
102 20 7 8 180
102 20 7 8 180
102 20 7 8 180
102 20 7 8 180
102 20 7 8 180
102 20 7 8 180
102 20 8 9 180
102 20 8 9 180
102 20 8 9 180
102 20 8 9 180
102 20 8 9 180
102 20 8 9 180
102 20 8 9 180
102 20 8 9 180
102 20 8 9 180
102 20 8 9 180
102 20 8 9 180
102 20 8 9 180
102 20 9 10 180
102 20 9 10 180
102 20 9 10 180
102 20 9 10 180
102 20 9 10 180
102 20 9 10 180
102 20 10 11 180
102 20 10 11 180
102 20 10 11 180
102 20 10 11 180
102 20 11 12 180
102 20 11 12 180
102 20 11 12 180
102 20 12 13 180
102 20 12 13 180
102 20 13 14 180
102 20 13 14 180
102 20 14 15 180
102 20 14 15 180
102 20 15 16 180
102 20 15 16 180
102 20 15 16 180
102 20 16 17 180
102 20 16 17 180
102 20 17 18 180
102 20 17 18 180
102 20 18 19 180
102 20 19 20 180
102 20 19 20 180
102 20 20 21 180
102 20 21 22 180
102 20 24 25 180
102 20 25 26 180
103 20 1 2 34
103 20 1 2 34
103 20 2 3 34
103 20 2 3 34
103 20 2 3 34
103 20 3 4 34
103 20 3 4 34
103 20 4 5 34
103 20 4 5 34
103 20 5 6 34
103 20 5 6 34
103 20 6 7 34
103 20 7 8 34
103 20 7 8 34
103 20 7 8 34
103 20 7 8 34
103 20 8 9 34
103 20 8 9 34
103 20 9 10 34
103 20 9 10 34
103 20 9 10 34
103 20 10 11 34
103 20 11 12 34
103 20 11 12 34
103 20 11 12 34
103 20 12 13 34
103 20 12 13 34
103 20 12 13 34
103 20 13 14 34
103 20 13 14 34
103 20 13 14 34
103 20 14 15 34
103 20 14 15 34
103 20 15 16 34
104 20 1 2 146
104 20 1 2 146
104 20 1 2 146
104 20 1 2 146
104 20 1 2 146
104 20 1 2 146
104 20 1 2 146
104 20 1 2 146
104 20 1 2 146
104 20 1 2 146
104 20 1 2 146
104 20 1 2 146
104 20 1 2 146
104 20 1 2 146
104 20 1 2 146
104 20 1 2 146
104 20 1 2 146
104 20 1 2 146
104 20 1 2 146
104 20 1 2 146
104 20 1 2 146
104 20 1 2 146
104 20 1 2 146
104 20 2 3 146
104 20 2 3 146
104 20 2 3 146
104 20 2 3 146
104 20 2 3 146
104 20 2 3 146
104 20 2 3 146
104 20 2 3 146
104 20 2 3 146
104 20 2 3 146
104 20 2 3 146
104 20 2 3 146
104 20 2 3 146
104 20 2 3 146
104 20 2 3 146
104 20 2 3 146
104 20 2 3 146
104 20 3 4 146
104 20 3 4 146
104 20 3 4 146
104 20 3 4 146
104 20 3 4 146
104 20 3 4 146
104 20 3 4 146
104 20 3 4 146
104 20 3 4 146
104 20 3 4 146
104 20 3 4 146
104 20 3 4 146
104 20 3 4 146
104 20 3 4 146
104 20 3 4 146
104 20 3 4 146
104 20 4 5 146
104 20 4 5 146
104 20 4 5 146
104 20 4 5 146
104 20 4 5 146
104 20 4 5 146
104 20 4 5 146
104 20 4 5 146
104 20 4 5 146
104 20 4 5 146
104 20 4 5 146
104 20 4 5 146
104 20 4 5 146
104 20 4 5 146
104 20 5 6 146
104 20 5 6 146
104 20 5 6 146
104 20 5 6 146
104 20 5 6 146
104 20 5 6 146
104 20 5 6 146
104 20 5 6 146
104 20 5 6 146
104 20 5 6 146
104 20 5 6 146
104 20 5 6 146
104 20 5 6 146
104 20 6 7 146
104 20 6 7 146
104 20 6 7 146
104 20 6 7 146
104 20 6 7 146
104 20 6 7 146
104 20 6 7 146
104 20 6 7 146
104 20 6 7 146
104 20 6 7 146
104 20 6 7 146
104 20 6 7 146
104 20 6 7 146
104 20 6 7 146
104 20 6 7 146
104 20 7 8 146
104 20 7 8 146
104 20 7 8 146
104 20 7 8 146
104 20 7 8 146
104 20 7 8 146
104 20 7 8 146
104 20 7 8 146
104 20 8 9 146
104 20 8 9 146
104 20 8 9 146
104 20 8 9 146
104 20 8 9 146
104 20 8 9 146
104 20 8 9 146
104 20 8 9 146
104 20 9 10 146
104 20 9 10 146
104 20 9 10 146
104 20 9 10 146
104 20 9 10 146
104 20 9 10 146
104 20 10 11 146
104 20 10 11 146
104 20 10 11 146
104 20 10 11 146
104 20 11 12 146
104 20 11 12 146
104 20 11 12 146
104 20 11 12 146
104 20 11 12 146
104 20 12 13 146
104 20 12 13 146
104 20 12 13 146
104 20 12 13 146
104 20 12 13 146
104 20 13 14 146
104 20 13 14 146
104 20 13 14 146
104 20 14 15 146
104 20 14 15 146
104 20 14 15 146
104 20 15 16 146
104 20 15 16 146
104 20 16 17 146
104 20 16 17 146
104 20 17 18 146
104 20 17 18 146
105 20 1 2 258
105 20 1 2 258
105 20 1 2 258
105 20 1 2 258
105 20 1 2 258
105 20 1 2 258
105 20 1 2 258
105 20 1 2 258
105 20 1 2 258
105 20 1 2 258
105 20 1 2 258
105 20 1 2 258
105 20 1 2 258
105 20 1 2 258
105 20 1 2 258
105 20 1 2 258
105 20 1 2 258
105 20 1 2 258
105 20 1 2 258
105 20 1 2 258
105 20 1 2 258
105 20 1 2 258
105 20 1 2 258
105 20 1 2 258
105 20 1 2 258
105 20 1 2 258
105 20 1 2 258
105 20 1 2 258
105 20 1 2 258
105 20 1 2 258
105 20 1 2 258
105 20 1 2 258
105 20 1 2 258
105 20 1 2 258
105 20 1 2 258
105 20 1 2 258
105 20 1 2 258
105 20 1 2 258
105 20 1 2 258
105 20 1 2 258
105 20 1 2 258
105 20 1 2 258
105 20 1 2 258
105 20 1 2 258
105 20 1 2 258
105 20 1 2 258
105 20 1 2 258
105 20 1 2 258
105 20 1 2 258
105 20 1 2 258
105 20 1 2 258
105 20 1 2 258
105 20 1 2 258
105 20 1 2 258
105 20 1 2 258
105 20 1 2 258
105 20 1 2 258
105 20 1 2 258
105 20 1 2 258
105 20 1 2 258
105 20 1 2 258
105 20 1 2 258
105 20 1 2 258
105 20 2 3 258
105 20 2 3 258
105 20 2 3 258
105 20 2 3 258
105 20 2 3 258
105 20 2 3 258
105 20 2 3 258
105 20 2 3 258
105 20 2 3 258
105 20 2 3 258
105 20 2 3 258
105 20 2 3 258
105 20 2 3 258
105 20 2 3 258
105 20 2 3 258
105 20 2 3 258
105 20 2 3 258
105 20 2 3 258
105 20 2 3 258
105 20 2 3 258
105 20 2 3 258
105 20 2 3 258
105 20 2 3 258
105 20 2 3 258
105 20 2 3 258
105 20 2 3 258
105 20 2 3 258
105 20 2 3 258
105 20 2 3 258
105 20 2 3 258
105 20 2 3 258
105 20 2 3 258
105 20 2 3 258
105 20 3 4 258
105 20 3 4 258
105 20 3 4 258
105 20 3 4 258
105 20 3 4 258
105 20 3 4 258
105 20 3 4 258
105 20 3 4 258
105 20 3 4 258
105 20 3 4 258
105 20 3 4 258
105 20 3 4 258
105 20 3 4 258
105 20 3 4 258
105 20 3 4 258
105 20 3 4 258
105 20 3 4 258
105 20 3 4 258
105 20 3 4 258
105 20 3 4 258
105 20 3 4 258
105 20 3 4 258
105 20 3 4 258
105 20 3 4 258
105 20 3 4 258
105 20 3 4 258
105 20 3 4 258
105 20 3 4 258
105 20 3 4 258
105 20 3 4 258
105 20 3 4 258
105 20 3 4 258
105 20 4 5 258
105 20 4 5 258
105 20 4 5 258
105 20 4 5 258
105 20 4 5 258
105 20 4 5 258
105 20 4 5 258
105 20 4 5 258
105 20 4 5 258
105 20 4 5 258
105 20 4 5 258
105 20 4 5 258
105 20 4 5 258
105 20 4 5 258
105 20 4 5 258
105 20 4 5 258
105 20 4 5 258
105 20 4 5 258
105 20 4 5 258
105 20 4 5 258
105 20 5 6 258
105 20 5 6 258
105 20 5 6 258
105 20 5 6 258
105 20 5 6 258
105 20 5 6 258
105 20 5 6 258
105 20 5 6 258
105 20 5 6 258
105 20 5 6 258
105 20 5 6 258
105 20 5 6 258
105 20 5 6 258
105 20 5 6 258
105 20 5 6 258
105 20 5 6 258
105 20 5 6 258
105 20 5 6 258
105 20 5 6 258
105 20 5 6 258
105 20 6 7 258
105 20 6 7 258
105 20 6 7 258
105 20 6 7 258
105 20 6 7 258
105 20 6 7 258
105 20 6 7 258
105 20 6 7 258
105 20 6 7 258
105 20 6 7 258
105 20 6 7 258
105 20 6 7 258
105 20 6 7 258
105 20 6 7 258
105 20 6 7 258
105 20 6 7 258
105 20 6 7 258
105 20 6 7 258
105 20 6 7 258
105 20 6 7 258
105 20 7 8 258
105 20 7 8 258
105 20 7 8 258
105 20 7 8 258
105 20 7 8 258
105 20 7 8 258
105 20 7 8 258
105 20 7 8 258
105 20 7 8 258
105 20 7 8 258
105 20 8 9 258
105 20 8 9 258
105 20 8 9 258
105 20 8 9 258
105 20 8 9 258
105 20 8 9 258
105 20 8 9 258
105 20 8 9 258
105 20 8 9 258
105 20 8 9 258
105 20 8 9 258
105 20 9 10 258
105 20 9 10 258
105 20 9 10 258
105 20 9 10 258
105 20 9 10 258
105 20 9 10 258
105 20 10 11 258
105 20 10 11 258
105 20 10 11 258
105 20 10 11 258
105 20 10 11 258
105 20 11 12 258
105 20 11 12 258
105 20 12 13 258
105 20 12 13 258
105 20 12 13 258
105 20 13 14 258
105 20 13 14 258
105 20 13 14 258
105 20 14 15 258
105 20 14 15 258
105 20 15 16 258
105 20 15 16 258
105 20 16 17 258
105 20 16 17 258
105 20 16 17 258
105 20 16 17 258
105 20 16 17 258
105 20 17 18 258
105 20 17 18 258
105 20 17 18 258
105 20 17 18 258
105 20 17 18 258
105 20 23 24 258
105 20 25 26 258
105 20 25 26 258
105 20 25 26 258
105 20 26 27 258
105 20 26 27 258
105 20 27 28 258
105 20 27 28 258
105 20 28 29 258
105 20 28 29 258
105 20 28 29 258
105 20 29 30 258
105 20 29 30 258
105 20 29 30 258
105 20 30 31 258
105 20 31 32 258
106 20 1 2 187
106 20 1 2 187
106 20 1 2 187
106 20 1 2 187
106 20 1 2 187
106 20 1 2 187
106 20 1 2 187
106 20 1 2 187
106 20 1 2 187
106 20 1 2 187
106 20 1 2 187
106 20 1 2 187
106 20 1 2 187
106 20 1 2 187
106 20 1 2 187
106 20 1 2 187
106 20 1 2 187
106 20 1 2 187
106 20 1 2 187
106 20 1 2 187
106 20 1 2 187
106 20 1 2 187
106 20 1 2 187
106 20 1 2 187
106 20 1 2 187
106 20 1 2 187
106 20 1 2 187
106 20 1 2 187
106 20 1 2 187
106 20 1 2 187
106 20 1 2 187
106 20 1 2 187
106 20 1 2 187
106 20 1 2 187
106 20 1 2 187
106 20 1 2 187
106 20 1 2 187
106 20 1 2 187
106 20 1 2 187
106 20 1 2 187
106 20 1 2 187
106 20 1 2 187
106 20 1 2 187
106 20 1 2 187
106 20 1 2 187
106 20 1 2 187
106 20 1 2 187
106 20 1 2 187
106 20 1 2 187
106 20 1 2 187
106 20 1 2 187
106 20 1 2 187
106 20 1 2 187
106 20 1 2 187
106 20 1 2 187
106 20 1 2 187
106 20 1 2 187
106 20 1 2 187
106 20 1 2 187
106 20 1 2 187
106 20 1 2 187
106 20 1 2 187
106 20 2 3 187
106 20 2 3 187
106 20 2 3 187
106 20 2 3 187
106 20 2 3 187
106 20 2 3 187
106 20 2 3 187
106 20 2 3 187
106 20 2 3 187
106 20 2 3 187
106 20 2 3 187
106 20 2 3 187
106 20 2 3 187
106 20 2 3 187
106 20 2 3 187
106 20 2 3 187
106 20 2 3 187
106 20 3 4 187
106 20 3 4 187
106 20 3 4 187
106 20 3 4 187
106 20 3 4 187
106 20 3 4 187
106 20 3 4 187
106 20 3 4 187
106 20 3 4 187
106 20 3 4 187
106 20 3 4 187
106 20 3 4 187
106 20 3 4 187
106 20 3 4 187
106 20 3 4 187
106 20 3 4 187
106 20 3 4 187
106 20 3 4 187
106 20 4 5 187
106 20 4 5 187
106 20 4 5 187
106 20 4 5 187
106 20 4 5 187
106 20 4 5 187
106 20 4 5 187
106 20 4 5 187
106 20 4 5 187
106 20 4 5 187
106 20 4 5 187
106 20 4 5 187
106 20 4 5 187
106 20 4 5 187
106 20 4 5 187
106 20 4 5 187
106 20 4 5 187
106 20 5 6 187
106 20 5 6 187
106 20 5 6 187
106 20 5 6 187
106 20 5 6 187
106 20 5 6 187
106 20 5 6 187
106 20 5 6 187
106 20 5 6 187
106 20 5 6 187
106 20 5 6 187
106 20 5 6 187
106 20 5 6 187
106 20 5 6 187
106 20 5 6 187
106 20 5 6 187
106 20 6 7 187
106 20 6 7 187
106 20 6 7 187
106 20 6 7 187
106 20 6 7 187
106 20 6 7 187
106 20 6 7 187
106 20 6 7 187
106 20 6 7 187
106 20 6 7 187
106 20 6 7 187
106 20 6 7 187
106 20 6 7 187
106 20 6 7 187
106 20 6 7 187
106 20 6 7 187
106 20 6 7 187
106 20 7 8 187
106 20 7 8 187
106 20 7 8 187
106 20 7 8 187
106 20 7 8 187
106 20 7 8 187
106 20 7 8 187
106 20 7 8 187
106 20 8 9 187
106 20 8 9 187
106 20 8 9 187
106 20 8 9 187
106 20 8 9 187
106 20 8 9 187
106 20 8 9 187
106 20 8 9 187
106 20 8 9 187
106 20 9 10 187
106 20 9 10 187
106 20 9 10 187
106 20 9 10 187
106 20 9 10 187
106 20 10 11 187
106 20 10 11 187
106 20 10 11 187
106 20 10 11 187
106 20 10 11 187
106 20 11 12 187
106 20 11 12 187
106 20 12 13 187
106 20 13 14 187
106 20 13 14 187
106 20 14 15 187
106 20 14 15 187
106 20 15 16 187
106 20 15 16 187
106 20 15 16 187
106 20 16 17 187
106 20 17 18 187
106 20 17 18 187
107 20 2 3 190
107 20 2 3 190
107 20 2 3 190
107 20 2 3 190
107 20 2 3 190
107 20 2 3 190
107 20 2 3 190
107 20 2 3 190
107 20 2 3 190
107 20 2 3 190
107 20 2 3 190
107 20 2 3 190
107 20 2 3 190
107 20 2 3 190
107 20 2 3 190
107 20 2 3 190
107 20 2 3 190
107 20 2 3 190
107 20 2 3 190
107 20 2 3 190
107 20 2 3 190
107 20 2 3 190
107 20 2 3 190
107 20 2 3 190
107 20 2 3 190
107 20 2 3 190
107 20 2 3 190
107 20 2 3 190
107 20 2 3 190
107 20 2 3 190
107 20 2 3 190
107 20 2 3 190
107 20 2 3 190
107 20 2 3 190
107 20 2 3 190
107 20 2 3 190
107 20 2 3 190
107 20 2 3 190
107 20 2 3 190
107 20 2 3 190
107 20 2 3 190
107 20 2 3 190
107 20 2 3 190
107 20 3 4 190
107 20 3 4 190
107 20 3 4 190
107 20 3 4 190
107 20 3 4 190
107 20 3 4 190
107 20 3 4 190
107 20 3 4 190
107 20 3 4 190
107 20 3 4 190
107 20 3 4 190
107 20 3 4 190
107 20 3 4 190
107 20 3 4 190
107 20 3 4 190
107 20 3 4 190
107 20 3 4 190
107 20 3 4 190
107 20 3 4 190
107 20 3 4 190
107 20 3 4 190
107 20 3 4 190
107 20 3 4 190
107 20 3 4 190
107 20 3 4 190
107 20 3 4 190
107 20 3 4 190
107 20 3 4 190
107 20 3 4 190
107 20 3 4 190
107 20 3 4 190
107 20 3 4 190
107 20 3 4 190
107 20 3 4 190
107 20 3 4 190
107 20 3 4 190
107 20 3 4 190
107 20 3 4 190
107 20 3 4 190
107 20 3 4 190
107 20 3 4 190
107 20 3 4 190
107 20 3 4 190
107 20 3 4 190
107 20 4 5 190
107 20 4 5 190
107 20 4 5 190
107 20 4 5 190
107 20 4 5 190
107 20 4 5 190
107 20 4 5 190
107 20 4 5 190
107 20 4 5 190
107 20 4 5 190
107 20 4 5 190
107 20 4 5 190
107 20 4 5 190
107 20 4 5 190
107 20 5 6 190
107 20 5 6 190
107 20 5 6 190
107 20 5 6 190
107 20 5 6 190
107 20 5 6 190
107 20 5 6 190
107 20 5 6 190
107 20 5 6 190
107 20 5 6 190
107 20 5 6 190
107 20 5 6 190
107 20 5 6 190
107 20 5 6 190
107 20 5 6 190
107 20 6 7 190
107 20 6 7 190
107 20 6 7 190
107 20 6 7 190
107 20 6 7 190
107 20 6 7 190
107 20 6 7 190
107 20 6 7 190
107 20 6 7 190
107 20 6 7 190
107 20 6 7 190
107 20 6 7 190
107 20 6 7 190
107 20 6 7 190
107 20 6 7 190
107 20 7 8 190
107 20 7 8 190
107 20 7 8 190
107 20 7 8 190
107 20 7 8 190
107 20 7 8 190
107 20 7 8 190
107 20 7 8 190
107 20 7 8 190
107 20 7 8 190
107 20 7 8 190
107 20 7 8 190
107 20 7 8 190
107 20 7 8 190
107 20 7 8 190
107 20 7 8 190
107 20 7 8 190
107 20 8 9 190
107 20 8 9 190
107 20 8 9 190
107 20 8 9 190
107 20 8 9 190
107 20 8 9 190
107 20 8 9 190
107 20 8 9 190
107 20 8 9 190
107 20 8 9 190
107 20 8 9 190
107 20 8 9 190
107 20 8 9 190
107 20 8 9 190
107 20 8 9 190
107 20 8 9 190
107 20 8 9 190
107 20 9 10 190
107 20 9 10 190
107 20 9 10 190
107 20 10 11 190
107 20 10 11 190
107 20 10 11 190
107 20 11 12 190
107 20 11 12 190
107 20 11 12 190
107 20 12 13 190
107 20 12 13 190
107 20 12 13 190
107 20 13 14 190
107 20 13 14 190
107 20 13 14 190
107 20 13 14 190
107 20 14 15 190
107 20 14 15 190
107 20 15 16 190
107 20 16 17 190
107 20 17 18 190
107 20 17 18 190
107 20 24 25 190
107 20 25 26 190
107 20 26 27 190
108 20 1 2 43
108 20 2 3 43
108 20 7 8 43
108 20 8 9 43
108 20 9 10 43
108 20 9 10 43
108 20 9 10 43
108 20 9 10 43
108 20 10 11 43
108 20 10 11 43
108 20 10 11 43
108 20 11 12 43
108 20 11 12 43
108 20 12 13 43
108 20 13 14 43
108 20 13 14 43
108 20 14 15 43
108 20 14 15 43
108 20 14 15 43
108 20 15 16 43
108 20 15 16 43
108 20 15 16 43
108 20 17 18 43
108 20 17 18 43
108 20 18 19 43
108 20 18 19 43
108 20 18 19 43
108 20 19 20 43
108 20 19 20 43
108 20 20 21 43
108 20 20 21 43
108 20 20 21 43
108 20 21 22 43
108 20 21 22 43
108 20 22 23 43
108 20 23 24 43
108 20 23 24 43
108 20 23 24 43
108 20 24 25 43
108 20 24 25 43
108 20 24 25 43
108 20 28 29 43
108 20 29 30 43
109 20 1 2 233
109 20 1 2 233
109 20 1 2 233
109 20 1 2 233
109 20 1 2 233
109 20 1 2 233
109 20 1 2 233
109 20 1 2 233
109 20 1 2 233
109 20 1 2 233
109 20 1 2 233
109 20 1 2 233
109 20 1 2 233
109 20 1 2 233
109 20 1 2 233
109 20 1 2 233
109 20 1 2 233
109 20 1 2 233
109 20 1 2 233
109 20 1 2 233
109 20 1 2 233
109 20 1 2 233
109 20 1 2 233
109 20 1 2 233
109 20 1 2 233
109 20 1 2 233
109 20 1 2 233
109 20 1 2 233
109 20 1 2 233
109 20 1 2 233
109 20 1 2 233
109 20 1 2 233
109 20 1 2 233
109 20 1 2 233
109 20 1 2 233
109 20 1 2 233
109 20 1 2 233
109 20 1 2 233
109 20 1 2 233
109 20 1 2 233
109 20 1 2 233
109 20 1 2 233
109 20 1 2 233
109 20 1 2 233
109 20 1 2 233
109 20 2 3 233
109 20 2 3 233
109 20 2 3 233
109 20 2 3 233
109 20 2 3 233
109 20 2 3 233
109 20 2 3 233
109 20 2 3 233
109 20 2 3 233
109 20 2 3 233
109 20 2 3 233
109 20 2 3 233
109 20 2 3 233
109 20 2 3 233
109 20 2 3 233
109 20 2 3 233
109 20 2 3 233
109 20 2 3 233
109 20 2 3 233
109 20 2 3 233
109 20 2 3 233
109 20 3 4 233
109 20 3 4 233
109 20 3 4 233
109 20 3 4 233
109 20 3 4 233
109 20 3 4 233
109 20 3 4 233
109 20 3 4 233
109 20 3 4 233
109 20 3 4 233
109 20 3 4 233
109 20 3 4 233
109 20 3 4 233
109 20 3 4 233
109 20 3 4 233
109 20 3 4 233
109 20 3 4 233
109 20 3 4 233
109 20 3 4 233
109 20 3 4 233
109 20 4 5 233
109 20 4 5 233
109 20 4 5 233
109 20 4 5 233
109 20 4 5 233
109 20 4 5 233
109 20 4 5 233
109 20 4 5 233
109 20 4 5 233
109 20 4 5 233
109 20 4 5 233
109 20 4 5 233
109 20 4 5 233
109 20 4 5 233
109 20 4 5 233
109 20 4 5 233
109 20 4 5 233
109 20 4 5 233
109 20 4 5 233
109 20 4 5 233
109 20 4 5 233
109 20 5 6 233
109 20 5 6 233
109 20 5 6 233
109 20 5 6 233
109 20 5 6 233
109 20 5 6 233
109 20 5 6 233
109 20 5 6 233
109 20 5 6 233
109 20 5 6 233
109 20 5 6 233
109 20 5 6 233
109 20 5 6 233
109 20 5 6 233
109 20 5 6 233
109 20 5 6 233
109 20 5 6 233
109 20 5 6 233
109 20 5 6 233
109 20 5 6 233
109 20 5 6 233
109 20 5 6 233
109 20 5 6 233
109 20 6 7 233
109 20 6 7 233
109 20 6 7 233
109 20 6 7 233
109 20 6 7 233
109 20 6 7 233
109 20 6 7 233
109 20 6 7 233
109 20 6 7 233
109 20 6 7 233
109 20 6 7 233
109 20 6 7 233
109 20 6 7 233
109 20 6 7 233
109 20 6 7 233
109 20 6 7 233
109 20 6 7 233
109 20 6 7 233
109 20 6 7 233
109 20 6 7 233
109 20 6 7 233
109 20 6 7 233
109 20 7 8 233
109 20 7 8 233
109 20 7 8 233
109 20 7 8 233
109 20 7 8 233
109 20 7 8 233
109 20 7 8 233
109 20 7 8 233
109 20 7 8 233
109 20 7 8 233
109 20 7 8 233
109 20 7 8 233
109 20 7 8 233
109 20 8 9 233
109 20 8 9 233
109 20 8 9 233
109 20 8 9 233
109 20 8 9 233
109 20 8 9 233
109 20 8 9 233
109 20 8 9 233
109 20 8 9 233
109 20 8 9 233
109 20 8 9 233
109 20 8 9 233
109 20 9 10 233
109 20 9 10 233
109 20 9 10 233
109 20 9 10 233
109 20 9 10 233
109 20 10 11 233
109 20 10 11 233
109 20 10 11 233
109 20 10 11 233
109 20 10 11 233
109 20 10 11 233
109 20 10 11 233
109 20 11 12 233
109 20 11 12 233
109 20 11 12 233
109 20 11 12 233
109 20 11 12 233
109 20 11 12 233
109 20 12 13 233
109 20 12 13 233
109 20 12 13 233
109 20 12 13 233
109 20 12 13 233
109 20 12 13 233
109 20 13 14 233
109 20 13 14 233
109 20 13 14 233
109 20 13 14 233
109 20 13 14 233
109 20 13 14 233
109 20 14 15 233
109 20 14 15 233
109 20 14 15 233
109 20 15 16 233
109 20 15 16 233
109 20 16 17 233
109 20 16 17 233
109 20 16 17 233
109 20 16 17 233
109 20 16 17 233
109 20 17 18 233
109 20 17 18 233
109 20 17 18 233
109 20 17 18 233
109 20 17 18 233
109 20 18 19 233
109 20 18 19 233
109 20 19 20 233
109 20 20 21 233
109 20 20 21 233
109 20 21 22 233
109 20 21 22 233
109 20 22 23 233
109 20 23 24 233
109 20 26 27 233
109 20 27 28 233
110 20 1 2 164
110 20 1 2 164
110 20 1 2 164
110 20 1 2 164
110 20 1 2 164
110 20 1 2 164
110 20 1 2 164
110 20 1 2 164
110 20 1 2 164
110 20 1 2 164
110 20 1 2 164
110 20 1 2 164
110 20 1 2 164
110 20 1 2 164
110 20 1 2 164
110 20 1 2 164
110 20 1 2 164
110 20 1 2 164
110 20 1 2 164
110 20 1 2 164
110 20 1 2 164
110 20 1 2 164
110 20 1 2 164
110 20 1 2 164
110 20 1 2 164
110 20 1 2 164
110 20 1 2 164
110 20 1 2 164
110 20 2 3 164
110 20 2 3 164
110 20 2 3 164
110 20 2 3 164
110 20 2 3 164
110 20 2 3 164
110 20 2 3 164
110 20 2 3 164
110 20 2 3 164
110 20 2 3 164
110 20 2 3 164
110 20 2 3 164
110 20 2 3 164
110 20 2 3 164
110 20 2 3 164
110 20 2 3 164
110 20 3 4 164
110 20 3 4 164
110 20 3 4 164
110 20 3 4 164
110 20 3 4 164
110 20 3 4 164
110 20 3 4 164
110 20 3 4 164
110 20 3 4 164
110 20 3 4 164
110 20 3 4 164
110 20 3 4 164
110 20 3 4 164
110 20 3 4 164
110 20 3 4 164
110 20 3 4 164
110 20 4 5 164
110 20 4 5 164
110 20 4 5 164
110 20 4 5 164
110 20 4 5 164
110 20 4 5 164
110 20 4 5 164
110 20 4 5 164
110 20 4 5 164
110 20 4 5 164
110 20 4 5 164
110 20 4 5 164
110 20 4 5 164
110 20 4 5 164
110 20 4 5 164
110 20 4 5 164
110 20 4 5 164
110 20 5 6 164
110 20 5 6 164
110 20 5 6 164
110 20 5 6 164
110 20 5 6 164
110 20 5 6 164
110 20 5 6 164
110 20 5 6 164
110 20 5 6 164
110 20 5 6 164
110 20 5 6 164
110 20 5 6 164
110 20 5 6 164
110 20 5 6 164
110 20 5 6 164
110 20 5 6 164
110 20 5 6 164
110 20 6 7 164
110 20 6 7 164
110 20 6 7 164
110 20 6 7 164
110 20 6 7 164
110 20 6 7 164
110 20 6 7 164
110 20 6 7 164
110 20 6 7 164
110 20 6 7 164
110 20 6 7 164
110 20 6 7 164
110 20 6 7 164
110 20 6 7 164
110 20 6 7 164
110 20 6 7 164
110 20 6 7 164
110 20 6 7 164
110 20 7 8 164
110 20 7 8 164
110 20 7 8 164
110 20 7 8 164
110 20 7 8 164
110 20 7 8 164
110 20 7 8 164
110 20 7 8 164
110 20 8 9 164
110 20 8 9 164
110 20 8 9 164
110 20 8 9 164
110 20 8 9 164
110 20 8 9 164
110 20 8 9 164
110 20 9 10 164
110 20 9 10 164
110 20 9 10 164
110 20 9 10 164
110 20 9 10 164
110 20 10 11 164
110 20 10 11 164
110 20 10 11 164
110 20 10 11 164
110 20 10 11 164
110 20 10 11 164
110 20 11 12 164
110 20 11 12 164
110 20 11 12 164
110 20 11 12 164
110 20 12 13 164
110 20 12 13 164
110 20 13 14 164
110 20 13 14 164
110 20 13 14 164
110 20 14 15 164
110 20 14 15 164
110 20 15 16 164
110 20 15 16 164
110 20 15 16 164
110 20 16 17 164
110 20 16 17 164
110 20 17 18 164
110 20 18 19 164
110 20 18 19 164
110 20 19 20 164
110 20 19 20 164
110 20 20 21 164
110 20 23 24 164
110 20 23 24 164
110 20 24 25 164
110 20 24 25 164
111 20 1 2 178
111 20 1 2 178
111 20 1 2 178
111 20 1 2 178
111 20 1 2 178
111 20 1 2 178
111 20 1 2 178
111 20 1 2 178
111 20 1 2 178
111 20 1 2 178
111 20 2 3 178
111 20 2 3 178
111 20 2 3 178
111 20 2 3 178
111 20 2 3 178
111 20 2 3 178
111 20 2 3 178
111 20 2 3 178
111 20 2 3 178
111 20 2 3 178
111 20 2 3 178
111 20 3 4 178
111 20 3 4 178
111 20 3 4 178
111 20 3 4 178
111 20 3 4 178
111 20 3 4 178
111 20 3 4 178
111 20 3 4 178
111 20 3 4 178
111 20 3 4 178
111 20 4 5 178
111 20 4 5 178
111 20 4 5 178
111 20 4 5 178
111 20 4 5 178
111 20 4 5 178
111 20 4 5 178
111 20 4 5 178
111 20 4 5 178
111 20 4 5 178
111 20 4 5 178
111 20 4 5 178
111 20 4 5 178
111 20 4 5 178
111 20 4 5 178
111 20 4 5 178
111 20 4 5 178
111 20 4 5 178
111 20 4 5 178
111 20 4 5 178
111 20 4 5 178
111 20 4 5 178
111 20 5 6 178
111 20 5 6 178
111 20 5 6 178
111 20 5 6 178
111 20 5 6 178
111 20 5 6 178
111 20 5 6 178
111 20 5 6 178
111 20 5 6 178
111 20 5 6 178
111 20 5 6 178
111 20 5 6 178
111 20 5 6 178
111 20 5 6 178
111 20 5 6 178
111 20 5 6 178
111 20 5 6 178
111 20 5 6 178
111 20 5 6 178
111 20 5 6 178
111 20 5 6 178
111 20 5 6 178
111 20 5 6 178
111 20 6 7 178
111 20 6 7 178
111 20 6 7 178
111 20 6 7 178
111 20 6 7 178
111 20 6 7 178
111 20 6 7 178
111 20 6 7 178
111 20 6 7 178
111 20 6 7 178
111 20 6 7 178
111 20 6 7 178
111 20 6 7 178
111 20 6 7 178
111 20 6 7 178
111 20 6 7 178
111 20 6 7 178
111 20 6 7 178
111 20 6 7 178
111 20 6 7 178
111 20 6 7 178
111 20 6 7 178
111 20 6 7 178
111 20 7 8 178
111 20 7 8 178
111 20 7 8 178
111 20 7 8 178
111 20 7 8 178
111 20 7 8 178
111 20 7 8 178
111 20 7 8 178
111 20 7 8 178
111 20 7 8 178
111 20 7 8 178
111 20 7 8 178
111 20 7 8 178
111 20 8 9 178
111 20 8 9 178
111 20 8 9 178
111 20 8 9 178
111 20 8 9 178
111 20 8 9 178
111 20 8 9 178
111 20 8 9 178
111 20 8 9 178
111 20 8 9 178
111 20 8 9 178
111 20 8 9 178
111 20 9 10 178
111 20 9 10 178
111 20 9 10 178
111 20 9 10 178
111 20 9 10 178
111 20 9 10 178
111 20 9 10 178
111 20 9 10 178
111 20 9 10 178
111 20 9 10 178
111 20 9 10 178
111 20 10 11 178
111 20 10 11 178
111 20 10 11 178
111 20 10 11 178
111 20 10 11 178
111 20 10 11 178
111 20 10 11 178
111 20 10 11 178
111 20 10 11 178
111 20 10 11 178
111 20 11 12 178
111 20 12 13 178
111 20 12 13 178
111 20 13 14 178
111 20 14 15 178
111 20 14 15 178
111 20 15 16 178
111 20 16 17 178
111 20 16 17 178
111 20 16 17 178
111 20 17 18 178
111 20 17 18 178
111 20 17 18 178
111 20 17 18 178
111 20 17 18 178
111 20 18 19 178
111 20 18 19 178
111 20 19 20 178
111 20 19 20 178
111 20 20 21 178
111 20 20 21 178
111 20 21 22 178
111 20 21 22 178
111 20 22 23 178
111 20 22 23 178
111 20 23 24 178
111 20 23 24 178
111 20 24 25 178
111 20 25 26 178
111 20 25 26 178
111 20 26 27 178
111 20 26 27 178
111 20 29 30 178
112 20 1 2 214
112 20 1 2 214
112 20 1 2 214
112 20 1 2 214
112 20 1 2 214
112 20 1 2 214
112 20 1 2 214
112 20 1 2 214
112 20 1 2 214
112 20 1 2 214
112 20 1 2 214
112 20 1 2 214
112 20 1 2 214
112 20 1 2 214
112 20 1 2 214
112 20 1 2 214
112 20 1 2 214
112 20 1 2 214
112 20 1 2 214
112 20 1 2 214
112 20 1 2 214
112 20 1 2 214
112 20 1 2 214
112 20 1 2 214
112 20 1 2 214
112 20 1 2 214
112 20 1 2 214
112 20 1 2 214
112 20 1 2 214
112 20 1 2 214
112 20 1 2 214
112 20 1 2 214
112 20 1 2 214
112 20 1 2 214
112 20 1 2 214
112 20 1 2 214
112 20 1 2 214
112 20 1 2 214
112 20 1 2 214
112 20 1 2 214
112 20 1 2 214
112 20 1 2 214
112 20 1 2 214
112 20 1 2 214
112 20 1 2 214
112 20 1 2 214
112 20 1 2 214
112 20 1 2 214
112 20 1 2 214
112 20 1 2 214
112 20 1 2 214
112 20 1 2 214
112 20 1 2 214
112 20 1 2 214
112 20 1 2 214
112 20 2 3 214
112 20 2 3 214
112 20 2 3 214
112 20 2 3 214
112 20 2 3 214
112 20 2 3 214
112 20 2 3 214
112 20 2 3 214
112 20 2 3 214
112 20 2 3 214
112 20 2 3 214
112 20 2 3 214
112 20 2 3 214
112 20 2 3 214
112 20 2 3 214
112 20 2 3 214
112 20 2 3 214
112 20 2 3 214
112 20 2 3 214
112 20 2 3 214
112 20 2 3 214
112 20 2 3 214
112 20 2 3 214
112 20 2 3 214
112 20 2 3 214
112 20 3 4 214
112 20 3 4 214
112 20 3 4 214
112 20 3 4 214
112 20 3 4 214
112 20 3 4 214
112 20 3 4 214
112 20 3 4 214
112 20 3 4 214
112 20 3 4 214
112 20 3 4 214
112 20 3 4 214
112 20 3 4 214
112 20 3 4 214
112 20 3 4 214
112 20 3 4 214
112 20 3 4 214
112 20 3 4 214
112 20 3 4 214
112 20 3 4 214
112 20 3 4 214
112 20 3 4 214
112 20 3 4 214
112 20 3 4 214
112 20 3 4 214
112 20 4 5 214
112 20 4 5 214
112 20 4 5 214
112 20 4 5 214
112 20 4 5 214
112 20 4 5 214
112 20 4 5 214
112 20 4 5 214
112 20 4 5 214
112 20 4 5 214
112 20 4 5 214
112 20 4 5 214
112 20 4 5 214
112 20 4 5 214
112 20 4 5 214
112 20 5 6 214
112 20 5 6 214
112 20 5 6 214
112 20 5 6 214
112 20 5 6 214
112 20 5 6 214
112 20 5 6 214
112 20 5 6 214
112 20 5 6 214
112 20 5 6 214
112 20 5 6 214
112 20 5 6 214
112 20 5 6 214
112 20 5 6 214
112 20 5 6 214
112 20 5 6 214
112 20 6 7 214
112 20 6 7 214
112 20 6 7 214
112 20 6 7 214
112 20 6 7 214
112 20 6 7 214
112 20 6 7 214
112 20 6 7 214
112 20 6 7 214
112 20 6 7 214
112 20 6 7 214
112 20 6 7 214
112 20 6 7 214
112 20 6 7 214
112 20 6 7 214
112 20 7 8 214
112 20 7 8 214
112 20 7 8 214
112 20 7 8 214
112 20 7 8 214
112 20 7 8 214
112 20 7 8 214
112 20 7 8 214
112 20 7 8 214
112 20 8 9 214
112 20 8 9 214
112 20 8 9 214
112 20 8 9 214
112 20 8 9 214
112 20 8 9 214
112 20 8 9 214
112 20 8 9 214
112 20 8 9 214
112 20 8 9 214
112 20 9 10 214
112 20 9 10 214
112 20 9 10 214
112 20 9 10 214
112 20 9 10 214
112 20 9 10 214
112 20 10 11 214
112 20 10 11 214
112 20 10 11 214
112 20 10 11 214
112 20 10 11 214
112 20 10 11 214
112 20 10 11 214
112 20 10 11 214
112 20 11 12 214
112 20 11 12 214
112 20 11 12 214
112 20 11 12 214
112 20 12 13 214
112 20 12 13 214
112 20 12 13 214
112 20 12 13 214
112 20 13 14 214
112 20 13 14 214
112 20 13 14 214
112 20 13 14 214
112 20 13 14 214
112 20 14 15 214
112 20 14 15 214
112 20 14 15 214
112 20 14 15 214
112 20 14 15 214
112 20 15 16 214
112 20 15 16 214
112 20 15 16 214
112 20 15 16 214
112 20 15 16 214
112 20 16 17 214
112 20 16 17 214
112 20 17 18 214
112 20 17 18 214
112 20 25 26 214
112 20 26 27 214
112 20 27 28 214
113 20 1 2 221
113 20 1 2 221
113 20 1 2 221
113 20 1 2 221
113 20 1 2 221
113 20 1 2 221
113 20 1 2 221
113 20 1 2 221
113 20 1 2 221
113 20 1 2 221
113 20 1 2 221
113 20 1 2 221
113 20 1 2 221
113 20 1 2 221
113 20 1 2 221
113 20 1 2 221
113 20 1 2 221
113 20 1 2 221
113 20 1 2 221
113 20 1 2 221
113 20 1 2 221
113 20 1 2 221
113 20 1 2 221
113 20 1 2 221
113 20 1 2 221
113 20 1 2 221
113 20 1 2 221
113 20 1 2 221
113 20 1 2 221
113 20 1 2 221
113 20 1 2 221
113 20 1 2 221
113 20 1 2 221
113 20 1 2 221
113 20 1 2 221
113 20 1 2 221
113 20 1 2 221
113 20 1 2 221
113 20 1 2 221
113 20 1 2 221
113 20 1 2 221
113 20 2 3 221
113 20 2 3 221
113 20 2 3 221
113 20 2 3 221
113 20 2 3 221
113 20 2 3 221
113 20 2 3 221
113 20 2 3 221
113 20 2 3 221
113 20 2 3 221
113 20 2 3 221
113 20 2 3 221
113 20 2 3 221
113 20 2 3 221
113 20 2 3 221
113 20 2 3 221
113 20 2 3 221
113 20 2 3 221
113 20 2 3 221
113 20 2 3 221
113 20 2 3 221
113 20 2 3 221
113 20 2 3 221
113 20 2 3 221
113 20 2 3 221
113 20 2 3 221
113 20 2 3 221
113 20 2 3 221
113 20 3 4 221
113 20 3 4 221
113 20 3 4 221
113 20 3 4 221
113 20 3 4 221
113 20 3 4 221
113 20 3 4 221
113 20 3 4 221
113 20 3 4 221
113 20 3 4 221
113 20 3 4 221
113 20 3 4 221
113 20 3 4 221
113 20 3 4 221
113 20 3 4 221
113 20 3 4 221
113 20 3 4 221
113 20 3 4 221
113 20 3 4 221
113 20 3 4 221
113 20 3 4 221
113 20 3 4 221
113 20 3 4 221
113 20 3 4 221
113 20 3 4 221
113 20 3 4 221
113 20 3 4 221
113 20 3 4 221
113 20 4 5 221
113 20 4 5 221
113 20 4 5 221
113 20 4 5 221
113 20 4 5 221
113 20 4 5 221
113 20 4 5 221
113 20 4 5 221
113 20 4 5 221
113 20 4 5 221
113 20 4 5 221
113 20 4 5 221
113 20 4 5 221
113 20 4 5 221
113 20 4 5 221
113 20 4 5 221
113 20 4 5 221
113 20 4 5 221
113 20 4 5 221
113 20 4 5 221
113 20 4 5 221
113 20 4 5 221
113 20 5 6 221
113 20 5 6 221
113 20 5 6 221
113 20 5 6 221
113 20 5 6 221
113 20 5 6 221
113 20 5 6 221
113 20 5 6 221
113 20 5 6 221
113 20 5 6 221
113 20 5 6 221
113 20 5 6 221
113 20 5 6 221
113 20 5 6 221
113 20 5 6 221
113 20 5 6 221
113 20 5 6 221
113 20 5 6 221
113 20 5 6 221
113 20 5 6 221
113 20 5 6 221
113 20 5 6 221
113 20 6 7 221
113 20 6 7 221
113 20 6 7 221
113 20 6 7 221
113 20 6 7 221
113 20 6 7 221
113 20 6 7 221
113 20 6 7 221
113 20 6 7 221
113 20 6 7 221
113 20 6 7 221
113 20 6 7 221
113 20 6 7 221
113 20 6 7 221
113 20 6 7 221
113 20 6 7 221
113 20 6 7 221
113 20 6 7 221
113 20 6 7 221
113 20 6 7 221
113 20 6 7 221
113 20 7 8 221
113 20 7 8 221
113 20 7 8 221
113 20 7 8 221
113 20 7 8 221
113 20 7 8 221
113 20 8 9 221
113 20 8 9 221
113 20 8 9 221
113 20 8 9 221
113 20 8 9 221
113 20 8 9 221
113 20 9 10 221
113 20 9 10 221
113 20 9 10 221
113 20 9 10 221
113 20 10 11 221
113 20 10 11 221
113 20 10 11 221
113 20 10 11 221
113 20 10 11 221
113 20 11 12 221
113 20 11 12 221
113 20 11 12 221
113 20 11 12 221
113 20 11 12 221
113 20 11 12 221
113 20 12 13 221
113 20 12 13 221
113 20 12 13 221
113 20 12 13 221
113 20 12 13 221
113 20 13 14 221
113 20 13 14 221
113 20 13 14 221
113 20 13 14 221
113 20 13 14 221
113 20 14 15 221
113 20 14 15 221
113 20 14 15 221
113 20 15 16 221
113 20 15 16 221
113 20 15 16 221
113 20 16 17 221
113 20 16 17 221
113 20 16 17 221
113 20 16 17 221
113 20 16 17 221
113 20 17 18 221
113 20 17 18 221
113 20 17 18 221
113 20 17 18 221
113 20 17 18 221
113 20 19 20 221
113 20 19 20 221
113 20 20 21 221
113 20 21 22 221
113 20 28 29 221
113 20 29 30 221
114 20 1 2 343
114 20 1 2 343
114 20 1 2 343
114 20 1 2 343
114 20 1 2 343
114 20 1 2 343
114 20 1 2 343
114 20 1 2 343
114 20 1 2 343
114 20 1 2 343
114 20 1 2 343
114 20 1 2 343
114 20 1 2 343
114 20 1 2 343
114 20 1 2 343
114 20 1 2 343
114 20 1 2 343
114 20 1 2 343
114 20 1 2 343
114 20 1 2 343
114 20 1 2 343
114 20 1 2 343
114 20 1 2 343
114 20 1 2 343
114 20 1 2 343
114 20 1 2 343
114 20 1 2 343
114 20 1 2 343
114 20 1 2 343
114 20 1 2 343
114 20 1 2 343
114 20 1 2 343
114 20 1 2 343
114 20 1 2 343
114 20 1 2 343
114 20 1 2 343
114 20 1 2 343
114 20 1 2 343
114 20 1 2 343
114 20 1 2 343
114 20 1 2 343
114 20 1 2 343
114 20 1 2 343
114 20 1 2 343
114 20 1 2 343
114 20 1 2 343
114 20 1 2 343
114 20 1 2 343
114 20 1 2 343
114 20 1 2 343
114 20 1 2 343
114 20 1 2 343
114 20 1 2 343
114 20 1 2 343
114 20 1 2 343
114 20 1 2 343
114 20 1 2 343
114 20 1 2 343
114 20 1 2 343
114 20 1 2 343
114 20 1 2 343
114 20 1 2 343
114 20 1 2 343
114 20 1 2 343
114 20 1 2 343
114 20 1 2 343
114 20 1 2 343
114 20 1 2 343
114 20 1 2 343
114 20 1 2 343
114 20 1 2 343
114 20 1 2 343
114 20 1 2 343
114 20 1 2 343
114 20 1 2 343
114 20 1 2 343
114 20 1 2 343
114 20 1 2 343
114 20 1 2 343
114 20 1 2 343
114 20 1 2 343
114 20 1 2 343
114 20 1 2 343
114 20 1 2 343
114 20 1 2 343
114 20 1 2 343
114 20 1 2 343
114 20 1 2 343
114 20 1 2 343
114 20 2 3 343
114 20 2 3 343
114 20 2 3 343
114 20 2 3 343
114 20 2 3 343
114 20 2 3 343
114 20 2 3 343
114 20 2 3 343
114 20 2 3 343
114 20 2 3 343
114 20 2 3 343
114 20 2 3 343
114 20 2 3 343
114 20 2 3 343
114 20 2 3 343
114 20 2 3 343
114 20 2 3 343
114 20 2 3 343
114 20 2 3 343
114 20 2 3 343
114 20 2 3 343
114 20 2 3 343
114 20 2 3 343
114 20 2 3 343
114 20 2 3 343
114 20 2 3 343
114 20 2 3 343
114 20 2 3 343
114 20 2 3 343
114 20 2 3 343
114 20 2 3 343
114 20 2 3 343
114 20 2 3 343
114 20 2 3 343
114 20 2 3 343
114 20 2 3 343
114 20 2 3 343
114 20 2 3 343
114 20 2 3 343
114 20 2 3 343
114 20 3 4 343
114 20 3 4 343
114 20 3 4 343
114 20 3 4 343
114 20 3 4 343
114 20 3 4 343
114 20 3 4 343
114 20 3 4 343
114 20 3 4 343
114 20 3 4 343
114 20 3 4 343
114 20 3 4 343
114 20 3 4 343
114 20 3 4 343
114 20 3 4 343
114 20 3 4 343
114 20 3 4 343
114 20 3 4 343
114 20 3 4 343
114 20 3 4 343
114 20 3 4 343
114 20 3 4 343
114 20 3 4 343
114 20 3 4 343
114 20 3 4 343
114 20 3 4 343
114 20 3 4 343
114 20 3 4 343
114 20 3 4 343
114 20 3 4 343
114 20 3 4 343
114 20 3 4 343
114 20 3 4 343
114 20 3 4 343
114 20 3 4 343
114 20 3 4 343
114 20 3 4 343
114 20 3 4 343
114 20 3 4 343
114 20 3 4 343
114 20 3 4 343
114 20 4 5 343
114 20 4 5 343
114 20 4 5 343
114 20 4 5 343
114 20 4 5 343
114 20 4 5 343
114 20 4 5 343
114 20 4 5 343
114 20 4 5 343
114 20 4 5 343
114 20 4 5 343
114 20 4 5 343
114 20 4 5 343
114 20 4 5 343
114 20 4 5 343
114 20 4 5 343
114 20 4 5 343
114 20 4 5 343
114 20 4 5 343
114 20 4 5 343
114 20 4 5 343
114 20 4 5 343
114 20 4 5 343
114 20 4 5 343
114 20 4 5 343
114 20 4 5 343
114 20 4 5 343
114 20 5 6 343
114 20 5 6 343
114 20 5 6 343
114 20 5 6 343
114 20 5 6 343
114 20 5 6 343
114 20 5 6 343
114 20 5 6 343
114 20 5 6 343
114 20 5 6 343
114 20 5 6 343
114 20 5 6 343
114 20 5 6 343
114 20 5 6 343
114 20 5 6 343
114 20 5 6 343
114 20 5 6 343
114 20 5 6 343
114 20 5 6 343
114 20 5 6 343
114 20 5 6 343
114 20 5 6 343
114 20 5 6 343
114 20 5 6 343
114 20 5 6 343
114 20 5 6 343
114 20 5 6 343
114 20 5 6 343
114 20 5 6 343
114 20 5 6 343
114 20 6 7 343
114 20 6 7 343
114 20 6 7 343
114 20 6 7 343
114 20 6 7 343
114 20 6 7 343
114 20 6 7 343
114 20 6 7 343
114 20 6 7 343
114 20 6 7 343
114 20 6 7 343
114 20 6 7 343
114 20 6 7 343
114 20 6 7 343
114 20 6 7 343
114 20 6 7 343
114 20 6 7 343
114 20 6 7 343
114 20 6 7 343
114 20 6 7 343
114 20 6 7 343
114 20 6 7 343
114 20 6 7 343
114 20 6 7 343
114 20 6 7 343
114 20 6 7 343
114 20 6 7 343
114 20 6 7 343
114 20 6 7 343
114 20 6 7 343
114 20 7 8 343
114 20 7 8 343
114 20 7 8 343
114 20 7 8 343
114 20 7 8 343
114 20 7 8 343
114 20 7 8 343
114 20 7 8 343
114 20 7 8 343
114 20 7 8 343
114 20 7 8 343
114 20 7 8 343
114 20 7 8 343
114 20 8 9 343
114 20 8 9 343
114 20 8 9 343
114 20 8 9 343
114 20 8 9 343
114 20 8 9 343
114 20 8 9 343
114 20 8 9 343
114 20 8 9 343
114 20 8 9 343
114 20 8 9 343
114 20 8 9 343
114 20 8 9 343
114 20 8 9 343
114 20 9 10 343
114 20 9 10 343
114 20 9 10 343
114 20 9 10 343
114 20 9 10 343
114 20 9 10 343
114 20 9 10 343
114 20 9 10 343
114 20 9 10 343
114 20 10 11 343
114 20 10 11 343
114 20 10 11 343
114 20 10 11 343
114 20 10 11 343
114 20 10 11 343
114 20 10 11 343
114 20 10 11 343
114 20 10 11 343
114 20 10 11 343
114 20 11 12 343
114 20 11 12 343
114 20 11 12 343
114 20 11 12 343
114 20 12 13 343
114 20 12 13 343
114 20 12 13 343
114 20 12 13 343
114 20 13 14 343
114 20 13 14 343
114 20 13 14 343
114 20 13 14 343
114 20 14 15 343
114 20 14 15 343
114 20 15 16 343
114 20 15 16 343
114 20 16 17 343
114 20 16 17 343
114 20 17 18 343
114 20 18 19 343
114 20 18 19 343
114 20 18 19 343
114 20 20 21 343
114 20 20 21 343
114 20 20 21 343
114 20 21 22 343
114 20 21 22 343
114 20 22 23 343
114 20 23 24 343
114 20 24 25 343
114 20 25 26 343
114 20 25 26 343
114 20 26 27 343
114 20 26 27 343
114 20 27 28 343
114 20 27 28 343
114 20 30 31 343
114 20 31 32 343
114 20 38 39 343
114 20 42 43 343
115 20 1 2 90
115 20 1 2 90
115 20 1 2 90
115 20 1 2 90
115 20 1 2 90
115 20 1 2 90
115 20 1 2 90
115 20 1 2 90
115 20 1 2 90
115 20 1 2 90
115 20 1 2 90
115 20 1 2 90
115 20 1 2 90
115 20 1 2 90
115 20 1 2 90
115 20 1 2 90
115 20 1 2 90
115 20 1 2 90
115 20 1 2 90
115 20 1 2 90
115 20 1 2 90
115 20 1 2 90
115 20 1 2 90
115 20 1 2 90
115 20 1 2 90
115 20 1 2 90
115 20 1 2 90
115 20 1 2 90
115 20 1 2 90
115 20 1 2 90
115 20 1 2 90
115 20 1 2 90
115 20 1 2 90
115 20 1 2 90
115 20 1 2 90
115 20 1 2 90
115 20 1 2 90
115 20 1 2 90
115 20 1 2 90
115 20 1 2 90
115 20 1 2 90
115 20 1 2 90
115 20 1 2 90
115 20 1 2 90
115 20 1 2 90
115 20 1 2 90
115 20 1 2 90
115 20 1 2 90
115 20 1 2 90
115 20 1 2 90
115 20 1 2 90
115 20 1 2 90
115 20 1 2 90
115 20 1 2 90
115 20 1 2 90
115 20 1 2 90
115 20 1 2 90
115 20 1 2 90
115 20 1 2 90
115 20 1 2 90
115 20 1 2 90
115 20 1 2 90
115 20 1 2 90
115 20 1 2 90
115 20 1 2 90
115 20 1 2 90
115 20 1 2 90
115 20 1 2 90
115 20 1 2 90
115 20 1 2 90
115 20 1 2 90
115 20 1 2 90
115 20 1 2 90
115 20 1 2 90
115 20 1 2 90
115 20 1 2 90
115 20 1 2 90
115 20 1 2 90
115 20 1 2 90
115 20 1 2 90
115 20 1 2 90
115 20 1 2 90
115 20 2 3 90
115 20 2 3 90
115 20 2 3 90
115 20 3 4 90
115 20 3 4 90
115 20 3 4 90
115 20 3 4 90
115 20 3 4 90
116 20 1 2 157
116 20 1 2 157
116 20 2 3 157
116 20 2 3 157
116 20 2 3 157
116 20 2 3 157
116 20 2 3 157
116 20 2 3 157
116 20 2 3 157
116 20 2 3 157
116 20 2 3 157
116 20 2 3 157
116 20 2 3 157
116 20 2 3 157
116 20 2 3 157
116 20 2 3 157
116 20 2 3 157
116 20 2 3 157
116 20 2 3 157
116 20 2 3 157
116 20 3 4 157
116 20 3 4 157
116 20 3 4 157
116 20 3 4 157
116 20 3 4 157
116 20 3 4 157
116 20 3 4 157
116 20 3 4 157
116 20 3 4 157
116 20 3 4 157
116 20 3 4 157
116 20 3 4 157
116 20 3 4 157
116 20 3 4 157
116 20 3 4 157
116 20 3 4 157
116 20 3 4 157
116 20 3 4 157
116 20 4 5 157
116 20 4 5 157
116 20 4 5 157
116 20 4 5 157
116 20 4 5 157
116 20 4 5 157
116 20 4 5 157
116 20 4 5 157
116 20 4 5 157
116 20 4 5 157
116 20 4 5 157
116 20 4 5 157
116 20 4 5 157
116 20 4 5 157
116 20 4 5 157
116 20 4 5 157
116 20 4 5 157
116 20 5 6 157
116 20 5 6 157
116 20 5 6 157
116 20 5 6 157
116 20 5 6 157
116 20 5 6 157
116 20 5 6 157
116 20 5 6 157
116 20 5 6 157
116 20 5 6 157
116 20 5 6 157
116 20 5 6 157
116 20 5 6 157
116 20 5 6 157
116 20 5 6 157
116 20 5 6 157
116 20 5 6 157
116 20 6 7 157
116 20 6 7 157
116 20 6 7 157
116 20 6 7 157
116 20 6 7 157
116 20 6 7 157
116 20 6 7 157
116 20 6 7 157
116 20 6 7 157
116 20 6 7 157
116 20 6 7 157
116 20 6 7 157
116 20 6 7 157
116 20 6 7 157
116 20 6 7 157
116 20 6 7 157
116 20 6 7 157
116 20 7 8 157
116 20 7 8 157
116 20 7 8 157
116 20 7 8 157
116 20 7 8 157
116 20 7 8 157
116 20 7 8 157
116 20 7 8 157
116 20 7 8 157
116 20 8 9 157
116 20 8 9 157
116 20 8 9 157
116 20 8 9 157
116 20 8 9 157
116 20 8 9 157
116 20 8 9 157
116 20 8 9 157
116 20 8 9 157
116 20 9 10 157
116 20 9 10 157
116 20 9 10 157
116 20 9 10 157
116 20 9 10 157
116 20 9 10 157
116 20 9 10 157
116 20 10 11 157
116 20 10 11 157
116 20 10 11 157
116 20 10 11 157
116 20 10 11 157
116 20 10 11 157
116 20 10 11 157
116 20 10 11 157
116 20 11 12 157
116 20 11 12 157
116 20 11 12 157
116 20 11 12 157
116 20 12 13 157
116 20 12 13 157
116 20 13 14 157
116 20 13 14 157
116 20 13 14 157
116 20 14 15 157
116 20 14 15 157
116 20 15 16 157
116 20 16 17 157
116 20 16 17 157
116 20 16 17 157
116 20 17 18 157
116 20 17 18 157
116 20 17 18 157
116 20 17 18 157
116 20 18 19 157
116 20 18 19 157
116 20 19 20 157
116 20 19 20 157
116 20 20 21 157
116 20 20 21 157
116 20 22 23 157
116 20 23 24 157
116 20 23 24 157
116 20 23 24 157
116 20 24 25 157
116 20 24 25 157
116 20 24 25 157
116 20 24 25 157
116 20 26 27 157
116 20 27 28 157
117 20 1 2 94
117 20 1 2 94
117 20 1 2 94
117 20 1 2 94
117 20 1 2 94
117 20 1 2 94
117 20 1 2 94
117 20 2 3 94
117 20 2 3 94
117 20 2 3 94
117 20 3 4 94
117 20 3 4 94
117 20 4 5 94
117 20 4 5 94
117 20 4 5 94
117 20 4 5 94
117 20 4 5 94
117 20 4 5 94
117 20 4 5 94
117 20 5 6 94
117 20 5 6 94
117 20 5 6 94
117 20 5 6 94
117 20 5 6 94
117 20 5 6 94
117 20 5 6 94
117 20 6 7 94
117 20 6 7 94
117 20 6 7 94
117 20 6 7 94
117 20 6 7 94
117 20 6 7 94
117 20 7 8 94
117 20 7 8 94
117 20 7 8 94
117 20 8 9 94
117 20 8 9 94
117 20 8 9 94
117 20 9 10 94
117 20 10 11 94
117 20 11 12 94
117 20 11 12 94
117 20 11 12 94
117 20 11 12 94
117 20 12 13 94
117 20 12 13 94
117 20 12 13 94
117 20 12 13 94
117 20 13 14 94
117 20 13 14 94
117 20 13 14 94
117 20 13 14 94
117 20 13 14 94
117 20 14 15 94
117 20 15 16 94
117 20 15 16 94
117 20 16 17 94
117 20 17 18 94
117 20 17 18 94
117 20 18 19 94
117 20 19 20 94
117 20 20 21 94
117 20 20 21 94
117 20 21 22 94
117 20 21 22 94
117 20 21 22 94
117 20 21 22 94
117 20 21 22 94
117 20 21 22 94
117 20 21 22 94
117 20 22 23 94
117 20 22 23 94
117 20 22 23 94
117 20 22 23 94
117 20 22 23 94
117 20 22 23 94
117 20 23 24 94
117 20 23 24 94
117 20 24 25 94
117 20 24 25 94
117 20 24 25 94
117 20 25 26 94
117 20 25 26 94
117 20 25 26 94
117 20 26 27 94
117 20 26 27 94
117 20 26 27 94
117 20 27 28 94
117 20 27 28 94
117 20 27 28 94
117 20 28 29 94
117 20 28 29 94
117 20 29 30 94
117 20 29 30 94
118 20 1 2 196
118 20 1 2 196
118 20 1 2 196
118 20 1 2 196
118 20 1 2 196
118 20 1 2 196
118 20 1 2 196
118 20 1 2 196
118 20 1 2 196
118 20 1 2 196
118 20 1 2 196
118 20 1 2 196
118 20 1 2 196
118 20 1 2 196
118 20 1 2 196
118 20 1 2 196
118 20 1 2 196
118 20 1 2 196
118 20 1 2 196
118 20 1 2 196
118 20 1 2 196
118 20 1 2 196
118 20 1 2 196
118 20 1 2 196
118 20 1 2 196
118 20 1 2 196
118 20 1 2 196
118 20 1 2 196
118 20 1 2 196
118 20 1 2 196
118 20 1 2 196
118 20 1 2 196
118 20 1 2 196
118 20 1 2 196
118 20 1 2 196
118 20 1 2 196
118 20 1 2 196
118 20 1 2 196
118 20 1 2 196
118 20 1 2 196
118 20 1 2 196
118 20 1 2 196
118 20 1 2 196
118 20 1 2 196
118 20 1 2 196
118 20 1 2 196
118 20 1 2 196
118 20 1 2 196
118 20 1 2 196
118 20 1 2 196
118 20 1 2 196
118 20 1 2 196
118 20 1 2 196
118 20 1 2 196
118 20 1 2 196
118 20 1 2 196
118 20 1 2 196
118 20 1 2 196
118 20 1 2 196
118 20 1 2 196
118 20 1 2 196
118 20 1 2 196
118 20 1 2 196
118 20 2 3 196
118 20 2 3 196
118 20 2 3 196
118 20 2 3 196
118 20 2 3 196
118 20 2 3 196
118 20 2 3 196
118 20 2 3 196
118 20 2 3 196
118 20 2 3 196
118 20 2 3 196
118 20 2 3 196
118 20 2 3 196
118 20 2 3 196
118 20 2 3 196
118 20 2 3 196
118 20 2 3 196
118 20 2 3 196
118 20 2 3 196
118 20 2 3 196
118 20 2 3 196
118 20 2 3 196
118 20 2 3 196
118 20 2 3 196
118 20 2 3 196
118 20 2 3 196
118 20 3 4 196
118 20 3 4 196
118 20 3 4 196
118 20 3 4 196
118 20 3 4 196
118 20 3 4 196
118 20 3 4 196
118 20 3 4 196
118 20 3 4 196
118 20 3 4 196
118 20 3 4 196
118 20 3 4 196
118 20 3 4 196
118 20 3 4 196
118 20 3 4 196
118 20 3 4 196
118 20 3 4 196
118 20 3 4 196
118 20 3 4 196
118 20 3 4 196
118 20 3 4 196
118 20 3 4 196
118 20 3 4 196
118 20 3 4 196
118 20 3 4 196
118 20 3 4 196
118 20 3 4 196
118 20 4 5 196
118 20 4 5 196
118 20 4 5 196
118 20 4 5 196
118 20 4 5 196
118 20 4 5 196
118 20 4 5 196
118 20 4 5 196
118 20 4 5 196
118 20 4 5 196
118 20 4 5 196
118 20 5 6 196
118 20 5 6 196
118 20 5 6 196
118 20 5 6 196
118 20 5 6 196
118 20 5 6 196
118 20 5 6 196
118 20 5 6 196
118 20 5 6 196
118 20 5 6 196
118 20 5 6 196
118 20 6 7 196
118 20 6 7 196
118 20 6 7 196
118 20 6 7 196
118 20 6 7 196
118 20 6 7 196
118 20 6 7 196
118 20 6 7 196
118 20 6 7 196
118 20 6 7 196
118 20 6 7 196
118 20 6 7 196
118 20 7 8 196
118 20 7 8 196
118 20 7 8 196
118 20 7 8 196
118 20 7 8 196
118 20 7 8 196
118 20 7 8 196
118 20 7 8 196
118 20 7 8 196
118 20 8 9 196
118 20 8 9 196
118 20 8 9 196
118 20 8 9 196
118 20 8 9 196
118 20 8 9 196
118 20 8 9 196
118 20 8 9 196
118 20 9 10 196
118 20 9 10 196
118 20 9 10 196
118 20 9 10 196
118 20 9 10 196
118 20 9 10 196
118 20 9 10 196
118 20 9 10 196
118 20 10 11 196
118 20 10 11 196
118 20 10 11 196
118 20 10 11 196
118 20 10 11 196
118 20 10 11 196
118 20 10 11 196
118 20 10 11 196
118 20 11 12 196
118 20 11 12 196
118 20 12 13 196
118 20 12 13 196
118 20 13 14 196
118 20 14 15 196
118 20 15 16 196
118 20 18 19 196
118 20 18 19 196
118 20 19 20 196
118 20 20 21 196
118 20 21 22 196
118 20 21 22 196
119 20 1 2 130
119 20 1 2 130
119 20 1 2 130
119 20 1 2 130
119 20 1 2 130
119 20 1 2 130
119 20 1 2 130
119 20 1 2 130
119 20 1 2 130
119 20 2 3 130
119 20 2 3 130
119 20 2 3 130
119 20 2 3 130
119 20 2 3 130
119 20 2 3 130
119 20 3 4 130
119 20 3 4 130
119 20 3 4 130
119 20 3 4 130
119 20 3 4 130
119 20 3 4 130
119 20 3 4 130
119 20 4 5 130
119 20 4 5 130
119 20 4 5 130
119 20 4 5 130
119 20 4 5 130
119 20 4 5 130
119 20 5 6 130
119 20 5 6 130
119 20 5 6 130
119 20 5 6 130
119 20 5 6 130
119 20 6 7 130
119 20 6 7 130
119 20 6 7 130
119 20 6 7 130
119 20 6 7 130
119 20 6 7 130
119 20 7 8 130
119 20 7 8 130
119 20 7 8 130
119 20 7 8 130
119 20 7 8 130
119 20 7 8 130
119 20 7 8 130
119 20 7 8 130
119 20 7 8 130
119 20 7 8 130
119 20 8 9 130
119 20 8 9 130
119 20 8 9 130
119 20 8 9 130
119 20 8 9 130
119 20 8 9 130
119 20 8 9 130
119 20 8 9 130
119 20 8 9 130
119 20 9 10 130
119 20 9 10 130
119 20 9 10 130
119 20 9 10 130
119 20 9 10 130
119 20 9 10 130
119 20 9 10 130
119 20 9 10 130
119 20 9 10 130
119 20 9 10 130
119 20 9 10 130
119 20 9 10 130
119 20 10 11 130
119 20 10 11 130
119 20 10 11 130
119 20 10 11 130
119 20 10 11 130
119 20 10 11 130
119 20 10 11 130
119 20 10 11 130
119 20 10 11 130
119 20 10 11 130
119 20 10 11 130
119 20 10 11 130
119 20 10 11 130
119 20 11 12 130
119 20 11 12 130
119 20 11 12 130
119 20 11 12 130
119 20 11 12 130
119 20 12 13 130
119 20 12 13 130
119 20 12 13 130
119 20 12 13 130
119 20 12 13 130
119 20 12 13 130
119 20 13 14 130
119 20 13 14 130
119 20 13 14 130
119 20 13 14 130
119 20 13 14 130
119 20 13 14 130
119 20 14 15 130
119 20 14 15 130
119 20 14 15 130
119 20 15 16 130
119 20 15 16 130
119 20 15 16 130
119 20 16 17 130
119 20 16 17 130
119 20 16 17 130
119 20 16 17 130
119 20 16 17 130
119 20 17 18 130
119 20 17 18 130
119 20 17 18 130
119 20 17 18 130
119 20 17 18 130
119 20 17 18 130
119 20 18 19 130
119 20 18 19 130
119 20 18 19 130
119 20 18 19 130
119 20 19 20 130
119 20 19 20 130
119 20 19 20 130
119 20 19 20 130
119 20 20 21 130
119 20 20 21 130
119 20 20 21 130
119 20 21 22 130
119 20 22 23 130
120 20.01 1 2 213
120 20.01 1 2 213
120 20.01 1 2 213
120 20.01 1 2 213
120 20.01 1 2 213
120 20.01 1 2 213
120 20.01 1 2 213
120 20.01 1 2 213
120 20.01 1 2 213
120 20.01 1 2 213
120 20.01 1 2 213
120 20.01 1 2 213
120 20.01 1 2 213
120 20.01 1 2 213
120 20.01 1 2 213
120 20.01 1 2 213
120 20.01 1 2 213
120 20.01 1 2 213
120 20.01 1 2 213
120 20.01 1 2 213
120 20.01 1 2 213
120 20.01 1 2 213
120 20.01 1 2 213
120 20.01 1 2 213
120 20.01 1 2 213
120 20.01 1 2 213
120 20.01 1 2 213
120 20.01 1 2 213
120 20.01 1 2 213
120 20.01 1 2 213
120 20.01 1 2 213
120 20.01 1 2 213
120 20.01 2 3 213
120 20.01 2 3 213
120 20.01 2 3 213
120 20.01 2 3 213
120 20.01 2 3 213
120 20.01 2 3 213
120 20.01 2 3 213
120 20.01 2 3 213
120 20.01 2 3 213
120 20.01 2 3 213
120 20.01 2 3 213
120 20.01 2 3 213
120 20.01 2 3 213
120 20.01 2 3 213
120 20.01 2 3 213
120 20.01 2 3 213
120 20.01 2 3 213
120 20.01 2 3 213
120 20.01 2 3 213
120 20.01 2 3 213
120 20.01 2 3 213
120 20.01 2 3 213
120 20.01 2 3 213
120 20.01 2 3 213
120 20.01 2 3 213
120 20.01 2 3 213
120 20.01 2 3 213
120 20.01 2 3 213
120 20.01 2 3 213
120 20.01 2 3 213
120 20.01 2 3 213
120 20.01 3 4 213
120 20.01 3 4 213
120 20.01 3 4 213
120 20.01 3 4 213
120 20.01 3 4 213
120 20.01 3 4 213
120 20.01 3 4 213
120 20.01 3 4 213
120 20.01 3 4 213
120 20.01 3 4 213
120 20.01 3 4 213
120 20.01 3 4 213
120 20.01 3 4 213
120 20.01 3 4 213
120 20.01 3 4 213
120 20.01 3 4 213
120 20.01 3 4 213
120 20.01 3 4 213
120 20.01 3 4 213
120 20.01 3 4 213
120 20.01 3 4 213
120 20.01 3 4 213
120 20.01 3 4 213
120 20.01 3 4 213
120 20.01 3 4 213
120 20.01 3 4 213
120 20.01 3 4 213
120 20.01 3 4 213
120 20.01 3 4 213
120 20.01 3 4 213
120 20.01 4 5 213
120 20.01 4 5 213
120 20.01 4 5 213
120 20.01 4 5 213
120 20.01 4 5 213
120 20.01 4 5 213
120 20.01 4 5 213
120 20.01 4 5 213
120 20.01 4 5 213
120 20.01 4 5 213
120 20.01 4 5 213
120 20.01 4 5 213
120 20.01 4 5 213
120 20.01 4 5 213
120 20.01 4 5 213
120 20.01 4 5 213
120 20.01 4 5 213
120 20.01 4 5 213
120 20.01 4 5 213
120 20.01 5 6 213
120 20.01 5 6 213
120 20.01 5 6 213
120 20.01 5 6 213
120 20.01 5 6 213
120 20.01 5 6 213
120 20.01 5 6 213
120 20.01 5 6 213
120 20.01 5 6 213
120 20.01 5 6 213
120 20.01 5 6 213
120 20.01 5 6 213
120 20.01 5 6 213
120 20.01 5 6 213
120 20.01 5 6 213
120 20.01 5 6 213
120 20.01 5 6 213
120 20.01 5 6 213
120 20.01 5 6 213
120 20.01 6 7 213
120 20.01 6 7 213
120 20.01 6 7 213
120 20.01 6 7 213
120 20.01 6 7 213
120 20.01 6 7 213
120 20.01 6 7 213
120 20.01 6 7 213
120 20.01 6 7 213
120 20.01 6 7 213
120 20.01 6 7 213
120 20.01 6 7 213
120 20.01 6 7 213
120 20.01 6 7 213
120 20.01 7 8 213
120 20.01 7 8 213
120 20.01 7 8 213
120 20.01 7 8 213
120 20.01 7 8 213
120 20.01 7 8 213
120 20.01 7 8 213
120 20.01 7 8 213
120 20.01 7 8 213
120 20.01 7 8 213
120 20.01 7 8 213
120 20.01 7 8 213
120 20.01 7 8 213
120 20.01 8 9 213
120 20.01 8 9 213
120 20.01 8 9 213
120 20.01 8 9 213
120 20.01 8 9 213
120 20.01 8 9 213
120 20.01 8 9 213
120 20.01 8 9 213
120 20.01 9 10 213
120 20.01 9 10 213
120 20.01 9 10 213
120 20.01 9 10 213
120 20.01 9 10 213
120 20.01 9 10 213
120 20.01 9 10 213
120 20.01 10 11 213
120 20.01 10 11 213
120 20.01 10 11 213
120 20.01 10 11 213
120 20.01 10 11 213
120 20.01 10 11 213
120 20.01 10 11 213
120 20.01 10 11 213
120 20.01 11 12 213
120 20.01 11 12 213
120 20.01 11 12 213
120 20.01 11 12 213
120 20.01 11 12 213
120 20.01 12 13 213
120 20.01 12 13 213
120 20.01 12 13 213
120 20.01 13 14 213
120 20.01 13 14 213
120 20.01 13 14 213
120 20.01 13 14 213
120 20.01 14 15 213
120 20.01 14 15 213
120 20.01 14 15 213
120 20.01 15 16 213
120 20.01 15 16 213
120 20.01 15 16 213
120 20.01 15 16 213
120 20.01 16 17 213
120 20.01 16 17 213
120 20.01 16 17 213
120 20.01 17 18 213
120 20.01 17 18 213
120 20.01 17 18 213
120 20.01 17 18 213
120 20.01 18 19 213
120 20.01 19 20 213
120 20.01 20 21 213
120 20.01 20 21 213
120 20.01 21 22 213
120 20.01 21 22 213
121 20.01 1 2 154
121 20.01 1 2 154
121 20.01 1 2 154
121 20.01 1 2 154
121 20.01 2 3 154
121 20.01 2 3 154
121 20.01 2 3 154
121 20.01 2 3 154
121 20.01 3 4 154
121 20.01 3 4 154
121 20.01 4 5 154
121 20.01 4 5 154
121 20.01 5 6 154
121 20.01 5 6 154
121 20.01 5 6 154
121 20.01 5 6 154
121 20.01 6 7 154
121 20.01 6 7 154
121 20.01 6 7 154
121 20.01 7 8 154
121 20.01 7 8 154
121 20.01 7 8 154
121 20.01 8 9 154
121 20.01 8 9 154
121 20.01 8 9 154
121 20.01 9 10 154
121 20.01 9 10 154
121 20.01 10 11 154
121 20.01 10 11 154
121 20.01 11 12 154
121 20.01 11 12 154
121 20.01 11 12 154
121 20.01 12 13 154
121 20.01 12 13 154
121 20.01 12 13 154
121 20.01 12 13 154
121 20.01 13 14 154
121 20.01 13 14 154
121 20.01 14 15 154
121 20.01 14 15 154
121 20.01 14 15 154
121 20.01 15 16 154
121 20.01 15 16 154
121 20.01 16 17 154
121 20.01 16 17 154
121 20.01 16 17 154
121 20.01 17 18 154
121 20.01 17 18 154
121 20.01 17 18 154
121 20.01 18 19 154
121 20.01 18 19 154
121 20.01 18 19 154
121 20.01 18 19 154
121 20.01 19 20 154
121 20.01 19 20 154
121 20.01 20 21 154
121 20.01 20 21 154
121 20.01 20 21 154
121 20.01 21 22 154
121 20.01 21 22 154
121 20.01 21 22 154
121 20.01 22 23 154
121 20.01 22 23 154
121 20.01 23 24 154
121 20.01 23 24 154
121 20.01 23 24 154
121 20.01 23 24 154
121 20.01 24 25 154
121 20.01 24 25 154
121 20.01 24 25 154
121 20.01 25 26 154
121 20.01 26 27 154
121 20.01 26 27 154
121 20.01 27 28 154
121 20.01 27 28 154
121 20.01 27 28 154
121 20.01 28 29 154
121 20.01 28 29 154
121 20.01 28 29 154
121 20.01 28 29 154
121 20.01 29 30 154
121 20.01 29 30 154
121 20.01 29 30 154
121 20.01 29 30 154
121 20.01 29 30 154
121 20.01 30 31 154
121 20.01 30 31 154
121 20.01 30 31 154
121 20.01 30 31 154
121 20.01 30 31 154
121 20.01 30 31 154
121 20.01 31 32 154
121 20.01 31 32 154
121 20.01 31 32 154
121 20.01 31 32 154
121 20.01 31 32 154
121 20.01 32 33 154
121 20.01 32 33 154
121 20.01 32 33 154
121 20.01 32 33 154
121 20.01 32 33 154
121 20.01 32 33 154
121 20.01 32 33 154
121 20.01 33 34 154
121 20.01 33 34 154
121 20.01 33 34 154
121 20.01 33 34 154
121 20.01 33 34 154
121 20.01 34 35 154
121 20.01 34 35 154
121 20.01 34 35 154
121 20.01 34 35 154
121 20.01 34 35 154
121 20.01 34 35 154
121 20.01 34 35 154
121 20.01 34 35 154
121 20.01 34 35 154
121 20.01 34 35 154
121 20.01 35 36 154
121 20.01 35 36 154
121 20.01 35 36 154
121 20.01 35 36 154
121 20.01 35 36 154
121 20.01 35 36 154
121 20.01 35 36 154
121 20.01 35 36 154
121 20.01 35 36 154
121 20.01 36 37 154
121 20.01 36 37 154
121 20.01 36 37 154
121 20.01 36 37 154
121 20.01 36 37 154
121 20.01 36 37 154
121 20.01 36 37 154
121 20.01 37 38 154
121 20.01 37 38 154
121 20.01 37 38 154
121 20.01 37 38 154
121 20.01 37 38 154
121 20.01 37 38 154
121 20.01 37 38 154
121 20.01 37 38 154
121 20.01 38 39 154
121 20.01 38 39 154
121 20.01 38 39 154
121 20.01 38 39 154
121 20.01 38 39 154
121 20.01 38 39 154
121 20.01 38 39 154
121 20.01 38 39 154
121 20.01 39 40 154
121 20.01 39 40 154
121 20.01 40 41 154
121 20.01 40 41 154
122 20.01 1 2 221
122 20.01 1 2 221
122 20.01 1 2 221
122 20.01 1 2 221
122 20.01 1 2 221
122 20.01 1 2 221
122 20.01 1 2 221
122 20.01 1 2 221
122 20.01 1 2 221
122 20.01 1 2 221
122 20.01 1 2 221
122 20.01 1 2 221
122 20.01 1 2 221
122 20.01 1 2 221
122 20.01 1 2 221
122 20.01 1 2 221
122 20.01 1 2 221
122 20.01 1 2 221
122 20.01 1 2 221
122 20.01 1 2 221
122 20.01 1 2 221
122 20.01 1 2 221
122 20.01 1 2 221
122 20.01 1 2 221
122 20.01 1 2 221
122 20.01 1 2 221
122 20.01 1 2 221
122 20.01 1 2 221
122 20.01 1 2 221
122 20.01 1 2 221
122 20.01 1 2 221
122 20.01 1 2 221
122 20.01 2 3 221
122 20.01 2 3 221
122 20.01 2 3 221
122 20.01 2 3 221
122 20.01 2 3 221
122 20.01 2 3 221
122 20.01 2 3 221
122 20.01 2 3 221
122 20.01 2 3 221
122 20.01 2 3 221
122 20.01 2 3 221
122 20.01 2 3 221
122 20.01 2 3 221
122 20.01 2 3 221
122 20.01 2 3 221
122 20.01 2 3 221
122 20.01 2 3 221
122 20.01 2 3 221
122 20.01 2 3 221
122 20.01 2 3 221
122 20.01 2 3 221
122 20.01 2 3 221
122 20.01 2 3 221
122 20.01 2 3 221
122 20.01 2 3 221
122 20.01 2 3 221
122 20.01 2 3 221
122 20.01 2 3 221
122 20.01 2 3 221
122 20.01 2 3 221
122 20.01 2 3 221
122 20.01 2 3 221
122 20.01 2 3 221
122 20.01 3 4 221
122 20.01 3 4 221
122 20.01 3 4 221
122 20.01 3 4 221
122 20.01 3 4 221
122 20.01 3 4 221
122 20.01 3 4 221
122 20.01 3 4 221
122 20.01 3 4 221
122 20.01 3 4 221
122 20.01 3 4 221
122 20.01 3 4 221
122 20.01 3 4 221
122 20.01 3 4 221
122 20.01 3 4 221
122 20.01 3 4 221
122 20.01 3 4 221
122 20.01 3 4 221
122 20.01 3 4 221
122 20.01 3 4 221
122 20.01 3 4 221
122 20.01 3 4 221
122 20.01 3 4 221
122 20.01 3 4 221
122 20.01 3 4 221
122 20.01 3 4 221
122 20.01 3 4 221
122 20.01 3 4 221
122 20.01 3 4 221
122 20.01 3 4 221
122 20.01 3 4 221
122 20.01 3 4 221
122 20.01 4 5 221
122 20.01 4 5 221
122 20.01 4 5 221
122 20.01 4 5 221
122 20.01 4 5 221
122 20.01 4 5 221
122 20.01 4 5 221
122 20.01 4 5 221
122 20.01 4 5 221
122 20.01 4 5 221
122 20.01 4 5 221
122 20.01 4 5 221
122 20.01 4 5 221
122 20.01 5 6 221
122 20.01 5 6 221
122 20.01 5 6 221
122 20.01 5 6 221
122 20.01 5 6 221
122 20.01 5 6 221
122 20.01 5 6 221
122 20.01 5 6 221
122 20.01 5 6 221
122 20.01 5 6 221
122 20.01 5 6 221
122 20.01 5 6 221
122 20.01 6 7 221
122 20.01 6 7 221
122 20.01 6 7 221
122 20.01 6 7 221
122 20.01 6 7 221
122 20.01 6 7 221
122 20.01 6 7 221
122 20.01 6 7 221
122 20.01 6 7 221
122 20.01 6 7 221
122 20.01 6 7 221
122 20.01 6 7 221
122 20.01 6 7 221
122 20.01 6 7 221
122 20.01 6 7 221
122 20.01 6 7 221
122 20.01 6 7 221
122 20.01 6 7 221
122 20.01 7 8 221
122 20.01 7 8 221
122 20.01 7 8 221
122 20.01 7 8 221
122 20.01 7 8 221
122 20.01 7 8 221
122 20.01 7 8 221
122 20.01 7 8 221
122 20.01 7 8 221
122 20.01 7 8 221
122 20.01 7 8 221
122 20.01 7 8 221
122 20.01 7 8 221
122 20.01 7 8 221
122 20.01 7 8 221
122 20.01 7 8 221
122 20.01 8 9 221
122 20.01 8 9 221
122 20.01 8 9 221
122 20.01 8 9 221
122 20.01 8 9 221
122 20.01 8 9 221
122 20.01 8 9 221
122 20.01 8 9 221
122 20.01 8 9 221
122 20.01 9 10 221
122 20.01 9 10 221
122 20.01 9 10 221
122 20.01 9 10 221
122 20.01 9 10 221
122 20.01 9 10 221
122 20.01 9 10 221
122 20.01 9 10 221
122 20.01 9 10 221
122 20.01 9 10 221
122 20.01 10 11 221
122 20.01 10 11 221
122 20.01 10 11 221
122 20.01 10 11 221
122 20.01 10 11 221
122 20.01 10 11 221
122 20.01 10 11 221
122 20.01 10 11 221
122 20.01 10 11 221
122 20.01 11 12 221
122 20.01 11 12 221
122 20.01 11 12 221
122 20.01 11 12 221
122 20.01 11 12 221
122 20.01 11 12 221
122 20.01 12 13 221
122 20.01 12 13 221
122 20.01 12 13 221
122 20.01 12 13 221
122 20.01 12 13 221
122 20.01 13 14 221
122 20.01 13 14 221
122 20.01 13 14 221
122 20.01 14 15 221
122 20.01 14 15 221
122 20.01 14 15 221
122 20.01 15 16 221
122 20.01 15 16 221
122 20.01 16 17 221
122 20.01 17 18 221
122 20.01 18 19 221
122 20.01 18 19 221
122 20.01 18 19 221
122 20.01 19 20 221
122 20.01 19 20 221
122 20.01 19 20 221
122 20.01 20 21 221
122 20.01 20 21 221
122 20.01 21 22 221
122 20.01 21 22 221
122 20.01 22 23 221
122 20.01 23 24 221
122 20.01 24 25 221
122 20.01 25 26 221
122 20.01 26 27 221
122 20.01 27 28 221
123 20.01 1 2 202
123 20.01 1 2 202
123 20.01 1 2 202
123 20.01 1 2 202
123 20.01 1 2 202
123 20.01 1 2 202
123 20.01 1 2 202
123 20.01 1 2 202
123 20.01 1 2 202
123 20.01 1 2 202
123 20.01 1 2 202
123 20.01 1 2 202
123 20.01 1 2 202
123 20.01 1 2 202
123 20.01 1 2 202
123 20.01 1 2 202
123 20.01 1 2 202
123 20.01 1 2 202
123 20.01 1 2 202
123 20.01 1 2 202
123 20.01 1 2 202
123 20.01 1 2 202
123 20.01 1 2 202
123 20.01 1 2 202
123 20.01 1 2 202
123 20.01 1 2 202
123 20.01 1 2 202
123 20.01 1 2 202
123 20.01 1 2 202
123 20.01 1 2 202
123 20.01 1 2 202
123 20.01 1 2 202
123 20.01 1 2 202
123 20.01 2 3 202
123 20.01 2 3 202
123 20.01 2 3 202
123 20.01 2 3 202
123 20.01 2 3 202
123 20.01 2 3 202
123 20.01 2 3 202
123 20.01 2 3 202
123 20.01 2 3 202
123 20.01 2 3 202
123 20.01 2 3 202
123 20.01 2 3 202
123 20.01 2 3 202
123 20.01 2 3 202
123 20.01 2 3 202
123 20.01 2 3 202
123 20.01 2 3 202
123 20.01 2 3 202
123 20.01 2 3 202
123 20.01 2 3 202
123 20.01 2 3 202
123 20.01 2 3 202
123 20.01 2 3 202
123 20.01 2 3 202
123 20.01 2 3 202
123 20.01 2 3 202
123 20.01 2 3 202
123 20.01 2 3 202
123 20.01 2 3 202
123 20.01 2 3 202
123 20.01 2 3 202
123 20.01 2 3 202
123 20.01 2 3 202
123 20.01 2 3 202
123 20.01 3 4 202
123 20.01 3 4 202
123 20.01 3 4 202
123 20.01 3 4 202
123 20.01 3 4 202
123 20.01 3 4 202
123 20.01 3 4 202
123 20.01 3 4 202
123 20.01 3 4 202
123 20.01 3 4 202
123 20.01 3 4 202
123 20.01 3 4 202
123 20.01 3 4 202
123 20.01 3 4 202
123 20.01 3 4 202
123 20.01 3 4 202
123 20.01 3 4 202
123 20.01 3 4 202
123 20.01 3 4 202
123 20.01 3 4 202
123 20.01 3 4 202
123 20.01 3 4 202
123 20.01 3 4 202
123 20.01 3 4 202
123 20.01 3 4 202
123 20.01 3 4 202
123 20.01 3 4 202
123 20.01 3 4 202
123 20.01 3 4 202
123 20.01 3 4 202
123 20.01 3 4 202
123 20.01 3 4 202
123 20.01 3 4 202
123 20.01 3 4 202
123 20.01 4 5 202
123 20.01 4 5 202
123 20.01 4 5 202
123 20.01 4 5 202
123 20.01 4 5 202
123 20.01 4 5 202
123 20.01 4 5 202
123 20.01 4 5 202
123 20.01 4 5 202
123 20.01 5 6 202
123 20.01 5 6 202
123 20.01 5 6 202
123 20.01 5 6 202
123 20.01 5 6 202
123 20.01 5 6 202
123 20.01 5 6 202
123 20.01 5 6 202
123 20.01 5 6 202
123 20.01 5 6 202
123 20.01 6 7 202
123 20.01 6 7 202
123 20.01 6 7 202
123 20.01 6 7 202
123 20.01 6 7 202
123 20.01 6 7 202
123 20.01 6 7 202
123 20.01 6 7 202
123 20.01 6 7 202
123 20.01 6 7 202
123 20.01 6 7 202
123 20.01 6 7 202
123 20.01 6 7 202
123 20.01 6 7 202
123 20.01 6 7 202
123 20.01 6 7 202
123 20.01 7 8 202
123 20.01 7 8 202
123 20.01 7 8 202
123 20.01 7 8 202
123 20.01 7 8 202
123 20.01 7 8 202
123 20.01 7 8 202
123 20.01 7 8 202
123 20.01 7 8 202
123 20.01 7 8 202
123 20.01 7 8 202
123 20.01 7 8 202
123 20.01 7 8 202
123 20.01 7 8 202
123 20.01 7 8 202
123 20.01 7 8 202
123 20.01 7 8 202
123 20.01 8 9 202
123 20.01 8 9 202
123 20.01 8 9 202
123 20.01 8 9 202
123 20.01 8 9 202
123 20.01 8 9 202
123 20.01 8 9 202
123 20.01 8 9 202
123 20.01 9 10 202
123 20.01 9 10 202
123 20.01 9 10 202
123 20.01 9 10 202
123 20.01 9 10 202
123 20.01 9 10 202
123 20.01 9 10 202
123 20.01 9 10 202
123 20.01 9 10 202
123 20.01 10 11 202
123 20.01 10 11 202
123 20.01 10 11 202
123 20.01 10 11 202
123 20.01 10 11 202
123 20.01 10 11 202
123 20.01 10 11 202
123 20.01 10 11 202
123 20.01 10 11 202
123 20.01 11 12 202
123 20.01 11 12 202
123 20.01 11 12 202
123 20.01 11 12 202
123 20.01 11 12 202
123 20.01 11 12 202
123 20.01 11 12 202
123 20.01 11 12 202
123 20.01 12 13 202
123 20.01 12 13 202
123 20.01 12 13 202
123 20.01 12 13 202
123 20.01 12 13 202
123 20.01 12 13 202
123 20.01 12 13 202
123 20.01 12 13 202
123 20.01 13 14 202
123 20.01 13 14 202
123 20.01 13 14 202
123 20.01 13 14 202
123 20.01 14 15 202
123 20.01 14 15 202
123 20.01 14 15 202
124 20.01 1 2 299
124 20.01 1 2 299
124 20.01 1 2 299
124 20.01 1 2 299
124 20.01 1 2 299
124 20.01 1 2 299
124 20.01 1 2 299
124 20.01 1 2 299
124 20.01 1 2 299
124 20.01 1 2 299
124 20.01 1 2 299
124 20.01 1 2 299
124 20.01 1 2 299
124 20.01 1 2 299
124 20.01 1 2 299
124 20.01 1 2 299
124 20.01 1 2 299
124 20.01 1 2 299
124 20.01 1 2 299
124 20.01 1 2 299
124 20.01 1 2 299
124 20.01 1 2 299
124 20.01 1 2 299
124 20.01 1 2 299
124 20.01 1 2 299
124 20.01 1 2 299
124 20.01 1 2 299
124 20.01 1 2 299
124 20.01 1 2 299
124 20.01 1 2 299
124 20.01 1 2 299
124 20.01 1 2 299
124 20.01 1 2 299
124 20.01 1 2 299
124 20.01 1 2 299
124 20.01 1 2 299
124 20.01 1 2 299
124 20.01 1 2 299
124 20.01 1 2 299
124 20.01 1 2 299
124 20.01 1 2 299
124 20.01 1 2 299
124 20.01 1 2 299
124 20.01 1 2 299
124 20.01 2 3 299
124 20.01 2 3 299
124 20.01 2 3 299
124 20.01 2 3 299
124 20.01 2 3 299
124 20.01 2 3 299
124 20.01 2 3 299
124 20.01 2 3 299
124 20.01 2 3 299
124 20.01 2 3 299
124 20.01 2 3 299
124 20.01 2 3 299
124 20.01 2 3 299
124 20.01 2 3 299
124 20.01 2 3 299
124 20.01 2 3 299
124 20.01 2 3 299
124 20.01 2 3 299
124 20.01 2 3 299
124 20.01 2 3 299
124 20.01 2 3 299
124 20.01 2 3 299
124 20.01 2 3 299
124 20.01 2 3 299
124 20.01 2 3 299
124 20.01 2 3 299
124 20.01 2 3 299
124 20.01 2 3 299
124 20.01 2 3 299
124 20.01 2 3 299
124 20.01 2 3 299
124 20.01 2 3 299
124 20.01 2 3 299
124 20.01 2 3 299
124 20.01 2 3 299
124 20.01 2 3 299
124 20.01 2 3 299
124 20.01 2 3 299
124 20.01 2 3 299
124 20.01 2 3 299
124 20.01 2 3 299
124 20.01 2 3 299
124 20.01 2 3 299
124 20.01 2 3 299
124 20.01 2 3 299
124 20.01 3 4 299
124 20.01 3 4 299
124 20.01 3 4 299
124 20.01 3 4 299
124 20.01 3 4 299
124 20.01 3 4 299
124 20.01 3 4 299
124 20.01 3 4 299
124 20.01 3 4 299
124 20.01 3 4 299
124 20.01 3 4 299
124 20.01 3 4 299
124 20.01 3 4 299
124 20.01 3 4 299
124 20.01 3 4 299
124 20.01 3 4 299
124 20.01 3 4 299
124 20.01 3 4 299
124 20.01 3 4 299
124 20.01 3 4 299
124 20.01 3 4 299
124 20.01 3 4 299
124 20.01 3 4 299
124 20.01 3 4 299
124 20.01 3 4 299
124 20.01 3 4 299
124 20.01 3 4 299
124 20.01 3 4 299
124 20.01 3 4 299
124 20.01 3 4 299
124 20.01 3 4 299
124 20.01 3 4 299
124 20.01 3 4 299
124 20.01 3 4 299
124 20.01 3 4 299
124 20.01 3 4 299
124 20.01 3 4 299
124 20.01 3 4 299
124 20.01 3 4 299
124 20.01 3 4 299
124 20.01 3 4 299
124 20.01 3 4 299
124 20.01 3 4 299
124 20.01 3 4 299
124 20.01 4 5 299
124 20.01 4 5 299
124 20.01 4 5 299
124 20.01 4 5 299
124 20.01 4 5 299
124 20.01 4 5 299
124 20.01 4 5 299
124 20.01 4 5 299
124 20.01 4 5 299
124 20.01 4 5 299
124 20.01 4 5 299
124 20.01 4 5 299
124 20.01 4 5 299
124 20.01 4 5 299
124 20.01 4 5 299
124 20.01 4 5 299
124 20.01 4 5 299
124 20.01 4 5 299
124 20.01 4 5 299
124 20.01 4 5 299
124 20.01 4 5 299
124 20.01 4 5 299
124 20.01 4 5 299
124 20.01 4 5 299
124 20.01 4 5 299
124 20.01 4 5 299
124 20.01 5 6 299
124 20.01 5 6 299
124 20.01 5 6 299
124 20.01 5 6 299
124 20.01 5 6 299
124 20.01 5 6 299
124 20.01 5 6 299
124 20.01 5 6 299
124 20.01 5 6 299
124 20.01 5 6 299
124 20.01 5 6 299
124 20.01 5 6 299
124 20.01 5 6 299
124 20.01 5 6 299
124 20.01 5 6 299
124 20.01 5 6 299
124 20.01 5 6 299
124 20.01 5 6 299
124 20.01 5 6 299
124 20.01 5 6 299
124 20.01 5 6 299
124 20.01 5 6 299
124 20.01 5 6 299
124 20.01 5 6 299
124 20.01 5 6 299
124 20.01 6 7 299
124 20.01 6 7 299
124 20.01 6 7 299
124 20.01 6 7 299
124 20.01 6 7 299
124 20.01 6 7 299
124 20.01 6 7 299
124 20.01 6 7 299
124 20.01 6 7 299
124 20.01 6 7 299
124 20.01 6 7 299
124 20.01 6 7 299
124 20.01 6 7 299
124 20.01 6 7 299
124 20.01 6 7 299
124 20.01 6 7 299
124 20.01 6 7 299
124 20.01 6 7 299
124 20.01 6 7 299
124 20.01 6 7 299
124 20.01 6 7 299
124 20.01 6 7 299
124 20.01 6 7 299
124 20.01 6 7 299
124 20.01 7 8 299
124 20.01 7 8 299
124 20.01 7 8 299
124 20.01 7 8 299
124 20.01 7 8 299
124 20.01 7 8 299
124 20.01 7 8 299
124 20.01 7 8 299
124 20.01 7 8 299
124 20.01 7 8 299
124 20.01 7 8 299
124 20.01 7 8 299
124 20.01 7 8 299
124 20.01 7 8 299
124 20.01 7 8 299
124 20.01 7 8 299
124 20.01 7 8 299
124 20.01 7 8 299
124 20.01 7 8 299
124 20.01 7 8 299
124 20.01 7 8 299
124 20.01 7 8 299
124 20.01 8 9 299
124 20.01 8 9 299
124 20.01 8 9 299
124 20.01 8 9 299
124 20.01 8 9 299
124 20.01 8 9 299
124 20.01 8 9 299
124 20.01 8 9 299
124 20.01 9 10 299
124 20.01 9 10 299
124 20.01 9 10 299
124 20.01 9 10 299
124 20.01 9 10 299
124 20.01 9 10 299
124 20.01 9 10 299
124 20.01 9 10 299
124 20.01 10 11 299
124 20.01 10 11 299
124 20.01 10 11 299
124 20.01 10 11 299
124 20.01 10 11 299
124 20.01 10 11 299
124 20.01 10 11 299
124 20.01 10 11 299
124 20.01 11 12 299
124 20.01 11 12 299
124 20.01 11 12 299
124 20.01 11 12 299
124 20.01 11 12 299
124 20.01 11 12 299
124 20.01 11 12 299
124 20.01 12 13 299
124 20.01 12 13 299
124 20.01 12 13 299
124 20.01 12 13 299
124 20.01 12 13 299
124 20.01 12 13 299
124 20.01 13 14 299
124 20.01 13 14 299
124 20.01 13 14 299
124 20.01 13 14 299
124 20.01 14 15 299
124 20.01 14 15 299
124 20.01 14 15 299
124 20.01 15 16 299
124 20.01 15 16 299
124 20.01 15 16 299
124 20.01 15 16 299
124 20.01 16 17 299
124 20.01 16 17 299
124 20.01 16 17 299
124 20.01 16 17 299
124 20.01 17 18 299
124 20.01 17 18 299
124 20.01 17 18 299
124 20.01 18 19 299
124 20.01 18 19 299
124 20.01 18 19 299
124 20.01 19 20 299
124 20.01 19 20 299
124 20.01 19 20 299
124 20.01 19 20 299
124 20.01 22 23 299
124 20.01 23 24 299
124 20.01 24 25 299
124 20.01 24 25 299
124 20.01 25 26 299
124 20.01 26 27 299
124 20.01 26 27 299
125 20.01 4 5 321
125 20.01 4 5 321
125 20.01 4 5 321
125 20.01 4 5 321
125 20.01 4 5 321
125 20.01 4 5 321
125 20.01 4 5 321
125 20.01 4 5 321
125 20.01 4 5 321
125 20.01 4 5 321
125 20.01 4 5 321
125 20.01 4 5 321
125 20.01 4 5 321
125 20.01 4 5 321
125 20.01 4 5 321
125 20.01 4 5 321
125 20.01 4 5 321
125 20.01 4 5 321
125 20.01 4 5 321
125 20.01 4 5 321
125 20.01 4 5 321
125 20.01 4 5 321
125 20.01 4 5 321
125 20.01 4 5 321
125 20.01 4 5 321
125 20.01 4 5 321
125 20.01 4 5 321
125 20.01 4 5 321
125 20.01 4 5 321
125 20.01 4 5 321
125 20.01 4 5 321
125 20.01 4 5 321
125 20.01 4 5 321
125 20.01 4 5 321
125 20.01 4 5 321
125 20.01 4 5 321
125 20.01 4 5 321
125 20.01 4 5 321
125 20.01 4 5 321
125 20.01 4 5 321
125 20.01 4 5 321
125 20.01 4 5 321
125 20.01 4 5 321
125 20.01 4 5 321
125 20.01 4 5 321
125 20.01 4 5 321
125 20.01 4 5 321
125 20.01 4 5 321
125 20.01 4 5 321
125 20.01 4 5 321
125 20.01 4 5 321
125 20.01 5 6 321
125 20.01 5 6 321
125 20.01 5 6 321
125 20.01 5 6 321
125 20.01 5 6 321
125 20.01 5 6 321
125 20.01 5 6 321
125 20.01 5 6 321
125 20.01 5 6 321
125 20.01 5 6 321
125 20.01 5 6 321
125 20.01 5 6 321
125 20.01 5 6 321
125 20.01 5 6 321
125 20.01 5 6 321
125 20.01 5 6 321
125 20.01 5 6 321
125 20.01 5 6 321
125 20.01 5 6 321
125 20.01 5 6 321
125 20.01 5 6 321
125 20.01 5 6 321
125 20.01 5 6 321
125 20.01 5 6 321
125 20.01 5 6 321
125 20.01 5 6 321
125 20.01 5 6 321
125 20.01 5 6 321
125 20.01 5 6 321
125 20.01 5 6 321
125 20.01 5 6 321
125 20.01 5 6 321
125 20.01 5 6 321
125 20.01 5 6 321
125 20.01 5 6 321
125 20.01 5 6 321
125 20.01 5 6 321
125 20.01 5 6 321
125 20.01 5 6 321
125 20.01 5 6 321
125 20.01 5 6 321
125 20.01 5 6 321
125 20.01 5 6 321
125 20.01 5 6 321
125 20.01 5 6 321
125 20.01 5 6 321
125 20.01 5 6 321
125 20.01 5 6 321
125 20.01 5 6 321
125 20.01 5 6 321
125 20.01 5 6 321
125 20.01 5 6 321
125 20.01 6 7 321
125 20.01 6 7 321
125 20.01 6 7 321
125 20.01 6 7 321
125 20.01 6 7 321
125 20.01 6 7 321
125 20.01 6 7 321
125 20.01 6 7 321
125 20.01 6 7 321
125 20.01 6 7 321
125 20.01 6 7 321
125 20.01 6 7 321
125 20.01 6 7 321
125 20.01 6 7 321
125 20.01 6 7 321
125 20.01 6 7 321
125 20.01 6 7 321
125 20.01 6 7 321
125 20.01 6 7 321
125 20.01 6 7 321
125 20.01 6 7 321
125 20.01 6 7 321
125 20.01 6 7 321
125 20.01 6 7 321
125 20.01 6 7 321
125 20.01 6 7 321
125 20.01 6 7 321
125 20.01 6 7 321
125 20.01 6 7 321
125 20.01 6 7 321
125 20.01 6 7 321
125 20.01 6 7 321
125 20.01 6 7 321
125 20.01 6 7 321
125 20.01 6 7 321
125 20.01 6 7 321
125 20.01 6 7 321
125 20.01 6 7 321
125 20.01 6 7 321
125 20.01 7 8 321
125 20.01 7 8 321
125 20.01 7 8 321
125 20.01 7 8 321
125 20.01 7 8 321
125 20.01 7 8 321
125 20.01 7 8 321
125 20.01 7 8 321
125 20.01 7 8 321
125 20.01 7 8 321
125 20.01 7 8 321
125 20.01 7 8 321
125 20.01 7 8 321
125 20.01 7 8 321
125 20.01 7 8 321
125 20.01 7 8 321
125 20.01 7 8 321
125 20.01 7 8 321
125 20.01 7 8 321
125 20.01 7 8 321
125 20.01 7 8 321
125 20.01 7 8 321
125 20.01 7 8 321
125 20.01 7 8 321
125 20.01 7 8 321
125 20.01 7 8 321
125 20.01 7 8 321
125 20.01 7 8 321
125 20.01 7 8 321
125 20.01 7 8 321
125 20.01 7 8 321
125 20.01 7 8 321
125 20.01 7 8 321
125 20.01 7 8 321
125 20.01 7 8 321
125 20.01 7 8 321
125 20.01 7 8 321
125 20.01 7 8 321
125 20.01 8 9 321
125 20.01 8 9 321
125 20.01 8 9 321
125 20.01 8 9 321
125 20.01 8 9 321
125 20.01 8 9 321
125 20.01 8 9 321
125 20.01 8 9 321
125 20.01 8 9 321
125 20.01 8 9 321
125 20.01 8 9 321
125 20.01 8 9 321
125 20.01 8 9 321
125 20.01 8 9 321
125 20.01 8 9 321
125 20.01 8 9 321
125 20.01 9 10 321
125 20.01 9 10 321
125 20.01 9 10 321
125 20.01 9 10 321
125 20.01 9 10 321
125 20.01 9 10 321
125 20.01 9 10 321
125 20.01 9 10 321
125 20.01 9 10 321
125 20.01 9 10 321
125 20.01 9 10 321
125 20.01 9 10 321
125 20.01 9 10 321
125 20.01 9 10 321
125 20.01 9 10 321
125 20.01 10 11 321
125 20.01 10 11 321
125 20.01 10 11 321
125 20.01 10 11 321
125 20.01 10 11 321
125 20.01 10 11 321
125 20.01 10 11 321
125 20.01 10 11 321
125 20.01 10 11 321
125 20.01 10 11 321
125 20.01 10 11 321
125 20.01 10 11 321
125 20.01 10 11 321
125 20.01 10 11 321
125 20.01 10 11 321
125 20.01 10 11 321
125 20.01 11 12 321
125 20.01 11 12 321
125 20.01 11 12 321
125 20.01 11 12 321
125 20.01 11 12 321
125 20.01 11 12 321
125 20.01 11 12 321
125 20.01 11 12 321
125 20.01 11 12 321
125 20.01 11 12 321
125 20.01 11 12 321
125 20.01 11 12 321
125 20.01 11 12 321
125 20.01 11 12 321
125 20.01 11 12 321
125 20.01 11 12 321
125 20.01 11 12 321
125 20.01 12 13 321
125 20.01 12 13 321
125 20.01 12 13 321
125 20.01 12 13 321
125 20.01 12 13 321
125 20.01 12 13 321
125 20.01 12 13 321
125 20.01 12 13 321
125 20.01 12 13 321
125 20.01 12 13 321
125 20.01 12 13 321
125 20.01 12 13 321
125 20.01 12 13 321
125 20.01 12 13 321
125 20.01 12 13 321
125 20.01 12 13 321
125 20.01 12 13 321
125 20.01 12 13 321
125 20.01 12 13 321
125 20.01 13 14 321
125 20.01 13 14 321
125 20.01 13 14 321
125 20.01 13 14 321
125 20.01 13 14 321
125 20.01 13 14 321
125 20.01 13 14 321
125 20.01 13 14 321
125 20.01 14 15 321
125 20.01 14 15 321
125 20.01 14 15 321
125 20.01 14 15 321
125 20.01 14 15 321
125 20.01 14 15 321
125 20.01 14 15 321
125 20.01 14 15 321
125 20.01 14 15 321
125 20.01 15 16 321
125 20.01 15 16 321
125 20.01 15 16 321
125 20.01 15 16 321
125 20.01 16 17 321
125 20.01 16 17 321
125 20.01 16 17 321
125 20.01 16 17 321
125 20.01 17 18 321
125 20.01 17 18 321
125 20.01 17 18 321
125 20.01 17 18 321
125 20.01 18 19 321
125 20.01 18 19 321
125 20.01 19 20 321
125 20.01 19 20 321
125 20.01 20 21 321
125 20.01 20 21 321
125 20.01 20 21 321
125 20.01 21 22 321
125 20.01 21 22 321
125 20.01 21 22 321
125 20.01 22 23 321
125 20.01 23 24 321
125 20.01 23 24 321
125 20.01 24 25 321
125 20.01 25 26 321
125 20.01 25 26 321
125 20.01 26 27 321
125 20.01 26 27 321
125 20.01 27 28 321
125 20.01 27 28 321
125 20.01 29 30 321
125 20.01 29 30 321
125 20.01 30 31 321
125 20.01 30 31 321
125 20.01 31 32 321
125 20.01 39 40 321
125 20.01 40 41 321
125 20.01 41 42 321
125 20.01 42 43 321
126 20.01 1 2 199
126 20.01 1 2 199
126 20.01 1 2 199
126 20.01 1 2 199
126 20.01 1 2 199
126 20.01 1 2 199
126 20.01 1 2 199
126 20.01 1 2 199
126 20.01 1 2 199
126 20.01 1 2 199
126 20.01 1 2 199
126 20.01 1 2 199
126 20.01 1 2 199
126 20.01 1 2 199
126 20.01 1 2 199
126 20.01 1 2 199
126 20.01 1 2 199
126 20.01 1 2 199
126 20.01 1 2 199
126 20.01 1 2 199
126 20.01 1 2 199
126 20.01 1 2 199
126 20.01 1 2 199
126 20.01 1 2 199
126 20.01 1 2 199
126 20.01 1 2 199
126 20.01 1 2 199
126 20.01 1 2 199
126 20.01 1 2 199
126 20.01 1 2 199
126 20.01 1 2 199
126 20.01 1 2 199
126 20.01 1 2 199
126 20.01 1 2 199
126 20.01 1 2 199
126 20.01 1 2 199
126 20.01 1 2 199
126 20.01 1 2 199
126 20.01 1 2 199
126 20.01 1 2 199
126 20.01 1 2 199
126 20.01 1 2 199
126 20.01 2 3 199
126 20.01 2 3 199
126 20.01 2 3 199
126 20.01 2 3 199
126 20.01 2 3 199
126 20.01 2 3 199
126 20.01 2 3 199
126 20.01 2 3 199
126 20.01 2 3 199
126 20.01 2 3 199
126 20.01 2 3 199
126 20.01 2 3 199
126 20.01 2 3 199
126 20.01 2 3 199
126 20.01 2 3 199
126 20.01 2 3 199
126 20.01 2 3 199
126 20.01 2 3 199
126 20.01 2 3 199
126 20.01 2 3 199
126 20.01 2 3 199
126 20.01 2 3 199
126 20.01 2 3 199
126 20.01 2 3 199
126 20.01 2 3 199
126 20.01 2 3 199
126 20.01 2 3 199
126 20.01 2 3 199
126 20.01 2 3 199
126 20.01 2 3 199
126 20.01 2 3 199
126 20.01 2 3 199
126 20.01 2 3 199
126 20.01 2 3 199
126 20.01 2 3 199
126 20.01 2 3 199
126 20.01 2 3 199
126 20.01 2 3 199
126 20.01 2 3 199
126 20.01 2 3 199
126 20.01 3 4 199
126 20.01 3 4 199
126 20.01 3 4 199
126 20.01 3 4 199
126 20.01 3 4 199
126 20.01 3 4 199
126 20.01 3 4 199
126 20.01 3 4 199
126 20.01 3 4 199
126 20.01 3 4 199
126 20.01 3 4 199
126 20.01 3 4 199
126 20.01 3 4 199
126 20.01 3 4 199
126 20.01 3 4 199
126 20.01 3 4 199
126 20.01 3 4 199
126 20.01 3 4 199
126 20.01 3 4 199
126 20.01 3 4 199
126 20.01 3 4 199
126 20.01 3 4 199
126 20.01 3 4 199
126 20.01 3 4 199
126 20.01 3 4 199
126 20.01 3 4 199
126 20.01 3 4 199
126 20.01 3 4 199
126 20.01 3 4 199
126 20.01 3 4 199
126 20.01 3 4 199
126 20.01 3 4 199
126 20.01 3 4 199
126 20.01 3 4 199
126 20.01 3 4 199
126 20.01 3 4 199
126 20.01 3 4 199
126 20.01 3 4 199
126 20.01 3 4 199
126 20.01 3 4 199
126 20.01 3 4 199
126 20.01 4 5 199
126 20.01 4 5 199
126 20.01 4 5 199
126 20.01 4 5 199
126 20.01 4 5 199
126 20.01 4 5 199
126 20.01 4 5 199
126 20.01 5 6 199
126 20.01 5 6 199
126 20.01 5 6 199
126 20.01 5 6 199
126 20.01 5 6 199
126 20.01 5 6 199
126 20.01 5 6 199
126 20.01 5 6 199
126 20.01 5 6 199
126 20.01 6 7 199
126 20.01 6 7 199
126 20.01 6 7 199
126 20.01 6 7 199
126 20.01 6 7 199
126 20.01 6 7 199
126 20.01 6 7 199
126 20.01 6 7 199
126 20.01 6 7 199
126 20.01 6 7 199
126 20.01 7 8 199
126 20.01 7 8 199
126 20.01 7 8 199
126 20.01 7 8 199
126 20.01 7 8 199
126 20.01 7 8 199
126 20.01 7 8 199
126 20.01 7 8 199
126 20.01 7 8 199
126 20.01 7 8 199
126 20.01 8 9 199
126 20.01 8 9 199
126 20.01 8 9 199
126 20.01 8 9 199
126 20.01 8 9 199
126 20.01 8 9 199
126 20.01 9 10 199
126 20.01 9 10 199
126 20.01 9 10 199
126 20.01 9 10 199
126 20.01 9 10 199
126 20.01 9 10 199
126 20.01 10 11 199
126 20.01 10 11 199
126 20.01 10 11 199
126 20.01 10 11 199
126 20.01 10 11 199
126 20.01 11 12 199
126 20.01 11 12 199
126 20.01 11 12 199
126 20.01 12 13 199
126 20.01 12 13 199
126 20.01 12 13 199
126 20.01 12 13 199
126 20.01 13 14 199
126 20.01 13 14 199
126 20.01 13 14 199
126 20.01 13 14 199
126 20.01 14 15 199
126 20.01 14 15 199
126 20.01 14 15 199
126 20.01 14 15 199
126 20.01 14 15 199
126 20.01 16 17 199
126 20.01 17 18 199
126 20.01 20 21 199
126 20.01 20 21 199
126 20.01 20 21 199
126 20.01 21 22 199
126 20.01 21 22 199
127 20.01 1 2 253
127 20.01 1 2 253
127 20.01 1 2 253
127 20.01 1 2 253
127 20.01 1 2 253
127 20.01 1 2 253
127 20.01 1 2 253
127 20.01 1 2 253
127 20.01 1 2 253
127 20.01 1 2 253
127 20.01 1 2 253
127 20.01 1 2 253
127 20.01 1 2 253
127 20.01 1 2 253
127 20.01 1 2 253
127 20.01 1 2 253
127 20.01 1 2 253
127 20.01 1 2 253
127 20.01 1 2 253
127 20.01 1 2 253
127 20.01 1 2 253
127 20.01 1 2 253
127 20.01 1 2 253
127 20.01 1 2 253
127 20.01 1 2 253
127 20.01 1 2 253
127 20.01 1 2 253
127 20.01 1 2 253
127 20.01 1 2 253
127 20.01 1 2 253
127 20.01 1 2 253
127 20.01 1 2 253
127 20.01 1 2 253
127 20.01 1 2 253
127 20.01 1 2 253
127 20.01 1 2 253
127 20.01 1 2 253
127 20.01 1 2 253
127 20.01 1 2 253
127 20.01 1 2 253
127 20.01 1 2 253
127 20.01 1 2 253
127 20.01 1 2 253
127 20.01 1 2 253
127 20.01 1 2 253
127 20.01 1 2 253
127 20.01 1 2 253
127 20.01 1 2 253
127 20.01 1 2 253
127 20.01 1 2 253
127 20.01 1 2 253
127 20.01 1 2 253
127 20.01 2 3 253
127 20.01 2 3 253
127 20.01 2 3 253
127 20.01 2 3 253
127 20.01 2 3 253
127 20.01 2 3 253
127 20.01 2 3 253
127 20.01 2 3 253
127 20.01 2 3 253
127 20.01 2 3 253
127 20.01 2 3 253
127 20.01 2 3 253
127 20.01 2 3 253
127 20.01 2 3 253
127 20.01 2 3 253
127 20.01 2 3 253
127 20.01 2 3 253
127 20.01 2 3 253
127 20.01 2 3 253
127 20.01 2 3 253
127 20.01 2 3 253
127 20.01 2 3 253
127 20.01 2 3 253
127 20.01 2 3 253
127 20.01 2 3 253
127 20.01 2 3 253
127 20.01 2 3 253
127 20.01 2 3 253
127 20.01 2 3 253
127 20.01 2 3 253
127 20.01 2 3 253
127 20.01 2 3 253
127 20.01 2 3 253
127 20.01 2 3 253
127 20.01 2 3 253
127 20.01 2 3 253
127 20.01 2 3 253
127 20.01 2 3 253
127 20.01 2 3 253
127 20.01 2 3 253
127 20.01 2 3 253
127 20.01 2 3 253
127 20.01 2 3 253
127 20.01 2 3 253
127 20.01 2 3 253
127 20.01 2 3 253
127 20.01 2 3 253
127 20.01 2 3 253
127 20.01 2 3 253
127 20.01 2 3 253
127 20.01 2 3 253
127 20.01 3 4 253
127 20.01 3 4 253
127 20.01 3 4 253
127 20.01 3 4 253
127 20.01 3 4 253
127 20.01 3 4 253
127 20.01 3 4 253
127 20.01 3 4 253
127 20.01 3 4 253
127 20.01 3 4 253
127 20.01 3 4 253
127 20.01 3 4 253
127 20.01 3 4 253
127 20.01 3 4 253
127 20.01 3 4 253
127 20.01 3 4 253
127 20.01 3 4 253
127 20.01 3 4 253
127 20.01 3 4 253
127 20.01 3 4 253
127 20.01 3 4 253
127 20.01 3 4 253
127 20.01 3 4 253
127 20.01 3 4 253
127 20.01 3 4 253
127 20.01 3 4 253
127 20.01 3 4 253
127 20.01 3 4 253
127 20.01 3 4 253
127 20.01 3 4 253
127 20.01 3 4 253
127 20.01 3 4 253
127 20.01 3 4 253
127 20.01 3 4 253
127 20.01 3 4 253
127 20.01 3 4 253
127 20.01 3 4 253
127 20.01 3 4 253
127 20.01 3 4 253
127 20.01 3 4 253
127 20.01 3 4 253
127 20.01 3 4 253
127 20.01 3 4 253
127 20.01 3 4 253
127 20.01 3 4 253
127 20.01 3 4 253
127 20.01 3 4 253
127 20.01 3 4 253
127 20.01 3 4 253
127 20.01 3 4 253
127 20.01 3 4 253
127 20.01 4 5 253
127 20.01 4 5 253
127 20.01 4 5 253
127 20.01 4 5 253
127 20.01 4 5 253
127 20.01 4 5 253
127 20.01 4 5 253
127 20.01 4 5 253
127 20.01 4 5 253
127 20.01 4 5 253
127 20.01 4 5 253
127 20.01 4 5 253
127 20.01 4 5 253
127 20.01 4 5 253
127 20.01 4 5 253
127 20.01 4 5 253
127 20.01 4 5 253
127 20.01 4 5 253
127 20.01 4 5 253
127 20.01 4 5 253
127 20.01 4 5 253
127 20.01 4 5 253
127 20.01 5 6 253
127 20.01 5 6 253
127 20.01 5 6 253
127 20.01 5 6 253
127 20.01 5 6 253
127 20.01 5 6 253
127 20.01 5 6 253
127 20.01 5 6 253
127 20.01 5 6 253
127 20.01 5 6 253
127 20.01 5 6 253
127 20.01 5 6 253
127 20.01 5 6 253
127 20.01 5 6 253
127 20.01 5 6 253
127 20.01 5 6 253
127 20.01 5 6 253
127 20.01 5 6 253
127 20.01 5 6 253
127 20.01 5 6 253
127 20.01 6 7 253
127 20.01 6 7 253
127 20.01 6 7 253
127 20.01 6 7 253
127 20.01 6 7 253
127 20.01 6 7 253
127 20.01 6 7 253
127 20.01 6 7 253
127 20.01 6 7 253
127 20.01 7 8 253
127 20.01 7 8 253
127 20.01 7 8 253
127 20.01 7 8 253
127 20.01 7 8 253
127 20.01 7 8 253
127 20.01 7 8 253
127 20.01 7 8 253
127 20.01 7 8 253
127 20.01 7 8 253
127 20.01 8 9 253
127 20.01 8 9 253
127 20.01 8 9 253
127 20.01 8 9 253
127 20.01 9 10 253
127 20.01 9 10 253
127 20.01 9 10 253
127 20.01 9 10 253
127 20.01 9 10 253
127 20.01 9 10 253
127 20.01 10 11 253
127 20.01 10 11 253
127 20.01 10 11 253
127 20.01 10 11 253
127 20.01 10 11 253
127 20.01 11 12 253
127 20.01 11 12 253
127 20.01 11 12 253
127 20.01 11 12 253
127 20.01 11 12 253
127 20.01 12 13 253
127 20.01 12 13 253
127 20.01 12 13 253
127 20.01 12 13 253
127 20.01 12 13 253
127 20.01 13 14 253
127 20.01 13 14 253
127 20.01 14 15 253
127 20.01 14 15 253
127 20.01 14 15 253
127 20.01 15 16 253
127 20.01 15 16 253
127 20.01 16 17 253
127 20.01 16 17 253
127 20.01 17 18 253
127 20.01 17 18 253
127 20.01 18 19 253
127 20.01 20 21 253
128 20.01 1 2 262
128 20.01 1 2 262
128 20.01 1 2 262
128 20.01 1 2 262
128 20.01 1 2 262
128 20.01 1 2 262
128 20.01 1 2 262
128 20.01 1 2 262
128 20.01 1 2 262
128 20.01 1 2 262
128 20.01 1 2 262
128 20.01 1 2 262
128 20.01 1 2 262
128 20.01 1 2 262
128 20.01 1 2 262
128 20.01 1 2 262
128 20.01 1 2 262
128 20.01 1 2 262
128 20.01 1 2 262
128 20.01 1 2 262
128 20.01 1 2 262
128 20.01 1 2 262
128 20.01 1 2 262
128 20.01 1 2 262
128 20.01 1 2 262
128 20.01 1 2 262
128 20.01 1 2 262
128 20.01 1 2 262
128 20.01 1 2 262
128 20.01 1 2 262
128 20.01 1 2 262
128 20.01 1 2 262
128 20.01 1 2 262
128 20.01 1 2 262
128 20.01 1 2 262
128 20.01 1 2 262
128 20.01 1 2 262
128 20.01 1 2 262
128 20.01 1 2 262
128 20.01 1 2 262
128 20.01 1 2 262
128 20.01 1 2 262
128 20.01 1 2 262
128 20.01 1 2 262
128 20.01 1 2 262
128 20.01 1 2 262
128 20.01 1 2 262
128 20.01 1 2 262
128 20.01 1 2 262
128 20.01 1 2 262
128 20.01 1 2 262
128 20.01 1 2 262
128 20.01 1 2 262
128 20.01 1 2 262
128 20.01 1 2 262
128 20.01 1 2 262
128 20.01 1 2 262
128 20.01 2 3 262
128 20.01 2 3 262
128 20.01 2 3 262
128 20.01 2 3 262
128 20.01 2 3 262
128 20.01 2 3 262
128 20.01 2 3 262
128 20.01 2 3 262
128 20.01 2 3 262
128 20.01 2 3 262
128 20.01 2 3 262
128 20.01 2 3 262
128 20.01 2 3 262
128 20.01 2 3 262
128 20.01 2 3 262
128 20.01 2 3 262
128 20.01 2 3 262
128 20.01 2 3 262
128 20.01 2 3 262
128 20.01 2 3 262
128 20.01 2 3 262
128 20.01 2 3 262
128 20.01 2 3 262
128 20.01 2 3 262
128 20.01 2 3 262
128 20.01 2 3 262
128 20.01 2 3 262
128 20.01 2 3 262
128 20.01 2 3 262
128 20.01 2 3 262
128 20.01 2 3 262
128 20.01 2 3 262
128 20.01 2 3 262
128 20.01 2 3 262
128 20.01 2 3 262
128 20.01 2 3 262
128 20.01 2 3 262
128 20.01 2 3 262
128 20.01 2 3 262
128 20.01 2 3 262
128 20.01 2 3 262
128 20.01 2 3 262
128 20.01 2 3 262
128 20.01 2 3 262
128 20.01 2 3 262
128 20.01 2 3 262
128 20.01 2 3 262
128 20.01 2 3 262
128 20.01 2 3 262
128 20.01 2 3 262
128 20.01 2 3 262
128 20.01 2 3 262
128 20.01 2 3 262
128 20.01 2 3 262
128 20.01 2 3 262
128 20.01 2 3 262
128 20.01 2 3 262
128 20.01 2 3 262
128 20.01 3 4 262
128 20.01 3 4 262
128 20.01 3 4 262
128 20.01 3 4 262
128 20.01 3 4 262
128 20.01 3 4 262
128 20.01 3 4 262
128 20.01 3 4 262
128 20.01 3 4 262
128 20.01 3 4 262
128 20.01 3 4 262
128 20.01 3 4 262
128 20.01 3 4 262
128 20.01 3 4 262
128 20.01 3 4 262
128 20.01 3 4 262
128 20.01 3 4 262
128 20.01 3 4 262
128 20.01 3 4 262
128 20.01 3 4 262
128 20.01 3 4 262
128 20.01 3 4 262
128 20.01 3 4 262
128 20.01 3 4 262
128 20.01 3 4 262
128 20.01 3 4 262
128 20.01 3 4 262
128 20.01 3 4 262
128 20.01 3 4 262
128 20.01 3 4 262
128 20.01 3 4 262
128 20.01 3 4 262
128 20.01 3 4 262
128 20.01 3 4 262
128 20.01 3 4 262
128 20.01 3 4 262
128 20.01 3 4 262
128 20.01 3 4 262
128 20.01 3 4 262
128 20.01 3 4 262
128 20.01 3 4 262
128 20.01 3 4 262
128 20.01 3 4 262
128 20.01 3 4 262
128 20.01 3 4 262
128 20.01 3 4 262
128 20.01 3 4 262
128 20.01 3 4 262
128 20.01 3 4 262
128 20.01 3 4 262
128 20.01 3 4 262
128 20.01 3 4 262
128 20.01 3 4 262
128 20.01 3 4 262
128 20.01 3 4 262
128 20.01 3 4 262
128 20.01 3 4 262
128 20.01 3 4 262
128 20.01 4 5 262
128 20.01 4 5 262
128 20.01 4 5 262
128 20.01 4 5 262
128 20.01 4 5 262
128 20.01 4 5 262
128 20.01 4 5 262
128 20.01 4 5 262
128 20.01 4 5 262
128 20.01 4 5 262
128 20.01 4 5 262
128 20.01 4 5 262
128 20.01 5 6 262
128 20.01 5 6 262
128 20.01 5 6 262
128 20.01 5 6 262
128 20.01 5 6 262
128 20.01 5 6 262
128 20.01 5 6 262
128 20.01 5 6 262
128 20.01 5 6 262
128 20.01 5 6 262
128 20.01 6 7 262
128 20.01 6 7 262
128 20.01 6 7 262
128 20.01 6 7 262
128 20.01 6 7 262
128 20.01 6 7 262
128 20.01 6 7 262
128 20.01 6 7 262
128 20.01 6 7 262
128 20.01 7 8 262
128 20.01 7 8 262
128 20.01 7 8 262
128 20.01 7 8 262
128 20.01 7 8 262
128 20.01 7 8 262
128 20.01 7 8 262
128 20.01 7 8 262
128 20.01 7 8 262
128 20.01 8 9 262
128 20.01 8 9 262
128 20.01 8 9 262
128 20.01 8 9 262
128 20.01 9 10 262
128 20.01 9 10 262
128 20.01 9 10 262
128 20.01 9 10 262
128 20.01 10 11 262
128 20.01 10 11 262
128 20.01 10 11 262
128 20.01 10 11 262
128 20.01 11 12 262
128 20.01 11 12 262
128 20.01 11 12 262
128 20.01 12 13 262
128 20.01 12 13 262
128 20.01 12 13 262
128 20.01 13 14 262
128 20.01 13 14 262
128 20.01 13 14 262
128 20.01 13 14 262
128 20.01 13 14 262
128 20.01 13 14 262
128 20.01 14 15 262
128 20.01 14 15 262
128 20.01 14 15 262
128 20.01 14 15 262
128 20.01 15 16 262
128 20.01 15 16 262
128 20.01 16 17 262
128 20.01 16 17 262
128 20.01 17 18 262
128 20.01 17 18 262
128 20.01 17 18 262
128 20.01 18 19 262
128 20.01 19 20 262
128 20.01 19 20 262
128 20.01 20 21 262
128 20.01 20 21 262
128 20.01 21 22 262
128 20.01 23 24 262
128 20.01 24 25 262
128 20.01 26 27 262
128 20.01 27 28 262
128 20.01 28 29 262
128 20.01 31 32 262
128 20.01 34 35 262
128 20.01 35 36 262
129 20.01 1 2 319
129 20.01 1 2 319
129 20.01 1 2 319
129 20.01 1 2 319
129 20.01 1 2 319
129 20.01 1 2 319
129 20.01 1 2 319
129 20.01 1 2 319
129 20.01 1 2 319
129 20.01 1 2 319
129 20.01 1 2 319
129 20.01 1 2 319
129 20.01 1 2 319
129 20.01 1 2 319
129 20.01 1 2 319
129 20.01 1 2 319
129 20.01 1 2 319
129 20.01 1 2 319
129 20.01 1 2 319
129 20.01 1 2 319
129 20.01 1 2 319
129 20.01 1 2 319
129 20.01 1 2 319
129 20.01 1 2 319
129 20.01 1 2 319
129 20.01 1 2 319
129 20.01 1 2 319
129 20.01 1 2 319
129 20.01 1 2 319
129 20.01 1 2 319
129 20.01 1 2 319
129 20.01 1 2 319
129 20.01 1 2 319
129 20.01 1 2 319
129 20.01 1 2 319
129 20.01 1 2 319
129 20.01 1 2 319
129 20.01 1 2 319
129 20.01 1 2 319
129 20.01 1 2 319
129 20.01 1 2 319
129 20.01 1 2 319
129 20.01 1 2 319
129 20.01 1 2 319
129 20.01 2 3 319
129 20.01 2 3 319
129 20.01 2 3 319
129 20.01 2 3 319
129 20.01 2 3 319
129 20.01 2 3 319
129 20.01 2 3 319
129 20.01 2 3 319
129 20.01 2 3 319
129 20.01 2 3 319
129 20.01 2 3 319
129 20.01 2 3 319
129 20.01 2 3 319
129 20.01 2 3 319
129 20.01 2 3 319
129 20.01 2 3 319
129 20.01 2 3 319
129 20.01 2 3 319
129 20.01 2 3 319
129 20.01 2 3 319
129 20.01 2 3 319
129 20.01 2 3 319
129 20.01 2 3 319
129 20.01 2 3 319
129 20.01 2 3 319
129 20.01 2 3 319
129 20.01 2 3 319
129 20.01 2 3 319
129 20.01 2 3 319
129 20.01 2 3 319
129 20.01 2 3 319
129 20.01 2 3 319
129 20.01 2 3 319
129 20.01 2 3 319
129 20.01 2 3 319
129 20.01 2 3 319
129 20.01 2 3 319
129 20.01 2 3 319
129 20.01 2 3 319
129 20.01 2 3 319
129 20.01 2 3 319
129 20.01 2 3 319
129 20.01 2 3 319
129 20.01 3 4 319
129 20.01 3 4 319
129 20.01 3 4 319
129 20.01 3 4 319
129 20.01 3 4 319
129 20.01 3 4 319
129 20.01 3 4 319
129 20.01 3 4 319
129 20.01 3 4 319
129 20.01 3 4 319
129 20.01 3 4 319
129 20.01 3 4 319
129 20.01 3 4 319
129 20.01 3 4 319
129 20.01 3 4 319
129 20.01 3 4 319
129 20.01 3 4 319
129 20.01 3 4 319
129 20.01 3 4 319
129 20.01 3 4 319
129 20.01 3 4 319
129 20.01 3 4 319
129 20.01 3 4 319
129 20.01 3 4 319
129 20.01 3 4 319
129 20.01 3 4 319
129 20.01 3 4 319
129 20.01 3 4 319
129 20.01 3 4 319
129 20.01 3 4 319
129 20.01 3 4 319
129 20.01 3 4 319
129 20.01 3 4 319
129 20.01 3 4 319
129 20.01 3 4 319
129 20.01 3 4 319
129 20.01 3 4 319
129 20.01 3 4 319
129 20.01 3 4 319
129 20.01 3 4 319
129 20.01 3 4 319
129 20.01 3 4 319
129 20.01 3 4 319
129 20.01 3 4 319
129 20.01 4 5 319
129 20.01 4 5 319
129 20.01 4 5 319
129 20.01 4 5 319
129 20.01 4 5 319
129 20.01 4 5 319
129 20.01 4 5 319
129 20.01 4 5 319
129 20.01 4 5 319
129 20.01 4 5 319
129 20.01 4 5 319
129 20.01 4 5 319
129 20.01 4 5 319
129 20.01 4 5 319
129 20.01 4 5 319
129 20.01 4 5 319
129 20.01 4 5 319
129 20.01 4 5 319
129 20.01 4 5 319
129 20.01 4 5 319
129 20.01 4 5 319
129 20.01 4 5 319
129 20.01 4 5 319
129 20.01 4 5 319
129 20.01 4 5 319
129 20.01 4 5 319
129 20.01 5 6 319
129 20.01 5 6 319
129 20.01 5 6 319
129 20.01 5 6 319
129 20.01 5 6 319
129 20.01 5 6 319
129 20.01 5 6 319
129 20.01 5 6 319
129 20.01 5 6 319
129 20.01 5 6 319
129 20.01 5 6 319
129 20.01 5 6 319
129 20.01 5 6 319
129 20.01 5 6 319
129 20.01 5 6 319
129 20.01 5 6 319
129 20.01 5 6 319
129 20.01 5 6 319
129 20.01 5 6 319
129 20.01 5 6 319
129 20.01 5 6 319
129 20.01 5 6 319
129 20.01 5 6 319
129 20.01 5 6 319
129 20.01 5 6 319
129 20.01 6 7 319
129 20.01 6 7 319
129 20.01 6 7 319
129 20.01 6 7 319
129 20.01 6 7 319
129 20.01 6 7 319
129 20.01 6 7 319
129 20.01 6 7 319
129 20.01 6 7 319
129 20.01 6 7 319
129 20.01 6 7 319
129 20.01 6 7 319
129 20.01 6 7 319
129 20.01 6 7 319
129 20.01 6 7 319
129 20.01 6 7 319
129 20.01 6 7 319
129 20.01 6 7 319
129 20.01 6 7 319
129 20.01 6 7 319
129 20.01 6 7 319
129 20.01 6 7 319
129 20.01 6 7 319
129 20.01 7 8 319
129 20.01 7 8 319
129 20.01 7 8 319
129 20.01 7 8 319
129 20.01 7 8 319
129 20.01 7 8 319
129 20.01 7 8 319
129 20.01 7 8 319
129 20.01 7 8 319
129 20.01 7 8 319
129 20.01 7 8 319
129 20.01 7 8 319
129 20.01 7 8 319
129 20.01 7 8 319
129 20.01 7 8 319
129 20.01 7 8 319
129 20.01 7 8 319
129 20.01 7 8 319
129 20.01 7 8 319
129 20.01 7 8 319
129 20.01 7 8 319
129 20.01 7 8 319
129 20.01 8 9 319
129 20.01 8 9 319
129 20.01 8 9 319
129 20.01 8 9 319
129 20.01 8 9 319
129 20.01 8 9 319
129 20.01 8 9 319
129 20.01 8 9 319
129 20.01 8 9 319
129 20.01 8 9 319
129 20.01 8 9 319
129 20.01 8 9 319
129 20.01 8 9 319
129 20.01 8 9 319
129 20.01 8 9 319
129 20.01 9 10 319
129 20.01 9 10 319
129 20.01 9 10 319
129 20.01 9 10 319
129 20.01 9 10 319
129 20.01 9 10 319
129 20.01 9 10 319
129 20.01 9 10 319
129 20.01 9 10 319
129 20.01 9 10 319
129 20.01 9 10 319
129 20.01 9 10 319
129 20.01 9 10 319
129 20.01 9 10 319
129 20.01 9 10 319
129 20.01 9 10 319
129 20.01 10 11 319
129 20.01 10 11 319
129 20.01 10 11 319
129 20.01 10 11 319
129 20.01 10 11 319
129 20.01 10 11 319
129 20.01 10 11 319
129 20.01 10 11 319
129 20.01 10 11 319
129 20.01 10 11 319
129 20.01 10 11 319
129 20.01 10 11 319
129 20.01 10 11 319
129 20.01 10 11 319
129 20.01 11 12 319
129 20.01 11 12 319
129 20.01 11 12 319
129 20.01 11 12 319
129 20.01 12 13 319
129 20.01 12 13 319
129 20.01 12 13 319
129 20.01 13 14 319
129 20.01 13 14 319
129 20.01 13 14 319
129 20.01 13 14 319
129 20.01 13 14 319
129 20.01 13 14 319
129 20.01 14 15 319
129 20.01 14 15 319
129 20.01 14 15 319
129 20.01 14 15 319
129 20.01 14 15 319
129 20.01 15 16 319
129 20.01 15 16 319
129 20.01 15 16 319
129 20.01 15 16 319
129 20.01 16 17 319
129 20.01 16 17 319
129 20.01 16 17 319
129 20.01 16 17 319
129 20.01 16 17 319
129 20.01 17 18 319
129 20.01 17 18 319
129 20.01 17 18 319
129 20.01 17 18 319
129 20.01 18 19 319
129 20.01 19 20 319
129 20.01 20 21 319
129 20.01 20 21 319
129 20.01 20 21 319
129 20.01 21 22 319
129 20.01 21 22 319
129 20.01 22 23 319
129 20.01 22 23 319
129 20.01 23 24 319
129 20.01 23 24 319
129 20.01 24 25 319
129 20.01 28 29 319
129 20.01 28 29 319
129 20.01 29 30 319
129 20.01 31 32 319
130 20.01 1 2 161
130 20.01 1 2 161
130 20.01 1 2 161
130 20.01 1 2 161
130 20.01 1 2 161
130 20.01 1 2 161
130 20.01 1 2 161
130 20.01 1 2 161
130 20.01 1 2 161
130 20.01 1 2 161
130 20.01 1 2 161
130 20.01 1 2 161
130 20.01 1 2 161
130 20.01 1 2 161
130 20.01 1 2 161
130 20.01 1 2 161
130 20.01 1 2 161
130 20.01 1 2 161
130 20.01 1 2 161
130 20.01 1 2 161
130 20.01 1 2 161
130 20.01 1 2 161
130 20.01 1 2 161
130 20.01 1 2 161
130 20.01 2 3 161
130 20.01 2 3 161
130 20.01 2 3 161
130 20.01 2 3 161
130 20.01 2 3 161
130 20.01 2 3 161
130 20.01 2 3 161
130 20.01 2 3 161
130 20.01 2 3 161
130 20.01 2 3 161
130 20.01 2 3 161
130 20.01 2 3 161
130 20.01 2 3 161
130 20.01 2 3 161
130 20.01 2 3 161
130 20.01 2 3 161
130 20.01 2 3 161
130 20.01 2 3 161
130 20.01 2 3 161
130 20.01 2 3 161
130 20.01 2 3 161
130 20.01 2 3 161
130 20.01 2 3 161
130 20.01 2 3 161
130 20.01 3 4 161
130 20.01 3 4 161
130 20.01 3 4 161
130 20.01 3 4 161
130 20.01 3 4 161
130 20.01 3 4 161
130 20.01 3 4 161
130 20.01 3 4 161
130 20.01 3 4 161
130 20.01 3 4 161
130 20.01 3 4 161
130 20.01 3 4 161
130 20.01 3 4 161
130 20.01 3 4 161
130 20.01 3 4 161
130 20.01 3 4 161
130 20.01 3 4 161
130 20.01 3 4 161
130 20.01 3 4 161
130 20.01 3 4 161
130 20.01 3 4 161
130 20.01 3 4 161
130 20.01 3 4 161
130 20.01 3 4 161
130 20.01 3 4 161
130 20.01 4 5 161
130 20.01 4 5 161
130 20.01 4 5 161
130 20.01 4 5 161
130 20.01 4 5 161
130 20.01 4 5 161
130 20.01 4 5 161
130 20.01 5 6 161
130 20.01 5 6 161
130 20.01 5 6 161
130 20.01 5 6 161
130 20.01 5 6 161
130 20.01 5 6 161
130 20.01 5 6 161
130 20.01 6 7 161
130 20.01 6 7 161
130 20.01 6 7 161
130 20.01 6 7 161
130 20.01 6 7 161
130 20.01 6 7 161
130 20.01 6 7 161
130 20.01 6 7 161
130 20.01 6 7 161
130 20.01 6 7 161
130 20.01 6 7 161
130 20.01 7 8 161
130 20.01 7 8 161
130 20.01 7 8 161
130 20.01 7 8 161
130 20.01 7 8 161
130 20.01 7 8 161
130 20.01 7 8 161
130 20.01 7 8 161
130 20.01 7 8 161
130 20.01 7 8 161
130 20.01 7 8 161
130 20.01 8 9 161
130 20.01 8 9 161
130 20.01 8 9 161
130 20.01 8 9 161
130 20.01 8 9 161
130 20.01 9 10 161
130 20.01 9 10 161
130 20.01 9 10 161
130 20.01 9 10 161
130 20.01 9 10 161
130 20.01 9 10 161
130 20.01 10 11 161
130 20.01 10 11 161
130 20.01 10 11 161
130 20.01 10 11 161
130 20.01 10 11 161
130 20.01 11 12 161
130 20.01 11 12 161
130 20.01 11 12 161
130 20.01 11 12 161
130 20.01 11 12 161
130 20.01 11 12 161
130 20.01 11 12 161
130 20.01 11 12 161
130 20.01 12 13 161
130 20.01 12 13 161
130 20.01 12 13 161
130 20.01 12 13 161
130 20.01 12 13 161
130 20.01 12 13 161
130 20.01 12 13 161
130 20.01 12 13 161
130 20.01 12 13 161
130 20.01 13 14 161
130 20.01 13 14 161
130 20.01 14 15 161
130 20.01 14 15 161
130 20.01 15 16 161
130 20.01 15 16 161
130 20.01 15 16 161
130 20.01 15 16 161
130 20.01 15 16 161
130 20.01 16 17 161
130 20.01 16 17 161
130 20.01 16 17 161
130 20.01 16 17 161
130 20.01 16 17 161
130 20.01 17 18 161
130 20.01 17 18 161
130 20.01 17 18 161
130 20.01 18 19 161
130 20.01 19 20 161
131 20.01 1 2 254
131 20.01 1 2 254
131 20.01 1 2 254
131 20.01 1 2 254
131 20.01 1 2 254
131 20.01 1 2 254
131 20.01 1 2 254
131 20.01 1 2 254
131 20.01 1 2 254
131 20.01 1 2 254
131 20.01 1 2 254
131 20.01 1 2 254
131 20.01 1 2 254
131 20.01 1 2 254
131 20.01 1 2 254
131 20.01 1 2 254
131 20.01 1 2 254
131 20.01 1 2 254
131 20.01 1 2 254
131 20.01 1 2 254
131 20.01 1 2 254
131 20.01 1 2 254
131 20.01 1 2 254
131 20.01 1 2 254
131 20.01 1 2 254
131 20.01 1 2 254
131 20.01 1 2 254
131 20.01 1 2 254
131 20.01 1 2 254
131 20.01 1 2 254
131 20.01 1 2 254
131 20.01 1 2 254
131 20.01 1 2 254
131 20.01 1 2 254
131 20.01 1 2 254
131 20.01 1 2 254
131 20.01 1 2 254
131 20.01 1 2 254
131 20.01 1 2 254
131 20.01 1 2 254
131 20.01 1 2 254
131 20.01 1 2 254
131 20.01 1 2 254
131 20.01 1 2 254
131 20.01 1 2 254
131 20.01 1 2 254
131 20.01 1 2 254
131 20.01 1 2 254
131 20.01 2 3 254
131 20.01 2 3 254
131 20.01 2 3 254
131 20.01 2 3 254
131 20.01 2 3 254
131 20.01 2 3 254
131 20.01 2 3 254
131 20.01 2 3 254
131 20.01 2 3 254
131 20.01 2 3 254
131 20.01 2 3 254
131 20.01 2 3 254
131 20.01 2 3 254
131 20.01 2 3 254
131 20.01 2 3 254
131 20.01 2 3 254
131 20.01 2 3 254
131 20.01 2 3 254
131 20.01 2 3 254
131 20.01 2 3 254
131 20.01 2 3 254
131 20.01 2 3 254
131 20.01 2 3 254
131 20.01 2 3 254
131 20.01 2 3 254
131 20.01 2 3 254
131 20.01 2 3 254
131 20.01 2 3 254
131 20.01 2 3 254
131 20.01 2 3 254
131 20.01 2 3 254
131 20.01 2 3 254
131 20.01 2 3 254
131 20.01 2 3 254
131 20.01 2 3 254
131 20.01 2 3 254
131 20.01 2 3 254
131 20.01 2 3 254
131 20.01 2 3 254
131 20.01 2 3 254
131 20.01 2 3 254
131 20.01 2 3 254
131 20.01 2 3 254
131 20.01 2 3 254
131 20.01 2 3 254
131 20.01 2 3 254
131 20.01 2 3 254
131 20.01 2 3 254
131 20.01 3 4 254
131 20.01 3 4 254
131 20.01 3 4 254
131 20.01 3 4 254
131 20.01 3 4 254
131 20.01 3 4 254
131 20.01 3 4 254
131 20.01 3 4 254
131 20.01 3 4 254
131 20.01 3 4 254
131 20.01 3 4 254
131 20.01 3 4 254
131 20.01 3 4 254
131 20.01 3 4 254
131 20.01 3 4 254
131 20.01 3 4 254
131 20.01 3 4 254
131 20.01 3 4 254
131 20.01 3 4 254
131 20.01 3 4 254
131 20.01 3 4 254
131 20.01 3 4 254
131 20.01 3 4 254
131 20.01 3 4 254
131 20.01 3 4 254
131 20.01 3 4 254
131 20.01 3 4 254
131 20.01 3 4 254
131 20.01 3 4 254
131 20.01 3 4 254
131 20.01 3 4 254
131 20.01 3 4 254
131 20.01 3 4 254
131 20.01 3 4 254
131 20.01 3 4 254
131 20.01 3 4 254
131 20.01 3 4 254
131 20.01 3 4 254
131 20.01 3 4 254
131 20.01 3 4 254
131 20.01 3 4 254
131 20.01 3 4 254
131 20.01 3 4 254
131 20.01 3 4 254
131 20.01 3 4 254
131 20.01 3 4 254
131 20.01 4 5 254
131 20.01 4 5 254
131 20.01 4 5 254
131 20.01 4 5 254
131 20.01 4 5 254
131 20.01 4 5 254
131 20.01 4 5 254
131 20.01 4 5 254
131 20.01 4 5 254
131 20.01 4 5 254
131 20.01 4 5 254
131 20.01 4 5 254
131 20.01 4 5 254
131 20.01 4 5 254
131 20.01 4 5 254
131 20.01 4 5 254
131 20.01 4 5 254
131 20.01 4 5 254
131 20.01 4 5 254
131 20.01 4 5 254
131 20.01 4 5 254
131 20.01 4 5 254
131 20.01 5 6 254
131 20.01 5 6 254
131 20.01 5 6 254
131 20.01 5 6 254
131 20.01 5 6 254
131 20.01 5 6 254
131 20.01 5 6 254
131 20.01 5 6 254
131 20.01 5 6 254
131 20.01 5 6 254
131 20.01 5 6 254
131 20.01 5 6 254
131 20.01 5 6 254
131 20.01 5 6 254
131 20.01 5 6 254
131 20.01 5 6 254
131 20.01 5 6 254
131 20.01 5 6 254
131 20.01 5 6 254
131 20.01 5 6 254
131 20.01 5 6 254
131 20.01 5 6 254
131 20.01 5 6 254
131 20.01 5 6 254
131 20.01 6 7 254
131 20.01 6 7 254
131 20.01 6 7 254
131 20.01 6 7 254
131 20.01 6 7 254
131 20.01 6 7 254
131 20.01 6 7 254
131 20.01 6 7 254
131 20.01 6 7 254
131 20.01 6 7 254
131 20.01 7 8 254
131 20.01 7 8 254
131 20.01 7 8 254
131 20.01 7 8 254
131 20.01 7 8 254
131 20.01 7 8 254
131 20.01 7 8 254
131 20.01 7 8 254
131 20.01 7 8 254
131 20.01 7 8 254
131 20.01 8 9 254
131 20.01 8 9 254
131 20.01 8 9 254
131 20.01 8 9 254
131 20.01 8 9 254
131 20.01 9 10 254
131 20.01 9 10 254
131 20.01 9 10 254
131 20.01 9 10 254
131 20.01 9 10 254
131 20.01 9 10 254
131 20.01 10 11 254
131 20.01 10 11 254
131 20.01 10 11 254
131 20.01 10 11 254
131 20.01 10 11 254
131 20.01 10 11 254
131 20.01 10 11 254
131 20.01 11 12 254
131 20.01 11 12 254
131 20.01 11 12 254
131 20.01 11 12 254
131 20.01 11 12 254
131 20.01 12 13 254
131 20.01 12 13 254
131 20.01 12 13 254
131 20.01 12 13 254
131 20.01 12 13 254
131 20.01 13 14 254
131 20.01 13 14 254
131 20.01 13 14 254
131 20.01 14 15 254
131 20.01 14 15 254
131 20.01 14 15 254
131 20.01 15 16 254
131 20.01 16 17 254
131 20.01 16 17 254
131 20.01 17 18 254
131 20.01 17 18 254
131 20.01 17 18 254
131 20.01 18 19 254
131 20.01 18 19 254
131 20.01 19 20 254
131 20.01 20 21 254
131 20.01 21 22 254
131 20.01 21 22 254
132 20.01 1 2 162
132 20.01 1 2 162
132 20.01 1 2 162
132 20.01 1 2 162
132 20.01 1 2 162
132 20.01 1 2 162
132 20.01 1 2 162
132 20.01 2 3 162
132 20.01 2 3 162
132 20.01 2 3 162
132 20.01 2 3 162
132 20.01 2 3 162
132 20.01 2 3 162
132 20.01 2 3 162
132 20.01 3 4 162
132 20.01 3 4 162
132 20.01 3 4 162
132 20.01 3 4 162
132 20.01 3 4 162
132 20.01 3 4 162
132 20.01 4 5 162
132 20.01 4 5 162
132 20.01 4 5 162
132 20.01 4 5 162
132 20.01 4 5 162
132 20.01 4 5 162
132 20.01 4 5 162
132 20.01 4 5 162
132 20.01 4 5 162
132 20.01 4 5 162
132 20.01 4 5 162
132 20.01 4 5 162
132 20.01 4 5 162
132 20.01 4 5 162
132 20.01 4 5 162
132 20.01 4 5 162
132 20.01 4 5 162
132 20.01 4 5 162
132 20.01 4 5 162
132 20.01 5 6 162
132 20.01 5 6 162
132 20.01 5 6 162
132 20.01 5 6 162
132 20.01 5 6 162
132 20.01 5 6 162
132 20.01 5 6 162
132 20.01 5 6 162
132 20.01 5 6 162
132 20.01 5 6 162
132 20.01 5 6 162
132 20.01 5 6 162
132 20.01 5 6 162
132 20.01 5 6 162
132 20.01 5 6 162
132 20.01 5 6 162
132 20.01 5 6 162
132 20.01 5 6 162
132 20.01 5 6 162
132 20.01 5 6 162
132 20.01 6 7 162
132 20.01 6 7 162
132 20.01 6 7 162
132 20.01 6 7 162
132 20.01 6 7 162
132 20.01 6 7 162
132 20.01 6 7 162
132 20.01 6 7 162
132 20.01 6 7 162
132 20.01 6 7 162
132 20.01 6 7 162
132 20.01 6 7 162
132 20.01 6 7 162
132 20.01 6 7 162
132 20.01 6 7 162
132 20.01 6 7 162
132 20.01 6 7 162
132 20.01 6 7 162
132 20.01 6 7 162
132 20.01 6 7 162
132 20.01 6 7 162
132 20.01 6 7 162
132 20.01 6 7 162
132 20.01 6 7 162
132 20.01 6 7 162
132 20.01 6 7 162
132 20.01 6 7 162
132 20.01 6 7 162
132 20.01 6 7 162
132 20.01 6 7 162
132 20.01 6 7 162
132 20.01 6 7 162
132 20.01 6 7 162
132 20.01 6 7 162
132 20.01 7 8 162
132 20.01 7 8 162
132 20.01 7 8 162
132 20.01 7 8 162
132 20.01 7 8 162
132 20.01 7 8 162
132 20.01 7 8 162
132 20.01 7 8 162
132 20.01 7 8 162
132 20.01 7 8 162
132 20.01 7 8 162
132 20.01 7 8 162
132 20.01 7 8 162
132 20.01 7 8 162
132 20.01 7 8 162
132 20.01 7 8 162
132 20.01 7 8 162
132 20.01 7 8 162
132 20.01 7 8 162
132 20.01 7 8 162
132 20.01 7 8 162
132 20.01 7 8 162
132 20.01 7 8 162
132 20.01 7 8 162
132 20.01 7 8 162
132 20.01 7 8 162
132 20.01 7 8 162
132 20.01 7 8 162
132 20.01 7 8 162
132 20.01 7 8 162
132 20.01 7 8 162
132 20.01 7 8 162
132 20.01 7 8 162
132 20.01 7 8 162
132 20.01 8 9 162
132 20.01 8 9 162
132 20.01 8 9 162
132 20.01 8 9 162
132 20.01 8 9 162
132 20.01 8 9 162
132 20.01 8 9 162
132 20.01 8 9 162
132 20.01 8 9 162
132 20.01 8 9 162
132 20.01 8 9 162
132 20.01 9 10 162
132 20.01 9 10 162
132 20.01 9 10 162
132 20.01 9 10 162
132 20.01 9 10 162
132 20.01 9 10 162
132 20.01 9 10 162
132 20.01 9 10 162
132 20.01 9 10 162
132 20.01 9 10 162
132 20.01 9 10 162
132 20.01 9 10 162
132 20.01 10 11 162
132 20.01 10 11 162
132 20.01 10 11 162
132 20.01 10 11 162
132 20.01 10 11 162
132 20.01 10 11 162
132 20.01 10 11 162
132 20.01 10 11 162
132 20.01 10 11 162
132 20.01 10 11 162
132 20.01 10 11 162
132 20.01 10 11 162
133 20.01 1 2 225
133 20.01 1 2 225
133 20.01 1 2 225
133 20.01 1 2 225
133 20.01 1 2 225
133 20.01 1 2 225
133 20.01 1 2 225
133 20.01 1 2 225
133 20.01 1 2 225
133 20.01 1 2 225
133 20.01 1 2 225
133 20.01 1 2 225
133 20.01 1 2 225
133 20.01 1 2 225
133 20.01 1 2 225
133 20.01 1 2 225
133 20.01 1 2 225
133 20.01 1 2 225
133 20.01 1 2 225
133 20.01 1 2 225
133 20.01 1 2 225
133 20.01 1 2 225
133 20.01 1 2 225
133 20.01 1 2 225
133 20.01 1 2 225
133 20.01 1 2 225
133 20.01 1 2 225
133 20.01 1 2 225
133 20.01 1 2 225
133 20.01 1 2 225
133 20.01 1 2 225
133 20.01 1 2 225
133 20.01 1 2 225
133 20.01 1 2 225
133 20.01 1 2 225
133 20.01 2 3 225
133 20.01 2 3 225
133 20.01 2 3 225
133 20.01 2 3 225
133 20.01 2 3 225
133 20.01 2 3 225
133 20.01 2 3 225
133 20.01 2 3 225
133 20.01 2 3 225
133 20.01 2 3 225
133 20.01 2 3 225
133 20.01 2 3 225
133 20.01 2 3 225
133 20.01 2 3 225
133 20.01 2 3 225
133 20.01 2 3 225
133 20.01 2 3 225
133 20.01 2 3 225
133 20.01 2 3 225
133 20.01 2 3 225
133 20.01 2 3 225
133 20.01 2 3 225
133 20.01 2 3 225
133 20.01 2 3 225
133 20.01 2 3 225
133 20.01 2 3 225
133 20.01 2 3 225
133 20.01 2 3 225
133 20.01 2 3 225
133 20.01 2 3 225
133 20.01 2 3 225
133 20.01 2 3 225
133 20.01 2 3 225
133 20.01 2 3 225
133 20.01 2 3 225
133 20.01 3 4 225
133 20.01 3 4 225
133 20.01 3 4 225
133 20.01 3 4 225
133 20.01 3 4 225
133 20.01 3 4 225
133 20.01 3 4 225
133 20.01 3 4 225
133 20.01 3 4 225
133 20.01 3 4 225
133 20.01 3 4 225
133 20.01 3 4 225
133 20.01 3 4 225
133 20.01 3 4 225
133 20.01 3 4 225
133 20.01 3 4 225
133 20.01 3 4 225
133 20.01 3 4 225
133 20.01 3 4 225
133 20.01 3 4 225
133 20.01 3 4 225
133 20.01 3 4 225
133 20.01 3 4 225
133 20.01 3 4 225
133 20.01 3 4 225
133 20.01 3 4 225
133 20.01 3 4 225
133 20.01 3 4 225
133 20.01 3 4 225
133 20.01 3 4 225
133 20.01 3 4 225
133 20.01 3 4 225
133 20.01 3 4 225
133 20.01 3 4 225
133 20.01 4 5 225
133 20.01 4 5 225
133 20.01 4 5 225
133 20.01 4 5 225
133 20.01 4 5 225
133 20.01 4 5 225
133 20.01 4 5 225
133 20.01 4 5 225
133 20.01 4 5 225
133 20.01 4 5 225
133 20.01 4 5 225
133 20.01 4 5 225
133 20.01 4 5 225
133 20.01 4 5 225
133 20.01 4 5 225
133 20.01 4 5 225
133 20.01 4 5 225
133 20.01 4 5 225
133 20.01 4 5 225
133 20.01 4 5 225
133 20.01 5 6 225
133 20.01 5 6 225
133 20.01 5 6 225
133 20.01 5 6 225
133 20.01 5 6 225
133 20.01 5 6 225
133 20.01 5 6 225
133 20.01 5 6 225
133 20.01 5 6 225
133 20.01 5 6 225
133 20.01 5 6 225
133 20.01 5 6 225
133 20.01 5 6 225
133 20.01 5 6 225
133 20.01 5 6 225
133 20.01 5 6 225
133 20.01 5 6 225
133 20.01 5 6 225
133 20.01 6 7 225
133 20.01 6 7 225
133 20.01 6 7 225
133 20.01 6 7 225
133 20.01 6 7 225
133 20.01 6 7 225
133 20.01 6 7 225
133 20.01 6 7 225
133 20.01 6 7 225
133 20.01 6 7 225
133 20.01 6 7 225
133 20.01 6 7 225
133 20.01 6 7 225
133 20.01 6 7 225
133 20.01 6 7 225
133 20.01 6 7 225
133 20.01 7 8 225
133 20.01 7 8 225
133 20.01 7 8 225
133 20.01 7 8 225
133 20.01 7 8 225
133 20.01 7 8 225
133 20.01 7 8 225
133 20.01 7 8 225
133 20.01 7 8 225
133 20.01 7 8 225
133 20.01 7 8 225
133 20.01 7 8 225
133 20.01 7 8 225
133 20.01 7 8 225
133 20.01 7 8 225
133 20.01 7 8 225
133 20.01 7 8 225
133 20.01 8 9 225
133 20.01 8 9 225
133 20.01 8 9 225
133 20.01 8 9 225
133 20.01 8 9 225
133 20.01 8 9 225
133 20.01 8 9 225
133 20.01 8 9 225
133 20.01 8 9 225
133 20.01 8 9 225
133 20.01 8 9 225
133 20.01 9 10 225
133 20.01 9 10 225
133 20.01 9 10 225
133 20.01 9 10 225
133 20.01 9 10 225
133 20.01 9 10 225
133 20.01 9 10 225
133 20.01 9 10 225
133 20.01 9 10 225
133 20.01 9 10 225
133 20.01 10 11 225
133 20.01 10 11 225
133 20.01 10 11 225
133 20.01 10 11 225
133 20.01 10 11 225
133 20.01 10 11 225
133 20.01 10 11 225
133 20.01 10 11 225
133 20.01 10 11 225
133 20.01 10 11 225
133 20.01 10 11 225
133 20.01 11 12 225
133 20.01 11 12 225
133 20.01 11 12 225
133 20.01 11 12 225
133 20.01 11 12 225
133 20.01 11 12 225
133 20.01 11 12 225
133 20.01 12 13 225
133 20.01 12 13 225
133 20.01 12 13 225
133 20.01 12 13 225
133 20.01 12 13 225
133 20.01 12 13 225
133 20.01 12 13 225
133 20.01 12 13 225
133 20.01 13 14 225
133 20.01 13 14 225
133 20.01 14 15 225
134 20.01 1 2 262
134 20.01 1 2 262
134 20.01 1 2 262
134 20.01 1 2 262
134 20.01 1 2 262
134 20.01 1 2 262
134 20.01 1 2 262
134 20.01 1 2 262
134 20.01 1 2 262
134 20.01 1 2 262
134 20.01 1 2 262
134 20.01 1 2 262
134 20.01 1 2 262
134 20.01 1 2 262
134 20.01 1 2 262
134 20.01 1 2 262
134 20.01 1 2 262
134 20.01 1 2 262
134 20.01 1 2 262
134 20.01 1 2 262
134 20.01 1 2 262
134 20.01 1 2 262
134 20.01 1 2 262
134 20.01 1 2 262
134 20.01 1 2 262
134 20.01 1 2 262
134 20.01 1 2 262
134 20.01 1 2 262
134 20.01 1 2 262
134 20.01 1 2 262
134 20.01 1 2 262
134 20.01 1 2 262
134 20.01 1 2 262
134 20.01 1 2 262
134 20.01 1 2 262
134 20.01 1 2 262
134 20.01 1 2 262
134 20.01 1 2 262
134 20.01 1 2 262
134 20.01 2 3 262
134 20.01 2 3 262
134 20.01 2 3 262
134 20.01 2 3 262
134 20.01 2 3 262
134 20.01 2 3 262
134 20.01 2 3 262
134 20.01 2 3 262
134 20.01 2 3 262
134 20.01 2 3 262
134 20.01 2 3 262
134 20.01 2 3 262
134 20.01 2 3 262
134 20.01 2 3 262
134 20.01 2 3 262
134 20.01 2 3 262
134 20.01 2 3 262
134 20.01 2 3 262
134 20.01 2 3 262
134 20.01 2 3 262
134 20.01 2 3 262
134 20.01 2 3 262
134 20.01 2 3 262
134 20.01 2 3 262
134 20.01 2 3 262
134 20.01 2 3 262
134 20.01 2 3 262
134 20.01 2 3 262
134 20.01 2 3 262
134 20.01 2 3 262
134 20.01 2 3 262
134 20.01 2 3 262
134 20.01 2 3 262
134 20.01 2 3 262
134 20.01 2 3 262
134 20.01 2 3 262
134 20.01 2 3 262
134 20.01 2 3 262
134 20.01 2 3 262
134 20.01 2 3 262
134 20.01 3 4 262
134 20.01 3 4 262
134 20.01 3 4 262
134 20.01 3 4 262
134 20.01 3 4 262
134 20.01 3 4 262
134 20.01 3 4 262
134 20.01 3 4 262
134 20.01 3 4 262
134 20.01 3 4 262
134 20.01 3 4 262
134 20.01 3 4 262
134 20.01 3 4 262
134 20.01 3 4 262
134 20.01 3 4 262
134 20.01 3 4 262
134 20.01 3 4 262
134 20.01 3 4 262
134 20.01 3 4 262
134 20.01 3 4 262
134 20.01 3 4 262
134 20.01 3 4 262
134 20.01 3 4 262
134 20.01 3 4 262
134 20.01 3 4 262
134 20.01 3 4 262
134 20.01 3 4 262
134 20.01 3 4 262
134 20.01 3 4 262
134 20.01 3 4 262
134 20.01 3 4 262
134 20.01 3 4 262
134 20.01 3 4 262
134 20.01 3 4 262
134 20.01 3 4 262
134 20.01 3 4 262
134 20.01 3 4 262
134 20.01 3 4 262
134 20.01 3 4 262
134 20.01 4 5 262
134 20.01 4 5 262
134 20.01 4 5 262
134 20.01 4 5 262
134 20.01 4 5 262
134 20.01 4 5 262
134 20.01 4 5 262
134 20.01 4 5 262
134 20.01 4 5 262
134 20.01 4 5 262
134 20.01 4 5 262
134 20.01 4 5 262
134 20.01 4 5 262
134 20.01 4 5 262
134 20.01 4 5 262
134 20.01 4 5 262
134 20.01 4 5 262
134 20.01 4 5 262
134 20.01 4 5 262
134 20.01 4 5 262
134 20.01 4 5 262
134 20.01 4 5 262
134 20.01 4 5 262
134 20.01 5 6 262
134 20.01 5 6 262
134 20.01 5 6 262
134 20.01 5 6 262
134 20.01 5 6 262
134 20.01 5 6 262
134 20.01 5 6 262
134 20.01 5 6 262
134 20.01 5 6 262
134 20.01 5 6 262
134 20.01 5 6 262
134 20.01 5 6 262
134 20.01 5 6 262
134 20.01 5 6 262
134 20.01 5 6 262
134 20.01 5 6 262
134 20.01 5 6 262
134 20.01 5 6 262
134 20.01 5 6 262
134 20.01 5 6 262
134 20.01 5 6 262
134 20.01 5 6 262
134 20.01 5 6 262
134 20.01 6 7 262
134 20.01 6 7 262
134 20.01 6 7 262
134 20.01 6 7 262
134 20.01 6 7 262
134 20.01 6 7 262
134 20.01 6 7 262
134 20.01 6 7 262
134 20.01 6 7 262
134 20.01 6 7 262
134 20.01 6 7 262
134 20.01 6 7 262
134 20.01 6 7 262
134 20.01 6 7 262
134 20.01 6 7 262
134 20.01 6 7 262
134 20.01 6 7 262
134 20.01 7 8 262
134 20.01 7 8 262
134 20.01 7 8 262
134 20.01 7 8 262
134 20.01 7 8 262
134 20.01 7 8 262
134 20.01 7 8 262
134 20.01 7 8 262
134 20.01 7 8 262
134 20.01 7 8 262
134 20.01 7 8 262
134 20.01 7 8 262
134 20.01 7 8 262
134 20.01 7 8 262
134 20.01 7 8 262
134 20.01 7 8 262
134 20.01 7 8 262
134 20.01 7 8 262
134 20.01 7 8 262
134 20.01 8 9 262
134 20.01 8 9 262
134 20.01 8 9 262
134 20.01 8 9 262
134 20.01 8 9 262
134 20.01 8 9 262
134 20.01 8 9 262
134 20.01 9 10 262
134 20.01 9 10 262
134 20.01 9 10 262
134 20.01 9 10 262
134 20.01 9 10 262
134 20.01 9 10 262
134 20.01 9 10 262
134 20.01 10 11 262
134 20.01 10 11 262
134 20.01 10 11 262
134 20.01 10 11 262
134 20.01 10 11 262
134 20.01 10 11 262
134 20.01 11 12 262
134 20.01 11 12 262
134 20.01 11 12 262
134 20.01 11 12 262
134 20.01 11 12 262
134 20.01 11 12 262
134 20.01 11 12 262
134 20.01 12 13 262
134 20.01 12 13 262
134 20.01 12 13 262
134 20.01 12 13 262
134 20.01 12 13 262
134 20.01 12 13 262
134 20.01 12 13 262
134 20.01 13 14 262
134 20.01 13 14 262
134 20.01 13 14 262
134 20.01 14 15 262
134 20.01 15 16 262
134 20.01 15 16 262
134 20.01 15 16 262
134 20.01 15 16 262
134 20.01 15 16 262
134 20.01 16 17 262
134 20.01 16 17 262
134 20.01 16 17 262
134 20.01 16 17 262
134 20.01 17 18 262
134 20.01 17 18 262
134 20.01 17 18 262
134 20.01 18 19 262
134 20.01 18 19 262
134 20.01 19 20 262
134 20.01 20 21 262
134 20.01 20 21 262
134 20.01 21 22 262
134 20.01 21 22 262
134 20.01 22 23 262
134 20.01 22 23 262
134 20.01 23 24 262
134 20.01 24 25 262
134 20.01 46 47 262
135 20.01 1 2 106
135 20.01 1 2 106
135 20.01 1 2 106
135 20.01 2 3 106
135 20.01 2 3 106
135 20.01 2 3 106
135 20.01 3 4 106
135 20.01 3 4 106
135 20.01 4 5 106
135 20.01 4 5 106
135 20.01 5 6 106
135 20.01 5 6 106
135 20.01 6 7 106
135 20.01 6 7 106
135 20.01 6 7 106
135 20.01 6 7 106
135 20.01 7 8 106
135 20.01 7 8 106
135 20.01 7 8 106
135 20.01 8 9 106
135 20.01 8 9 106
135 20.01 8 9 106
135 20.01 8 9 106
135 20.01 8 9 106
135 20.01 8 9 106
135 20.01 9 10 106
135 20.01 9 10 106
135 20.01 9 10 106
135 20.01 9 10 106
135 20.01 9 10 106
135 20.01 9 10 106
135 20.01 10 11 106
135 20.01 10 11 106
135 20.01 10 11 106
135 20.01 10 11 106
135 20.01 11 12 106
135 20.01 11 12 106
135 20.01 11 12 106
135 20.01 11 12 106
135 20.01 11 12 106
135 20.01 12 13 106
135 20.01 12 13 106
135 20.01 12 13 106
135 20.01 12 13 106
135 20.01 12 13 106
135 20.01 13 14 106
135 20.01 13 14 106
135 20.01 13 14 106
135 20.01 14 15 106
135 20.01 14 15 106
135 20.01 14 15 106
135 20.01 14 15 106
135 20.01 15 16 106
135 20.01 15 16 106
135 20.01 15 16 106
135 20.01 16 17 106
135 20.01 16 17 106
135 20.01 16 17 106
135 20.01 17 18 106
135 20.01 17 18 106
135 20.01 18 19 106
135 20.01 18 19 106
135 20.01 18 19 106
135 20.01 19 20 106
135 20.01 19 20 106
135 20.01 19 20 106
135 20.01 20 21 106
135 20.01 20 21 106
135 20.01 20 21 106
135 20.01 20 21 106
135 20.01 21 22 106
135 20.01 21 22 106
135 20.01 21 22 106
135 20.01 21 22 106
135 20.01 22 23 106
135 20.01 22 23 106
135 20.01 23 24 106
135 20.01 23 24 106
135 20.01 24 25 106
135 20.01 24 25 106
135 20.01 24 25 106
135 20.01 25 26 106
135 20.01 26 27 106
135 20.01 27 28 106
135 20.01 27 28 106
135 20.01 28 29 106
135 20.01 28 29 106
135 20.01 29 30 106
135 20.01 29 30 106
135 20.01 29 30 106
135 20.01 30 31 106
135 20.01 30 31 106
135 20.01 31 32 106
135 20.01 31 32 106
135 20.01 32 33 106
135 20.01 33 34 106
135 20.01 36 37 106
135 20.01 37 38 106
135 20.01 38 39 106
135 20.01 41 42 106
135 20.01 41 42 106
135 20.01 42 43 106
135 20.01 45 46 106
135 20.01 46 47 106
135 20.01 46 47 106
135 20.01 48 49 106
136 20.01 1 2 331
136 20.01 1 2 331
136 20.01 1 2 331
136 20.01 1 2 331
136 20.01 1 2 331
136 20.01 1 2 331
136 20.01 1 2 331
136 20.01 1 2 331
136 20.01 1 2 331
136 20.01 1 2 331
136 20.01 1 2 331
136 20.01 1 2 331
136 20.01 1 2 331
136 20.01 1 2 331
136 20.01 1 2 331
136 20.01 1 2 331
136 20.01 1 2 331
136 20.01 1 2 331
136 20.01 1 2 331
136 20.01 1 2 331
136 20.01 1 2 331
136 20.01 1 2 331
136 20.01 1 2 331
136 20.01 1 2 331
136 20.01 1 2 331
136 20.01 1 2 331
136 20.01 1 2 331
136 20.01 1 2 331
136 20.01 1 2 331
136 20.01 1 2 331
136 20.01 1 2 331
136 20.01 1 2 331
136 20.01 1 2 331
136 20.01 1 2 331
136 20.01 1 2 331
136 20.01 1 2 331
136 20.01 1 2 331
136 20.01 1 2 331
136 20.01 1 2 331
136 20.01 1 2 331
136 20.01 1 2 331
136 20.01 1 2 331
136 20.01 1 2 331
136 20.01 2 3 331
136 20.01 2 3 331
136 20.01 2 3 331
136 20.01 2 3 331
136 20.01 2 3 331
136 20.01 2 3 331
136 20.01 2 3 331
136 20.01 2 3 331
136 20.01 2 3 331
136 20.01 2 3 331
136 20.01 2 3 331
136 20.01 2 3 331
136 20.01 2 3 331
136 20.01 2 3 331
136 20.01 2 3 331
136 20.01 2 3 331
136 20.01 2 3 331
136 20.01 2 3 331
136 20.01 2 3 331
136 20.01 2 3 331
136 20.01 2 3 331
136 20.01 2 3 331
136 20.01 2 3 331
136 20.01 2 3 331
136 20.01 2 3 331
136 20.01 2 3 331
136 20.01 2 3 331
136 20.01 2 3 331
136 20.01 2 3 331
136 20.01 2 3 331
136 20.01 2 3 331
136 20.01 2 3 331
136 20.01 2 3 331
136 20.01 2 3 331
136 20.01 2 3 331
136 20.01 2 3 331
136 20.01 2 3 331
136 20.01 2 3 331
136 20.01 2 3 331
136 20.01 2 3 331
136 20.01 2 3 331
136 20.01 2 3 331
136 20.01 2 3 331
136 20.01 3 4 331
136 20.01 3 4 331
136 20.01 3 4 331
136 20.01 3 4 331
136 20.01 3 4 331
136 20.01 3 4 331
136 20.01 3 4 331
136 20.01 3 4 331
136 20.01 3 4 331
136 20.01 3 4 331
136 20.01 3 4 331
136 20.01 3 4 331
136 20.01 3 4 331
136 20.01 3 4 331
136 20.01 3 4 331
136 20.01 3 4 331
136 20.01 3 4 331
136 20.01 3 4 331
136 20.01 3 4 331
136 20.01 3 4 331
136 20.01 3 4 331
136 20.01 3 4 331
136 20.01 3 4 331
136 20.01 3 4 331
136 20.01 3 4 331
136 20.01 3 4 331
136 20.01 3 4 331
136 20.01 3 4 331
136 20.01 3 4 331
136 20.01 3 4 331
136 20.01 3 4 331
136 20.01 3 4 331
136 20.01 3 4 331
136 20.01 3 4 331
136 20.01 3 4 331
136 20.01 3 4 331
136 20.01 3 4 331
136 20.01 3 4 331
136 20.01 3 4 331
136 20.01 3 4 331
136 20.01 3 4 331
136 20.01 3 4 331
136 20.01 3 4 331
136 20.01 4 5 331
136 20.01 4 5 331
136 20.01 4 5 331
136 20.01 4 5 331
136 20.01 4 5 331
136 20.01 4 5 331
136 20.01 4 5 331
136 20.01 4 5 331
136 20.01 4 5 331
136 20.01 4 5 331
136 20.01 4 5 331
136 20.01 4 5 331
136 20.01 4 5 331
136 20.01 4 5 331
136 20.01 4 5 331
136 20.01 4 5 331
136 20.01 4 5 331
136 20.01 4 5 331
136 20.01 4 5 331
136 20.01 4 5 331
136 20.01 4 5 331
136 20.01 4 5 331
136 20.01 4 5 331
136 20.01 4 5 331
136 20.01 4 5 331
136 20.01 4 5 331
136 20.01 4 5 331
136 20.01 4 5 331
136 20.01 4 5 331
136 20.01 4 5 331
136 20.01 4 5 331
136 20.01 4 5 331
136 20.01 4 5 331
136 20.01 4 5 331
136 20.01 5 6 331
136 20.01 5 6 331
136 20.01 5 6 331
136 20.01 5 6 331
136 20.01 5 6 331
136 20.01 5 6 331
136 20.01 5 6 331
136 20.01 5 6 331
136 20.01 5 6 331
136 20.01 5 6 331
136 20.01 5 6 331
136 20.01 5 6 331
136 20.01 5 6 331
136 20.01 5 6 331
136 20.01 5 6 331
136 20.01 5 6 331
136 20.01 5 6 331
136 20.01 5 6 331
136 20.01 5 6 331
136 20.01 5 6 331
136 20.01 5 6 331
136 20.01 5 6 331
136 20.01 5 6 331
136 20.01 5 6 331
136 20.01 5 6 331
136 20.01 5 6 331
136 20.01 5 6 331
136 20.01 5 6 331
136 20.01 5 6 331
136 20.01 5 6 331
136 20.01 5 6 331
136 20.01 5 6 331
136 20.01 5 6 331
136 20.01 5 6 331
136 20.01 5 6 331
136 20.01 5 6 331
136 20.01 6 7 331
136 20.01 6 7 331
136 20.01 6 7 331
136 20.01 6 7 331
136 20.01 6 7 331
136 20.01 6 7 331
136 20.01 6 7 331
136 20.01 6 7 331
136 20.01 6 7 331
136 20.01 6 7 331
136 20.01 6 7 331
136 20.01 6 7 331
136 20.01 6 7 331
136 20.01 6 7 331
136 20.01 6 7 331
136 20.01 6 7 331
136 20.01 6 7 331
136 20.01 6 7 331
136 20.01 6 7 331
136 20.01 6 7 331
136 20.01 6 7 331
136 20.01 6 7 331
136 20.01 6 7 331
136 20.01 6 7 331
136 20.01 6 7 331
136 20.01 6 7 331
136 20.01 7 8 331
136 20.01 7 8 331
136 20.01 7 8 331
136 20.01 7 8 331
136 20.01 7 8 331
136 20.01 7 8 331
136 20.01 7 8 331
136 20.01 7 8 331
136 20.01 7 8 331
136 20.01 7 8 331
136 20.01 7 8 331
136 20.01 7 8 331
136 20.01 7 8 331
136 20.01 7 8 331
136 20.01 7 8 331
136 20.01 7 8 331
136 20.01 7 8 331
136 20.01 7 8 331
136 20.01 7 8 331
136 20.01 7 8 331
136 20.01 7 8 331
136 20.01 7 8 331
136 20.01 7 8 331
136 20.01 7 8 331
136 20.01 7 8 331
136 20.01 7 8 331
136 20.01 8 9 331
136 20.01 8 9 331
136 20.01 8 9 331
136 20.01 8 9 331
136 20.01 8 9 331
136 20.01 8 9 331
136 20.01 8 9 331
136 20.01 8 9 331
136 20.01 8 9 331
136 20.01 8 9 331
136 20.01 8 9 331
136 20.01 8 9 331
136 20.01 9 10 331
136 20.01 9 10 331
136 20.01 9 10 331
136 20.01 9 10 331
136 20.01 9 10 331
136 20.01 9 10 331
136 20.01 9 10 331
136 20.01 9 10 331
136 20.01 9 10 331
136 20.01 9 10 331
136 20.01 9 10 331
136 20.01 10 11 331
136 20.01 10 11 331
136 20.01 10 11 331
136 20.01 10 11 331
136 20.01 10 11 331
136 20.01 10 11 331
136 20.01 10 11 331
136 20.01 10 11 331
136 20.01 10 11 331
136 20.01 10 11 331
136 20.01 10 11 331
136 20.01 11 12 331
136 20.01 11 12 331
136 20.01 11 12 331
136 20.01 11 12 331
136 20.01 11 12 331
136 20.01 12 13 331
136 20.01 12 13 331
136 20.01 12 13 331
136 20.01 13 14 331
136 20.01 13 14 331
136 20.01 13 14 331
136 20.01 13 14 331
136 20.01 13 14 331
136 20.01 13 14 331
136 20.01 14 15 331
136 20.01 14 15 331
136 20.01 14 15 331
136 20.01 14 15 331
136 20.01 14 15 331
136 20.01 14 15 331
136 20.01 15 16 331
136 20.01 15 16 331
136 20.01 15 16 331
136 20.01 15 16 331
136 20.01 16 17 331
136 20.01 16 17 331
136 20.01 16 17 331
136 20.01 16 17 331
136 20.01 16 17 331
136 20.01 17 18 331
136 20.01 17 18 331
136 20.01 17 18 331
136 20.01 17 18 331
136 20.01 17 18 331
136 20.01 17 18 331
136 20.01 18 19 331
136 20.01 18 19 331
136 20.01 18 19 331
136 20.01 18 19 331
136 20.01 19 20 331
136 20.01 19 20 331
136 20.01 19 20 331
136 20.01 19 20 331
136 20.01 20 21 331
136 20.01 21 22 331
136 20.01 21 22 331
137 20.01 4 5 166
137 20.01 4 5 166
137 20.01 4 5 166
137 20.01 4 5 166
137 20.01 4 5 166
137 20.01 4 5 166
137 20.01 4 5 166
137 20.01 4 5 166
137 20.01 4 5 166
137 20.01 4 5 166
137 20.01 4 5 166
137 20.01 4 5 166
137 20.01 4 5 166
137 20.01 4 5 166
137 20.01 4 5 166
137 20.01 4 5 166
137 20.01 4 5 166
137 20.01 4 5 166
137 20.01 4 5 166
137 20.01 4 5 166
137 20.01 5 6 166
137 20.01 5 6 166
137 20.01 5 6 166
137 20.01 5 6 166
137 20.01 5 6 166
137 20.01 5 6 166
137 20.01 5 6 166
137 20.01 5 6 166
137 20.01 5 6 166
137 20.01 5 6 166
137 20.01 5 6 166
137 20.01 5 6 166
137 20.01 5 6 166
137 20.01 5 6 166
137 20.01 5 6 166
137 20.01 5 6 166
137 20.01 5 6 166
137 20.01 5 6 166
137 20.01 5 6 166
137 20.01 5 6 166
137 20.01 6 7 166
137 20.01 6 7 166
137 20.01 6 7 166
137 20.01 6 7 166
137 20.01 6 7 166
137 20.01 6 7 166
137 20.01 6 7 166
137 20.01 6 7 166
137 20.01 6 7 166
137 20.01 6 7 166
137 20.01 6 7 166
137 20.01 6 7 166
137 20.01 6 7 166
137 20.01 6 7 166
137 20.01 6 7 166
137 20.01 6 7 166
137 20.01 6 7 166
137 20.01 6 7 166
137 20.01 6 7 166
137 20.01 7 8 166
137 20.01 7 8 166
137 20.01 7 8 166
137 20.01 7 8 166
137 20.01 7 8 166
137 20.01 7 8 166
137 20.01 7 8 166
137 20.01 7 8 166
137 20.01 7 8 166
137 20.01 7 8 166
137 20.01 7 8 166
137 20.01 7 8 166
137 20.01 7 8 166
137 20.01 7 8 166
137 20.01 7 8 166
137 20.01 7 8 166
137 20.01 7 8 166
137 20.01 7 8 166
137 20.01 7 8 166
137 20.01 7 8 166
137 20.01 8 9 166
137 20.01 8 9 166
137 20.01 8 9 166
137 20.01 8 9 166
137 20.01 8 9 166
137 20.01 8 9 166
137 20.01 8 9 166
137 20.01 8 9 166
137 20.01 8 9 166
137 20.01 8 9 166
137 20.01 8 9 166
137 20.01 8 9 166
137 20.01 9 10 166
137 20.01 9 10 166
137 20.01 9 10 166
137 20.01 9 10 166
137 20.01 9 10 166
137 20.01 9 10 166
137 20.01 9 10 166
137 20.01 9 10 166
137 20.01 9 10 166
137 20.01 9 10 166
137 20.01 9 10 166
137 20.01 9 10 166
137 20.01 9 10 166
137 20.01 10 11 166
137 20.01 10 11 166
137 20.01 10 11 166
137 20.01 10 11 166
137 20.01 10 11 166
137 20.01 10 11 166
137 20.01 10 11 166
137 20.01 10 11 166
137 20.01 10 11 166
137 20.01 10 11 166
137 20.01 10 11 166
137 20.01 10 11 166
137 20.01 11 12 166
137 20.01 11 12 166
137 20.01 11 12 166
137 20.01 11 12 166
137 20.01 11 12 166
137 20.01 11 12 166
137 20.01 11 12 166
137 20.01 12 13 166
137 20.01 12 13 166
137 20.01 12 13 166
137 20.01 12 13 166
137 20.01 12 13 166
137 20.01 12 13 166
137 20.01 12 13 166
137 20.01 13 14 166
137 20.01 13 14 166
137 20.01 13 14 166
137 20.01 13 14 166
137 20.01 13 14 166
137 20.01 14 15 166
137 20.01 14 15 166
137 20.01 14 15 166
137 20.01 14 15 166
137 20.01 14 15 166
137 20.01 15 16 166
137 20.01 15 16 166
137 20.01 15 16 166
137 20.01 16 17 166
137 20.01 16 17 166
137 20.01 16 17 166
137 20.01 16 17 166
137 20.01 17 18 166
137 20.01 17 18 166
137 20.01 17 18 166
137 20.01 17 18 166
137 20.01 17 18 166
137 20.01 20 21 166
137 20.01 20 21 166
137 20.01 21 22 166
137 20.01 21 22 166
137 20.01 22 23 166
137 20.01 23 24 166
137 20.01 24 25 166
137 20.01 26 27 166
137 20.01 29 30 166
137 20.01 30 31 166
137 20.01 30 31 166
137 20.01 31 32 166
137 20.01 31 32 166
137 20.01 33 34 166
138 20.01 1 2 276
138 20.01 1 2 276
138 20.01 1 2 276
138 20.01 1 2 276
138 20.01 1 2 276
138 20.01 1 2 276
138 20.01 1 2 276
138 20.01 1 2 276
138 20.01 1 2 276
138 20.01 1 2 276
138 20.01 1 2 276
138 20.01 1 2 276
138 20.01 1 2 276
138 20.01 1 2 276
138 20.01 1 2 276
138 20.01 1 2 276
138 20.01 1 2 276
138 20.01 1 2 276
138 20.01 1 2 276
138 20.01 1 2 276
138 20.01 1 2 276
138 20.01 1 2 276
138 20.01 1 2 276
138 20.01 1 2 276
138 20.01 1 2 276
138 20.01 1 2 276
138 20.01 1 2 276
138 20.01 1 2 276
138 20.01 1 2 276
138 20.01 1 2 276
138 20.01 1 2 276
138 20.01 1 2 276
138 20.01 1 2 276
138 20.01 1 2 276
138 20.01 1 2 276
138 20.01 1 2 276
138 20.01 1 2 276
138 20.01 1 2 276
138 20.01 1 2 276
138 20.01 1 2 276
138 20.01 1 2 276
138 20.01 1 2 276
138 20.01 1 2 276
138 20.01 1 2 276
138 20.01 1 2 276
138 20.01 2 3 276
138 20.01 2 3 276
138 20.01 2 3 276
138 20.01 2 3 276
138 20.01 2 3 276
138 20.01 2 3 276
138 20.01 2 3 276
138 20.01 2 3 276
138 20.01 2 3 276
138 20.01 2 3 276
138 20.01 2 3 276
138 20.01 2 3 276
138 20.01 2 3 276
138 20.01 2 3 276
138 20.01 2 3 276
138 20.01 2 3 276
138 20.01 2 3 276
138 20.01 2 3 276
138 20.01 2 3 276
138 20.01 2 3 276
138 20.01 2 3 276
138 20.01 2 3 276
138 20.01 2 3 276
138 20.01 2 3 276
138 20.01 2 3 276
138 20.01 2 3 276
138 20.01 2 3 276
138 20.01 2 3 276
138 20.01 2 3 276
138 20.01 2 3 276
138 20.01 2 3 276
138 20.01 2 3 276
138 20.01 2 3 276
138 20.01 2 3 276
138 20.01 2 3 276
138 20.01 2 3 276
138 20.01 2 3 276
138 20.01 2 3 276
138 20.01 2 3 276
138 20.01 2 3 276
138 20.01 2 3 276
138 20.01 2 3 276
138 20.01 2 3 276
138 20.01 2 3 276
138 20.01 2 3 276
138 20.01 2 3 276
138 20.01 3 4 276
138 20.01 3 4 276
138 20.01 3 4 276
138 20.01 3 4 276
138 20.01 3 4 276
138 20.01 3 4 276
138 20.01 3 4 276
138 20.01 3 4 276
138 20.01 3 4 276
138 20.01 3 4 276
138 20.01 3 4 276
138 20.01 3 4 276
138 20.01 3 4 276
138 20.01 3 4 276
138 20.01 3 4 276
138 20.01 3 4 276
138 20.01 3 4 276
138 20.01 3 4 276
138 20.01 3 4 276
138 20.01 3 4 276
138 20.01 3 4 276
138 20.01 3 4 276
138 20.01 3 4 276
138 20.01 3 4 276
138 20.01 3 4 276
138 20.01 3 4 276
138 20.01 3 4 276
138 20.01 3 4 276
138 20.01 3 4 276
138 20.01 3 4 276
138 20.01 3 4 276
138 20.01 3 4 276
138 20.01 3 4 276
138 20.01 3 4 276
138 20.01 3 4 276
138 20.01 3 4 276
138 20.01 3 4 276
138 20.01 3 4 276
138 20.01 3 4 276
138 20.01 3 4 276
138 20.01 3 4 276
138 20.01 3 4 276
138 20.01 3 4 276
138 20.01 3 4 276
138 20.01 3 4 276
138 20.01 3 4 276
138 20.01 4 5 276
138 20.01 4 5 276
138 20.01 4 5 276
138 20.01 4 5 276
138 20.01 4 5 276
138 20.01 4 5 276
138 20.01 4 5 276
138 20.01 4 5 276
138 20.01 4 5 276
138 20.01 4 5 276
138 20.01 4 5 276
138 20.01 4 5 276
138 20.01 4 5 276
138 20.01 4 5 276
138 20.01 4 5 276
138 20.01 4 5 276
138 20.01 4 5 276
138 20.01 4 5 276
138 20.01 4 5 276
138 20.01 4 5 276
138 20.01 4 5 276
138 20.01 4 5 276
138 20.01 4 5 276
138 20.01 4 5 276
138 20.01 4 5 276
138 20.01 4 5 276
138 20.01 4 5 276
138 20.01 4 5 276
138 20.01 4 5 276
138 20.01 5 6 276
138 20.01 5 6 276
138 20.01 5 6 276
138 20.01 5 6 276
138 20.01 5 6 276
138 20.01 5 6 276
138 20.01 5 6 276
138 20.01 5 6 276
138 20.01 5 6 276
138 20.01 5 6 276
138 20.01 5 6 276
138 20.01 5 6 276
138 20.01 5 6 276
138 20.01 5 6 276
138 20.01 5 6 276
138 20.01 5 6 276
138 20.01 5 6 276
138 20.01 5 6 276
138 20.01 5 6 276
138 20.01 5 6 276
138 20.01 5 6 276
138 20.01 5 6 276
138 20.01 5 6 276
138 20.01 5 6 276
138 20.01 5 6 276
138 20.01 5 6 276
138 20.01 5 6 276
138 20.01 5 6 276
138 20.01 6 7 276
138 20.01 6 7 276
138 20.01 6 7 276
138 20.01 6 7 276
138 20.01 6 7 276
138 20.01 6 7 276
138 20.01 6 7 276
138 20.01 6 7 276
138 20.01 6 7 276
138 20.01 7 8 276
138 20.01 7 8 276
138 20.01 7 8 276
138 20.01 7 8 276
138 20.01 7 8 276
138 20.01 7 8 276
138 20.01 7 8 276
138 20.01 7 8 276
138 20.01 7 8 276
138 20.01 7 8 276
138 20.01 8 9 276
138 20.01 8 9 276
138 20.01 8 9 276
138 20.01 8 9 276
138 20.01 8 9 276
138 20.01 8 9 276
138 20.01 8 9 276
138 20.01 8 9 276
138 20.01 9 10 276
138 20.01 9 10 276
138 20.01 9 10 276
138 20.01 9 10 276
138 20.01 9 10 276
138 20.01 9 10 276
138 20.01 9 10 276
138 20.01 9 10 276
138 20.01 9 10 276
138 20.01 10 11 276
138 20.01 10 11 276
138 20.01 10 11 276
138 20.01 10 11 276
138 20.01 10 11 276
138 20.01 10 11 276
138 20.01 10 11 276
138 20.01 10 11 276
138 20.01 10 11 276
138 20.01 11 12 276
138 20.01 11 12 276
138 20.01 11 12 276
138 20.01 11 12 276
138 20.01 11 12 276
138 20.01 11 12 276
138 20.01 11 12 276
138 20.01 12 13 276
138 20.01 12 13 276
138 20.01 12 13 276
138 20.01 12 13 276
138 20.01 12 13 276
138 20.01 12 13 276
138 20.01 13 14 276
138 20.01 13 14 276
138 20.01 13 14 276
138 20.01 13 14 276
138 20.01 14 15 276
138 20.01 14 15 276
138 20.01 14 15 276
138 20.01 14 15 276
138 20.01 15 16 276
138 20.01 15 16 276
138 20.01 16 17 276
138 20.01 16 17 276
138 20.01 16 17 276
138 20.01 17 18 276
138 20.01 17 18 276
138 20.01 18 19 276
138 20.01 19 20 276
138 20.01 20 21 276
138 20.01 21 22 276
138 20.01 22 23 276
138 20.01 23 24 276
138 20.01 24 25 276
138 20.01 30 31 276
138 20.01 33 34 276
139 20.01 1 2 257
139 20.01 1 2 257
139 20.01 1 2 257
139 20.01 1 2 257
139 20.01 1 2 257
139 20.01 1 2 257
139 20.01 1 2 257
139 20.01 1 2 257
139 20.01 1 2 257
139 20.01 1 2 257
139 20.01 1 2 257
139 20.01 1 2 257
139 20.01 1 2 257
139 20.01 1 2 257
139 20.01 1 2 257
139 20.01 1 2 257
139 20.01 1 2 257
139 20.01 1 2 257
139 20.01 1 2 257
139 20.01 1 2 257
139 20.01 1 2 257
139 20.01 1 2 257
139 20.01 1 2 257
139 20.01 1 2 257
139 20.01 1 2 257
139 20.01 1 2 257
139 20.01 1 2 257
139 20.01 1 2 257
139 20.01 1 2 257
139 20.01 1 2 257
139 20.01 1 2 257
139 20.01 1 2 257
139 20.01 1 2 257
139 20.01 1 2 257
139 20.01 1 2 257
139 20.01 1 2 257
139 20.01 2 3 257
139 20.01 2 3 257
139 20.01 2 3 257
139 20.01 2 3 257
139 20.01 2 3 257
139 20.01 2 3 257
139 20.01 2 3 257
139 20.01 2 3 257
139 20.01 2 3 257
139 20.01 2 3 257
139 20.01 2 3 257
139 20.01 2 3 257
139 20.01 2 3 257
139 20.01 2 3 257
139 20.01 2 3 257
139 20.01 2 3 257
139 20.01 2 3 257
139 20.01 2 3 257
139 20.01 2 3 257
139 20.01 2 3 257
139 20.01 2 3 257
139 20.01 2 3 257
139 20.01 2 3 257
139 20.01 2 3 257
139 20.01 2 3 257
139 20.01 2 3 257
139 20.01 2 3 257
139 20.01 2 3 257
139 20.01 2 3 257
139 20.01 2 3 257
139 20.01 2 3 257
139 20.01 2 3 257
139 20.01 2 3 257
139 20.01 2 3 257
139 20.01 2 3 257
139 20.01 3 4 257
139 20.01 3 4 257
139 20.01 3 4 257
139 20.01 3 4 257
139 20.01 3 4 257
139 20.01 3 4 257
139 20.01 3 4 257
139 20.01 3 4 257
139 20.01 3 4 257
139 20.01 3 4 257
139 20.01 3 4 257
139 20.01 3 4 257
139 20.01 3 4 257
139 20.01 3 4 257
139 20.01 3 4 257
139 20.01 3 4 257
139 20.01 3 4 257
139 20.01 3 4 257
139 20.01 3 4 257
139 20.01 3 4 257
139 20.01 3 4 257
139 20.01 3 4 257
139 20.01 3 4 257
139 20.01 3 4 257
139 20.01 3 4 257
139 20.01 3 4 257
139 20.01 3 4 257
139 20.01 3 4 257
139 20.01 3 4 257
139 20.01 3 4 257
139 20.01 3 4 257
139 20.01 3 4 257
139 20.01 3 4 257
139 20.01 3 4 257
139 20.01 3 4 257
139 20.01 3 4 257
139 20.01 4 5 257
139 20.01 4 5 257
139 20.01 4 5 257
139 20.01 4 5 257
139 20.01 4 5 257
139 20.01 4 5 257
139 20.01 4 5 257
139 20.01 4 5 257
139 20.01 4 5 257
139 20.01 4 5 257
139 20.01 4 5 257
139 20.01 4 5 257
139 20.01 4 5 257
139 20.01 4 5 257
139 20.01 4 5 257
139 20.01 5 6 257
139 20.01 5 6 257
139 20.01 5 6 257
139 20.01 5 6 257
139 20.01 5 6 257
139 20.01 5 6 257
139 20.01 5 6 257
139 20.01 5 6 257
139 20.01 5 6 257
139 20.01 5 6 257
139 20.01 5 6 257
139 20.01 5 6 257
139 20.01 5 6 257
139 20.01 5 6 257
139 20.01 5 6 257
139 20.01 5 6 257
139 20.01 6 7 257
139 20.01 6 7 257
139 20.01 6 7 257
139 20.01 6 7 257
139 20.01 6 7 257
139 20.01 6 7 257
139 20.01 6 7 257
139 20.01 6 7 257
139 20.01 6 7 257
139 20.01 6 7 257
139 20.01 6 7 257
139 20.01 6 7 257
139 20.01 6 7 257
139 20.01 7 8 257
139 20.01 7 8 257
139 20.01 7 8 257
139 20.01 7 8 257
139 20.01 7 8 257
139 20.01 7 8 257
139 20.01 7 8 257
139 20.01 7 8 257
139 20.01 7 8 257
139 20.01 7 8 257
139 20.01 7 8 257
139 20.01 7 8 257
139 20.01 7 8 257
139 20.01 8 9 257
139 20.01 8 9 257
139 20.01 8 9 257
139 20.01 8 9 257
139 20.01 8 9 257
139 20.01 8 9 257
139 20.01 9 10 257
139 20.01 9 10 257
139 20.01 9 10 257
139 20.01 9 10 257
139 20.01 9 10 257
139 20.01 9 10 257
139 20.01 10 11 257
139 20.01 10 11 257
139 20.01 10 11 257
139 20.01 10 11 257
139 20.01 10 11 257
139 20.01 10 11 257
139 20.01 11 12 257
139 20.01 11 12 257
139 20.01 11 12 257
139 20.01 11 12 257
139 20.01 11 12 257
139 20.01 11 12 257
139 20.01 11 12 257
139 20.01 12 13 257
139 20.01 12 13 257
139 20.01 12 13 257
139 20.01 12 13 257
139 20.01 12 13 257
139 20.01 12 13 257
139 20.01 12 13 257
139 20.01 13 14 257
139 20.01 13 14 257
139 20.01 13 14 257
139 20.01 13 14 257
139 20.01 13 14 257
139 20.01 13 14 257
139 20.01 13 14 257
139 20.01 13 14 257
139 20.01 13 14 257
139 20.01 13 14 257
139 20.01 13 14 257
139 20.01 13 14 257
139 20.01 13 14 257
139 20.01 13 14 257
139 20.01 13 14 257
139 20.01 13 14 257
139 20.01 13 14 257
139 20.01 13 14 257
139 20.01 13 14 257
139 20.01 13 14 257
139 20.01 14 15 257
139 20.01 14 15 257
139 20.01 14 15 257
139 20.01 14 15 257
139 20.01 14 15 257
139 20.01 14 15 257
139 20.01 14 15 257
139 20.01 14 15 257
139 20.01 14 15 257
139 20.01 14 15 257
139 20.01 14 15 257
139 20.01 14 15 257
139 20.01 14 15 257
139 20.01 14 15 257
139 20.01 14 15 257
139 20.01 14 15 257
139 20.01 14 15 257
139 20.01 14 15 257
139 20.01 14 15 257
139 20.01 14 15 257
139 20.01 15 16 257
139 20.01 15 16 257
139 20.01 16 17 257
139 20.01 16 17 257
139 20.01 17 18 257
139 20.01 17 18 257
139 20.01 17 18 257
139 20.01 18 19 257
139 20.01 18 19 257
139 20.01 19 20 257
139 20.01 23 24 257
139 20.01 24 25 257
139 20.01 29 30 257
139 20.01 29 30 257
139 20.01 30 31 257
139 20.01 30 31 257
139 20.01 31 32 257
139 20.01 31 32 257
139 20.01 31 32 257
139 20.01 37 38 257
139 20.01 38 39 257
140 20.02 1 2 212
140 20.02 1 2 212
140 20.02 1 2 212
140 20.02 1 2 212
140 20.02 1 2 212
140 20.02 1 2 212
140 20.02 1 2 212
140 20.02 1 2 212
140 20.02 1 2 212
140 20.02 1 2 212
140 20.02 1 2 212
140 20.02 1 2 212
140 20.02 1 2 212
140 20.02 1 2 212
140 20.02 1 2 212
140 20.02 1 2 212
140 20.02 1 2 212
140 20.02 1 2 212
140 20.02 1 2 212
140 20.02 1 2 212
140 20.02 1 2 212
140 20.02 1 2 212
140 20.02 1 2 212
140 20.02 1 2 212
140 20.02 1 2 212
140 20.02 1 2 212
140 20.02 1 2 212
140 20.02 1 2 212
140 20.02 1 2 212
140 20.02 1 2 212
140 20.02 1 2 212
140 20.02 1 2 212
140 20.02 1 2 212
140 20.02 1 2 212
140 20.02 1 2 212
140 20.02 1 2 212
140 20.02 1 2 212
140 20.02 1 2 212
140 20.02 1 2 212
140 20.02 1 2 212
140 20.02 1 2 212
140 20.02 2 3 212
140 20.02 2 3 212
140 20.02 2 3 212
140 20.02 2 3 212
140 20.02 2 3 212
140 20.02 2 3 212
140 20.02 2 3 212
140 20.02 2 3 212
140 20.02 2 3 212
140 20.02 2 3 212
140 20.02 2 3 212
140 20.02 2 3 212
140 20.02 2 3 212
140 20.02 2 3 212
140 20.02 2 3 212
140 20.02 2 3 212
140 20.02 2 3 212
140 20.02 2 3 212
140 20.02 2 3 212
140 20.02 2 3 212
140 20.02 2 3 212
140 20.02 2 3 212
140 20.02 2 3 212
140 20.02 2 3 212
140 20.02 2 3 212
140 20.02 2 3 212
140 20.02 3 4 212
140 20.02 3 4 212
140 20.02 3 4 212
140 20.02 3 4 212
140 20.02 3 4 212
140 20.02 3 4 212
140 20.02 3 4 212
140 20.02 3 4 212
140 20.02 3 4 212
140 20.02 3 4 212
140 20.02 3 4 212
140 20.02 3 4 212
140 20.02 3 4 212
140 20.02 3 4 212
140 20.02 3 4 212
140 20.02 3 4 212
140 20.02 3 4 212
140 20.02 3 4 212
140 20.02 3 4 212
140 20.02 4 5 212
140 20.02 4 5 212
140 20.02 4 5 212
140 20.02 4 5 212
140 20.02 4 5 212
140 20.02 4 5 212
140 20.02 4 5 212
140 20.02 4 5 212
140 20.02 4 5 212
140 20.02 4 5 212
140 20.02 4 5 212
140 20.02 4 5 212
140 20.02 4 5 212
140 20.02 4 5 212
140 20.02 4 5 212
140 20.02 4 5 212
140 20.02 4 5 212
140 20.02 4 5 212
140 20.02 4 5 212
140 20.02 4 5 212
140 20.02 4 5 212
140 20.02 4 5 212
140 20.02 4 5 212
140 20.02 4 5 212
140 20.02 5 6 212
140 20.02 5 6 212
140 20.02 5 6 212
140 20.02 5 6 212
140 20.02 5 6 212
140 20.02 5 6 212
140 20.02 5 6 212
140 20.02 5 6 212
140 20.02 5 6 212
140 20.02 5 6 212
140 20.02 5 6 212
140 20.02 5 6 212
140 20.02 5 6 212
140 20.02 5 6 212
140 20.02 5 6 212
140 20.02 5 6 212
140 20.02 5 6 212
140 20.02 5 6 212
140 20.02 5 6 212
140 20.02 5 6 212
140 20.02 5 6 212
140 20.02 5 6 212
140 20.02 5 6 212
140 20.02 5 6 212
140 20.02 6 7 212
140 20.02 6 7 212
140 20.02 6 7 212
140 20.02 6 7 212
140 20.02 6 7 212
140 20.02 6 7 212
140 20.02 6 7 212
140 20.02 6 7 212
140 20.02 6 7 212
140 20.02 6 7 212
140 20.02 6 7 212
140 20.02 6 7 212
140 20.02 6 7 212
140 20.02 6 7 212
140 20.02 6 7 212
140 20.02 6 7 212
140 20.02 6 7 212
140 20.02 6 7 212
140 20.02 6 7 212
140 20.02 6 7 212
140 20.02 6 7 212
140 20.02 6 7 212
140 20.02 6 7 212
140 20.02 7 8 212
140 20.02 7 8 212
140 20.02 7 8 212
140 20.02 7 8 212
140 20.02 7 8 212
140 20.02 7 8 212
140 20.02 7 8 212
140 20.02 7 8 212
140 20.02 7 8 212
140 20.02 7 8 212
140 20.02 7 8 212
140 20.02 7 8 212
140 20.02 8 9 212
140 20.02 8 9 212
140 20.02 8 9 212
140 20.02 8 9 212
140 20.02 8 9 212
140 20.02 8 9 212
140 20.02 8 9 212
140 20.02 8 9 212
140 20.02 8 9 212
140 20.02 8 9 212
140 20.02 9 10 212
140 20.02 9 10 212
140 20.02 9 10 212
140 20.02 9 10 212
140 20.02 9 10 212
140 20.02 9 10 212
140 20.02 9 10 212
140 20.02 9 10 212
140 20.02 10 11 212
140 20.02 10 11 212
140 20.02 10 11 212
140 20.02 10 11 212
140 20.02 10 11 212
140 20.02 10 11 212
140 20.02 11 12 212
140 20.02 11 12 212
140 20.02 12 13 212
140 20.02 12 13 212
140 20.02 12 13 212
140 20.02 13 14 212
140 20.02 13 14 212
140 20.02 14 15 212
140 20.02 15 16 212
140 20.02 15 16 212
140 20.02 15 16 212
140 20.02 15 16 212
140 20.02 16 17 212
140 20.02 16 17 212
140 20.02 16 17 212
140 20.02 16 17 212
140 20.02 16 17 212
140 20.02 17 18 212
140 20.02 17 18 212
141 20.02 1 2 188
141 20.02 1 2 188
141 20.02 1 2 188
141 20.02 1 2 188
141 20.02 1 2 188
141 20.02 1 2 188
141 20.02 1 2 188
141 20.02 1 2 188
141 20.02 1 2 188
141 20.02 1 2 188
141 20.02 1 2 188
141 20.02 1 2 188
141 20.02 1 2 188
141 20.02 1 2 188
141 20.02 1 2 188
141 20.02 1 2 188
141 20.02 1 2 188
141 20.02 1 2 188
141 20.02 1 2 188
141 20.02 1 2 188
141 20.02 1 2 188
141 20.02 1 2 188
141 20.02 1 2 188
141 20.02 1 2 188
141 20.02 1 2 188
141 20.02 1 2 188
141 20.02 1 2 188
141 20.02 1 2 188
141 20.02 1 2 188
141 20.02 1 2 188
141 20.02 1 2 188
141 20.02 1 2 188
141 20.02 1 2 188
141 20.02 1 2 188
141 20.02 1 2 188
141 20.02 1 2 188
141 20.02 1 2 188
141 20.02 1 2 188
141 20.02 1 2 188
141 20.02 2 3 188
141 20.02 2 3 188
141 20.02 2 3 188
141 20.02 2 3 188
141 20.02 3 4 188
141 20.02 3 4 188
141 20.02 3 4 188
141 20.02 3 4 188
141 20.02 3 4 188
141 20.02 3 4 188
141 20.02 3 4 188
141 20.02 3 4 188
141 20.02 3 4 188
141 20.02 3 4 188
141 20.02 3 4 188
141 20.02 3 4 188
141 20.02 4 5 188
141 20.02 4 5 188
141 20.02 4 5 188
141 20.02 4 5 188
141 20.02 4 5 188
141 20.02 4 5 188
141 20.02 4 5 188
141 20.02 4 5 188
141 20.02 4 5 188
141 20.02 4 5 188
141 20.02 4 5 188
141 20.02 4 5 188
141 20.02 4 5 188
141 20.02 4 5 188
141 20.02 4 5 188
141 20.02 4 5 188
141 20.02 4 5 188
141 20.02 5 6 188
141 20.02 5 6 188
141 20.02 5 6 188
141 20.02 5 6 188
141 20.02 5 6 188
141 20.02 5 6 188
141 20.02 5 6 188
141 20.02 5 6 188
141 20.02 5 6 188
141 20.02 5 6 188
141 20.02 5 6 188
141 20.02 5 6 188
141 20.02 5 6 188
141 20.02 5 6 188
141 20.02 5 6 188
141 20.02 5 6 188
141 20.02 5 6 188
141 20.02 5 6 188
141 20.02 6 7 188
141 20.02 6 7 188
141 20.02 6 7 188
141 20.02 6 7 188
141 20.02 6 7 188
141 20.02 6 7 188
141 20.02 6 7 188
141 20.02 6 7 188
141 20.02 6 7 188
141 20.02 6 7 188
141 20.02 6 7 188
141 20.02 6 7 188
141 20.02 6 7 188
141 20.02 6 7 188
141 20.02 6 7 188
141 20.02 6 7 188
141 20.02 6 7 188
141 20.02 6 7 188
141 20.02 7 8 188
141 20.02 7 8 188
141 20.02 7 8 188
141 20.02 7 8 188
141 20.02 7 8 188
141 20.02 7 8 188
141 20.02 7 8 188
141 20.02 7 8 188
141 20.02 7 8 188
141 20.02 7 8 188
141 20.02 7 8 188
141 20.02 7 8 188
141 20.02 7 8 188
141 20.02 8 9 188
141 20.02 8 9 188
141 20.02 8 9 188
141 20.02 8 9 188
141 20.02 8 9 188
141 20.02 8 9 188
141 20.02 8 9 188
141 20.02 8 9 188
141 20.02 8 9 188
141 20.02 8 9 188
141 20.02 8 9 188
141 20.02 8 9 188
141 20.02 9 10 188
141 20.02 9 10 188
141 20.02 9 10 188
141 20.02 9 10 188
141 20.02 9 10 188
141 20.02 9 10 188
141 20.02 9 10 188
141 20.02 10 11 188
141 20.02 10 11 188
141 20.02 10 11 188
141 20.02 10 11 188
141 20.02 10 11 188
141 20.02 10 11 188
141 20.02 10 11 188
141 20.02 10 11 188
141 20.02 11 12 188
141 20.02 11 12 188
141 20.02 11 12 188
141 20.02 11 12 188
141 20.02 11 12 188
141 20.02 11 12 188
141 20.02 11 12 188
141 20.02 12 13 188
141 20.02 12 13 188
141 20.02 12 13 188
141 20.02 12 13 188
141 20.02 12 13 188
141 20.02 12 13 188
141 20.02 12 13 188
141 20.02 13 14 188
141 20.02 13 14 188
141 20.02 13 14 188
141 20.02 13 14 188
141 20.02 13 14 188
141 20.02 13 14 188
141 20.02 13 14 188
141 20.02 14 15 188
141 20.02 14 15 188
141 20.02 14 15 188
141 20.02 14 15 188
141 20.02 15 16 188
141 20.02 17 18 188
141 20.02 17 18 188
141 20.02 17 18 188
141 20.02 17 18 188
141 20.02 18 19 188
141 20.02 18 19 188
141 20.02 19 20 188
141 20.02 19 20 188
141 20.02 19 20 188
141 20.02 20 21 188
141 20.02 20 21 188
141 20.02 20 21 188
141 20.02 21 22 188
141 20.02 21 22 188
142 20.02 1 2 100
142 20.02 1 2 100
142 20.02 1 2 100
142 20.02 1 2 100
142 20.02 1 2 100
142 20.02 1 2 100
142 20.02 1 2 100
142 20.02 2 3 100
142 20.02 2 3 100
142 20.02 2 3 100
142 20.02 2 3 100
142 20.02 2 3 100
142 20.02 2 3 100
142 20.02 2 3 100
142 20.02 2 3 100
142 20.02 2 3 100
142 20.02 2 3 100
142 20.02 2 3 100
142 20.02 2 3 100
142 20.02 3 4 100
142 20.02 3 4 100
142 20.02 3 4 100
142 20.02 3 4 100
142 20.02 3 4 100
142 20.02 3 4 100
142 20.02 3 4 100
142 20.02 3 4 100
142 20.02 3 4 100
142 20.02 3 4 100
142 20.02 3 4 100
142 20.02 3 4 100
142 20.02 3 4 100
142 20.02 3 4 100
142 20.02 3 4 100
142 20.02 4 5 100
142 20.02 4 5 100
142 20.02 4 5 100
142 20.02 4 5 100
142 20.02 4 5 100
142 20.02 4 5 100
142 20.02 4 5 100
142 20.02 4 5 100
142 20.02 4 5 100
142 20.02 5 6 100
142 20.02 5 6 100
142 20.02 5 6 100
142 20.02 5 6 100
142 20.02 5 6 100
142 20.02 5 6 100
142 20.02 5 6 100
142 20.02 5 6 100
142 20.02 5 6 100
142 20.02 6 7 100
142 20.02 6 7 100
142 20.02 6 7 100
142 20.02 6 7 100
142 20.02 6 7 100
142 20.02 6 7 100
142 20.02 6 7 100
142 20.02 6 7 100
142 20.02 6 7 100
142 20.02 7 8 100
142 20.02 7 8 100
142 20.02 7 8 100
142 20.02 7 8 100
142 20.02 8 9 100
142 20.02 8 9 100
142 20.02 8 9 100
142 20.02 8 9 100
142 20.02 8 9 100
142 20.02 8 9 100
142 20.02 8 9 100
142 20.02 9 10 100
142 20.02 9 10 100
142 20.02 9 10 100
142 20.02 9 10 100
142 20.02 9 10 100
142 20.02 9 10 100
142 20.02 9 10 100
142 20.02 9 10 100
142 20.02 9 10 100
142 20.02 10 11 100
142 20.02 10 11 100
142 20.02 10 11 100
142 20.02 10 11 100
142 20.02 10 11 100
142 20.02 10 11 100
142 20.02 10 11 100
142 20.02 11 12 100
142 20.02 11 12 100
142 20.02 12 13 100
142 20.02 12 13 100
142 20.02 12 13 100
142 20.02 13 14 100
142 20.02 13 14 100
142 20.02 13 14 100
142 20.02 17 18 100
142 20.02 18 19 100
142 20.02 18 19 100
142 20.02 20 21 100
143 20.02 1 2 130
143 20.02 1 2 130
143 20.02 1 2 130
143 20.02 1 2 130
143 20.02 1 2 130
143 20.02 1 2 130
143 20.02 1 2 130
143 20.02 1 2 130
143 20.02 1 2 130
143 20.02 1 2 130
143 20.02 1 2 130
143 20.02 1 2 130
143 20.02 1 2 130
143 20.02 1 2 130
143 20.02 1 2 130
143 20.02 1 2 130
143 20.02 1 2 130
143 20.02 1 2 130
143 20.02 1 2 130
143 20.02 1 2 130
143 20.02 1 2 130
143 20.02 1 2 130
143 20.02 1 2 130
143 20.02 1 2 130
143 20.02 1 2 130
143 20.02 1 2 130
143 20.02 1 2 130
143 20.02 1 2 130
143 20.02 1 2 130
143 20.02 2 3 130
143 20.02 2 3 130
143 20.02 2 3 130
143 20.02 2 3 130
143 20.02 2 3 130
143 20.02 2 3 130
143 20.02 2 3 130
143 20.02 2 3 130
143 20.02 2 3 130
143 20.02 3 4 130
143 20.02 3 4 130
143 20.02 3 4 130
143 20.02 3 4 130
143 20.02 3 4 130
143 20.02 3 4 130
143 20.02 3 4 130
143 20.02 3 4 130
143 20.02 3 4 130
143 20.02 3 4 130
143 20.02 3 4 130
143 20.02 3 4 130
143 20.02 3 4 130
143 20.02 3 4 130
143 20.02 3 4 130
143 20.02 3 4 130
143 20.02 4 5 130
143 20.02 4 5 130
143 20.02 4 5 130
143 20.02 4 5 130
143 20.02 4 5 130
143 20.02 4 5 130
143 20.02 4 5 130
143 20.02 4 5 130
143 20.02 4 5 130
143 20.02 4 5 130
143 20.02 4 5 130
143 20.02 5 6 130
143 20.02 5 6 130
143 20.02 5 6 130
143 20.02 5 6 130
143 20.02 5 6 130
143 20.02 5 6 130
143 20.02 5 6 130
143 20.02 5 6 130
143 20.02 5 6 130
143 20.02 5 6 130
143 20.02 5 6 130
143 20.02 6 7 130
143 20.02 6 7 130
143 20.02 6 7 130
143 20.02 6 7 130
143 20.02 6 7 130
143 20.02 6 7 130
143 20.02 6 7 130
143 20.02 6 7 130
143 20.02 6 7 130
143 20.02 6 7 130
143 20.02 6 7 130
143 20.02 7 8 130
143 20.02 7 8 130
143 20.02 7 8 130
143 20.02 7 8 130
143 20.02 7 8 130
143 20.02 7 8 130
143 20.02 7 8 130
143 20.02 7 8 130
143 20.02 7 8 130
143 20.02 7 8 130
143 20.02 8 9 130
143 20.02 8 9 130
143 20.02 8 9 130
143 20.02 8 9 130
143 20.02 8 9 130
143 20.02 8 9 130
143 20.02 8 9 130
143 20.02 9 10 130
143 20.02 9 10 130
143 20.02 9 10 130
143 20.02 9 10 130
143 20.02 10 11 130
143 20.02 10 11 130
143 20.02 10 11 130
143 20.02 10 11 130
143 20.02 10 11 130
143 20.02 11 12 130
143 20.02 12 13 130
143 20.02 13 14 130
143 20.02 13 14 130
143 20.02 14 15 130
143 20.02 14 15 130
143 20.02 15 16 130
143 20.02 15 16 130
143 20.02 16 17 130
143 20.02 16 17 130
143 20.02 16 17 130
143 20.02 18 19 130
143 20.02 18 19 130
143 20.02 19 20 130
143 20.02 20 21 130
143 20.02 20 21 130
143 20.02 21 22 130
144 20.02 1 2 168
144 20.02 1 2 168
144 20.02 1 2 168
144 20.02 1 2 168
144 20.02 1 2 168
144 20.02 1 2 168
144 20.02 1 2 168
144 20.02 1 2 168
144 20.02 1 2 168
144 20.02 1 2 168
144 20.02 1 2 168
144 20.02 1 2 168
144 20.02 1 2 168
144 20.02 1 2 168
144 20.02 1 2 168
144 20.02 1 2 168
144 20.02 1 2 168
144 20.02 1 2 168
144 20.02 1 2 168
144 20.02 1 2 168
144 20.02 1 2 168
144 20.02 1 2 168
144 20.02 1 2 168
144 20.02 1 2 168
144 20.02 1 2 168
144 20.02 1 2 168
144 20.02 1 2 168
144 20.02 1 2 168
144 20.02 1 2 168
144 20.02 1 2 168
144 20.02 1 2 168
144 20.02 1 2 168
144 20.02 1 2 168
144 20.02 2 3 168
144 20.02 2 3 168
144 20.02 2 3 168
144 20.02 2 3 168
144 20.02 2 3 168
144 20.02 2 3 168
144 20.02 2 3 168
144 20.02 2 3 168
144 20.02 2 3 168
144 20.02 2 3 168
144 20.02 2 3 168
144 20.02 2 3 168
144 20.02 2 3 168
144 20.02 2 3 168
144 20.02 2 3 168
144 20.02 2 3 168
144 20.02 3 4 168
144 20.02 3 4 168
144 20.02 3 4 168
144 20.02 3 4 168
144 20.02 3 4 168
144 20.02 3 4 168
144 20.02 3 4 168
144 20.02 3 4 168
144 20.02 3 4 168
144 20.02 4 5 168
144 20.02 4 5 168
144 20.02 4 5 168
144 20.02 4 5 168
144 20.02 4 5 168
144 20.02 4 5 168
144 20.02 4 5 168
144 20.02 4 5 168
144 20.02 4 5 168
144 20.02 4 5 168
144 20.02 4 5 168
144 20.02 4 5 168
144 20.02 5 6 168
144 20.02 5 6 168
144 20.02 5 6 168
144 20.02 5 6 168
144 20.02 5 6 168
144 20.02 5 6 168
144 20.02 5 6 168
144 20.02 5 6 168
144 20.02 5 6 168
144 20.02 5 6 168
144 20.02 5 6 168
144 20.02 6 7 168
144 20.02 6 7 168
144 20.02 6 7 168
144 20.02 6 7 168
144 20.02 6 7 168
144 20.02 6 7 168
144 20.02 6 7 168
144 20.02 6 7 168
144 20.02 6 7 168
144 20.02 6 7 168
144 20.02 6 7 168
144 20.02 7 8 168
144 20.02 7 8 168
144 20.02 7 8 168
144 20.02 7 8 168
144 20.02 7 8 168
144 20.02 7 8 168
144 20.02 7 8 168
144 20.02 7 8 168
144 20.02 7 8 168
144 20.02 8 9 168
144 20.02 8 9 168
144 20.02 8 9 168
144 20.02 8 9 168
144 20.02 9 10 168
144 20.02 9 10 168
144 20.02 9 10 168
144 20.02 9 10 168
144 20.02 9 10 168
144 20.02 9 10 168
144 20.02 9 10 168
144 20.02 9 10 168
144 20.02 9 10 168
144 20.02 9 10 168
144 20.02 10 11 168
144 20.02 10 11 168
144 20.02 10 11 168
144 20.02 10 11 168
144 20.02 10 11 168
144 20.02 10 11 168
144 20.02 10 11 168
144 20.02 10 11 168
144 20.02 10 11 168
144 20.02 11 12 168
144 20.02 11 12 168
144 20.02 11 12 168
144 20.02 11 12 168
144 20.02 11 12 168
144 20.02 12 13 168
144 20.02 12 13 168
144 20.02 12 13 168
144 20.02 12 13 168
144 20.02 12 13 168
144 20.02 12 13 168
144 20.02 13 14 168
144 20.02 13 14 168
144 20.02 13 14 168
144 20.02 13 14 168
144 20.02 13 14 168
144 20.02 14 15 168
144 20.02 14 15 168
144 20.02 14 15 168
144 20.02 15 16 168
144 20.02 15 16 168
144 20.02 15 16 168
144 20.02 16 17 168
144 20.02 16 17 168
144 20.02 16 17 168
144 20.02 16 17 168
144 20.02 16 17 168
144 20.02 16 17 168
144 20.02 17 18 168
144 20.02 19 20 168
144 20.02 20 21 168
144 20.02 21 22 168
144 20.02 21 22 168
144 20.02 22 23 168
144 20.02 22 23 168
144 20.02 22 23 168
144 20.02 25 26 168
144 20.02 26 27 168
144 20.02 26 27 168
144 20.02 27 28 168
144 20.02 27 28 168
144 20.02 30 31 168
144 20.02 34 35 168
144 20.02 35 36 168
145 20.02 1 2 191
145 20.02 2 3 191
145 20.02 2 3 191
145 20.02 2 3 191
145 20.02 2 3 191
145 20.02 2 3 191
145 20.02 2 3 191
145 20.02 2 3 191
145 20.02 2 3 191
145 20.02 2 3 191
145 20.02 2 3 191
145 20.02 2 3 191
145 20.02 2 3 191
145 20.02 2 3 191
145 20.02 2 3 191
145 20.02 2 3 191
145 20.02 2 3 191
145 20.02 2 3 191
145 20.02 2 3 191
145 20.02 2 3 191
145 20.02 2 3 191
145 20.02 2 3 191
145 20.02 2 3 191
145 20.02 2 3 191
145 20.02 2 3 191
145 20.02 2 3 191
145 20.02 2 3 191
145 20.02 2 3 191
145 20.02 2 3 191
145 20.02 2 3 191
145 20.02 2 3 191
145 20.02 2 3 191
145 20.02 2 3 191
145 20.02 2 3 191
145 20.02 2 3 191
145 20.02 2 3 191
145 20.02 2 3 191
145 20.02 2 3 191
145 20.02 2 3 191
145 20.02 2 3 191
145 20.02 2 3 191
145 20.02 2 3 191
145 20.02 2 3 191
145 20.02 2 3 191
145 20.02 2 3 191
145 20.02 2 3 191
145 20.02 2 3 191
145 20.02 2 3 191
145 20.02 2 3 191
145 20.02 2 3 191
145 20.02 2 3 191
145 20.02 2 3 191
145 20.02 2 3 191
145 20.02 2 3 191
145 20.02 2 3 191
145 20.02 2 3 191
145 20.02 2 3 191
145 20.02 2 3 191
145 20.02 2 3 191
145 20.02 2 3 191
145 20.02 2 3 191
145 20.02 2 3 191
145 20.02 2 3 191
145 20.02 2 3 191
145 20.02 3 4 191
145 20.02 3 4 191
145 20.02 3 4 191
145 20.02 3 4 191
145 20.02 3 4 191
145 20.02 3 4 191
145 20.02 3 4 191
145 20.02 3 4 191
145 20.02 3 4 191
145 20.02 3 4 191
145 20.02 3 4 191
145 20.02 3 4 191
145 20.02 4 5 191
145 20.02 4 5 191
145 20.02 4 5 191
145 20.02 4 5 191
145 20.02 4 5 191
145 20.02 4 5 191
145 20.02 4 5 191
145 20.02 4 5 191
145 20.02 4 5 191
145 20.02 4 5 191
145 20.02 4 5 191
145 20.02 4 5 191
145 20.02 4 5 191
145 20.02 4 5 191
145 20.02 4 5 191
145 20.02 4 5 191
145 20.02 4 5 191
145 20.02 5 6 191
145 20.02 5 6 191
145 20.02 5 6 191
145 20.02 5 6 191
145 20.02 5 6 191
145 20.02 5 6 191
145 20.02 5 6 191
145 20.02 5 6 191
145 20.02 5 6 191
145 20.02 5 6 191
145 20.02 5 6 191
145 20.02 5 6 191
145 20.02 5 6 191
145 20.02 5 6 191
145 20.02 5 6 191
145 20.02 5 6 191
145 20.02 5 6 191
145 20.02 6 7 191
145 20.02 6 7 191
145 20.02 6 7 191
145 20.02 6 7 191
145 20.02 6 7 191
145 20.02 6 7 191
145 20.02 6 7 191
145 20.02 6 7 191
145 20.02 6 7 191
145 20.02 6 7 191
145 20.02 6 7 191
145 20.02 6 7 191
145 20.02 6 7 191
145 20.02 6 7 191
145 20.02 6 7 191
145 20.02 7 8 191
145 20.02 7 8 191
145 20.02 7 8 191
145 20.02 7 8 191
145 20.02 7 8 191
145 20.02 7 8 191
145 20.02 7 8 191
145 20.02 7 8 191
145 20.02 7 8 191
145 20.02 7 8 191
145 20.02 7 8 191
145 20.02 7 8 191
145 20.02 7 8 191
145 20.02 7 8 191
145 20.02 7 8 191
145 20.02 8 9 191
145 20.02 8 9 191
145 20.02 8 9 191
145 20.02 8 9 191
145 20.02 8 9 191
145 20.02 8 9 191
145 20.02 8 9 191
145 20.02 8 9 191
145 20.02 8 9 191
145 20.02 8 9 191
145 20.02 8 9 191
145 20.02 9 10 191
145 20.02 9 10 191
145 20.02 9 10 191
145 20.02 9 10 191
145 20.02 9 10 191
145 20.02 9 10 191
145 20.02 9 10 191
145 20.02 9 10 191
145 20.02 9 10 191
145 20.02 10 11 191
145 20.02 10 11 191
145 20.02 10 11 191
145 20.02 10 11 191
145 20.02 10 11 191
145 20.02 10 11 191
145 20.02 11 12 191
145 20.02 11 12 191
145 20.02 11 12 191
145 20.02 12 13 191
145 20.02 12 13 191
145 20.02 12 13 191
145 20.02 13 14 191
145 20.02 14 15 191
145 20.02 14 15 191
145 20.02 15 16 191
145 20.02 15 16 191
145 20.02 15 16 191
145 20.02 16 17 191
145 20.02 17 18 191
145 20.02 17 18 191
145 20.02 18 19 191
145 20.02 19 20 191
145 20.02 22 23 191
145 20.02 22 23 191
145 20.02 24 25 191
145 20.02 25 26 191
145 20.02 27 28 191
145 20.02 28 29 191
145 20.02 31 32 191
145 20.02 31 32 191
146 20.02 1 2 170
146 20.02 1 2 170
146 20.02 1 2 170
146 20.02 1 2 170
146 20.02 1 2 170
146 20.02 1 2 170
146 20.02 1 2 170
146 20.02 1 2 170
146 20.02 1 2 170
146 20.02 1 2 170
146 20.02 1 2 170
146 20.02 1 2 170
146 20.02 1 2 170
146 20.02 1 2 170
146 20.02 1 2 170
146 20.02 1 2 170
146 20.02 1 2 170
146 20.02 1 2 170
146 20.02 1 2 170
146 20.02 1 2 170
146 20.02 1 2 170
146 20.02 1 2 170
146 20.02 1 2 170
146 20.02 1 2 170
146 20.02 1 2 170
146 20.02 1 2 170
146 20.02 1 2 170
146 20.02 1 2 170
146 20.02 1 2 170
146 20.02 1 2 170
146 20.02 1 2 170
146 20.02 1 2 170
146 20.02 1 2 170
146 20.02 1 2 170
146 20.02 1 2 170
146 20.02 1 2 170
146 20.02 1 2 170
146 20.02 1 2 170
146 20.02 1 2 170
146 20.02 1 2 170
146 20.02 2 3 170
146 20.02 2 3 170
146 20.02 2 3 170
146 20.02 2 3 170
146 20.02 2 3 170
146 20.02 2 3 170
146 20.02 2 3 170
146 20.02 2 3 170
146 20.02 2 3 170
146 20.02 2 3 170
146 20.02 2 3 170
146 20.02 2 3 170
146 20.02 2 3 170
146 20.02 2 3 170
146 20.02 2 3 170
146 20.02 2 3 170
146 20.02 2 3 170
146 20.02 2 3 170
146 20.02 2 3 170
146 20.02 2 3 170
146 20.02 2 3 170
146 20.02 2 3 170
146 20.02 2 3 170
146 20.02 3 4 170
146 20.02 3 4 170
146 20.02 3 4 170
146 20.02 3 4 170
146 20.02 3 4 170
146 20.02 3 4 170
146 20.02 3 4 170
146 20.02 3 4 170
146 20.02 3 4 170
146 20.02 3 4 170
146 20.02 3 4 170
146 20.02 3 4 170
146 20.02 3 4 170
146 20.02 3 4 170
146 20.02 3 4 170
146 20.02 3 4 170
146 20.02 3 4 170
146 20.02 3 4 170
146 20.02 4 5 170
146 20.02 4 5 170
146 20.02 4 5 170
146 20.02 4 5 170
146 20.02 4 5 170
146 20.02 4 5 170
146 20.02 4 5 170
146 20.02 4 5 170
146 20.02 4 5 170
146 20.02 4 5 170
146 20.02 4 5 170
146 20.02 5 6 170
146 20.02 5 6 170
146 20.02 5 6 170
146 20.02 5 6 170
146 20.02 5 6 170
146 20.02 5 6 170
146 20.02 5 6 170
146 20.02 5 6 170
146 20.02 5 6 170
146 20.02 5 6 170
146 20.02 5 6 170
146 20.02 6 7 170
146 20.02 6 7 170
146 20.02 6 7 170
146 20.02 6 7 170
146 20.02 6 7 170
146 20.02 6 7 170
146 20.02 6 7 170
146 20.02 6 7 170
146 20.02 6 7 170
146 20.02 6 7 170
146 20.02 6 7 170
146 20.02 7 8 170
146 20.02 7 8 170
146 20.02 7 8 170
146 20.02 7 8 170
146 20.02 7 8 170
146 20.02 7 8 170
146 20.02 7 8 170
146 20.02 8 9 170
146 20.02 8 9 170
146 20.02 8 9 170
146 20.02 8 9 170
146 20.02 8 9 170
146 20.02 8 9 170
146 20.02 9 10 170
146 20.02 9 10 170
146 20.02 9 10 170
146 20.02 9 10 170
146 20.02 9 10 170
146 20.02 9 10 170
146 20.02 9 10 170
146 20.02 9 10 170
146 20.02 9 10 170
146 20.02 9 10 170
146 20.02 9 10 170
146 20.02 9 10 170
146 20.02 9 10 170
146 20.02 10 11 170
146 20.02 10 11 170
146 20.02 10 11 170
146 20.02 10 11 170
146 20.02 11 12 170
146 20.02 11 12 170
146 20.02 12 13 170
146 20.02 12 13 170
146 20.02 12 13 170
146 20.02 13 14 170
146 20.02 13 14 170
146 20.02 13 14 170
146 20.02 14 15 170
146 20.02 14 15 170
146 20.02 15 16 170
146 20.02 15 16 170
146 20.02 15 16 170
146 20.02 16 17 170
146 20.02 17 18 170
146 20.02 17 18 170
146 20.02 19 20 170
146 20.02 20 21 170
146 20.02 22 23 170
146 20.02 22 23 170
146 20.02 23 24 170
146 20.02 23 24 170
146 20.02 24 25 170
146 20.02 26 27 170
146 20.02 28 29 170
146 20.02 34 35 170
147 20.02 1 2 109
147 20.02 1 2 109
147 20.02 2 3 109
147 20.02 2 3 109
147 20.02 2 3 109
147 20.02 2 3 109
147 20.02 2 3 109
147 20.02 2 3 109
147 20.02 2 3 109
147 20.02 2 3 109
147 20.02 2 3 109
147 20.02 2 3 109
147 20.02 2 3 109
147 20.02 2 3 109
147 20.02 2 3 109
147 20.02 3 4 109
147 20.02 3 4 109
147 20.02 3 4 109
147 20.02 3 4 109
147 20.02 4 5 109
147 20.02 4 5 109
147 20.02 4 5 109
147 20.02 4 5 109
147 20.02 4 5 109
147 20.02 4 5 109
147 20.02 4 5 109
147 20.02 4 5 109
147 20.02 4 5 109
147 20.02 5 6 109
147 20.02 5 6 109
147 20.02 5 6 109
147 20.02 5 6 109
147 20.02 5 6 109
147 20.02 5 6 109
147 20.02 5 6 109
147 20.02 5 6 109
147 20.02 5 6 109
147 20.02 6 7 109
147 20.02 6 7 109
147 20.02 6 7 109
147 20.02 6 7 109
147 20.02 6 7 109
147 20.02 6 7 109
147 20.02 6 7 109
147 20.02 6 7 109
147 20.02 6 7 109
147 20.02 7 8 109
147 20.02 7 8 109
147 20.02 7 8 109
147 20.02 7 8 109
147 20.02 7 8 109
147 20.02 7 8 109
147 20.02 7 8 109
147 20.02 7 8 109
147 20.02 7 8 109
147 20.02 7 8 109
147 20.02 7 8 109
147 20.02 8 9 109
147 20.02 8 9 109
147 20.02 8 9 109
147 20.02 8 9 109
147 20.02 8 9 109
147 20.02 8 9 109
147 20.02 9 10 109
147 20.02 9 10 109
147 20.02 9 10 109
147 20.02 9 10 109
147 20.02 9 10 109
147 20.02 9 10 109
147 20.02 9 10 109
147 20.02 10 11 109
147 20.02 10 11 109
147 20.02 10 11 109
147 20.02 10 11 109
147 20.02 10 11 109
147 20.02 10 11 109
147 20.02 10 11 109
147 20.02 10 11 109
147 20.02 11 12 109
147 20.02 11 12 109
147 20.02 11 12 109
147 20.02 11 12 109
147 20.02 12 13 109
147 20.02 12 13 109
147 20.02 12 13 109
147 20.02 13 14 109
147 20.02 13 14 109
147 20.02 14 15 109
147 20.02 14 15 109
147 20.02 14 15 109
147 20.02 14 15 109
147 20.02 14 15 109
147 20.02 16 17 109
147 20.02 16 17 109
147 20.02 16 17 109
147 20.02 17 18 109
147 20.02 17 18 109
147 20.02 17 18 109
147 20.02 18 19 109
147 20.02 19 20 109
147 20.02 20 21 109
147 20.02 21 22 109
147 20.02 22 23 109
147 20.02 22 23 109
147 20.02 23 24 109
147 20.02 25 26 109
147 20.02 26 27 109
147 20.02 27 28 109
147 20.02 29 30 109
148 20.02 1 2 174
148 20.02 1 2 174
148 20.02 1 2 174
148 20.02 1 2 174
148 20.02 1 2 174
148 20.02 1 2 174
148 20.02 1 2 174
148 20.02 1 2 174
148 20.02 1 2 174
148 20.02 1 2 174
148 20.02 1 2 174
148 20.02 1 2 174
148 20.02 1 2 174
148 20.02 1 2 174
148 20.02 1 2 174
148 20.02 1 2 174
148 20.02 1 2 174
148 20.02 1 2 174
148 20.02 1 2 174
148 20.02 1 2 174
148 20.02 1 2 174
148 20.02 1 2 174
148 20.02 1 2 174
148 20.02 1 2 174
148 20.02 1 2 174
148 20.02 1 2 174
148 20.02 1 2 174
148 20.02 1 2 174
148 20.02 1 2 174
148 20.02 1 2 174
148 20.02 2 3 174
148 20.02 2 3 174
148 20.02 2 3 174
148 20.02 2 3 174
148 20.02 2 3 174
148 20.02 2 3 174
148 20.02 2 3 174
148 20.02 2 3 174
148 20.02 2 3 174
148 20.02 2 3 174
148 20.02 2 3 174
148 20.02 2 3 174
148 20.02 2 3 174
148 20.02 2 3 174
148 20.02 2 3 174
148 20.02 2 3 174
148 20.02 2 3 174
148 20.02 2 3 174
148 20.02 2 3 174
148 20.02 2 3 174
148 20.02 2 3 174
148 20.02 2 3 174
148 20.02 2 3 174
148 20.02 2 3 174
148 20.02 2 3 174
148 20.02 2 3 174
148 20.02 3 4 174
148 20.02 3 4 174
148 20.02 3 4 174
148 20.02 3 4 174
148 20.02 3 4 174
148 20.02 3 4 174
148 20.02 3 4 174
148 20.02 3 4 174
148 20.02 3 4 174
148 20.02 3 4 174
148 20.02 3 4 174
148 20.02 3 4 174
148 20.02 3 4 174
148 20.02 3 4 174
148 20.02 3 4 174
148 20.02 3 4 174
148 20.02 3 4 174
148 20.02 4 5 174
148 20.02 4 5 174
148 20.02 4 5 174
148 20.02 4 5 174
148 20.02 4 5 174
148 20.02 4 5 174
148 20.02 4 5 174
148 20.02 4 5 174
148 20.02 4 5 174
148 20.02 4 5 174
148 20.02 4 5 174
148 20.02 4 5 174
148 20.02 4 5 174
148 20.02 5 6 174
148 20.02 5 6 174
148 20.02 5 6 174
148 20.02 5 6 174
148 20.02 5 6 174
148 20.02 5 6 174
148 20.02 5 6 174
148 20.02 5 6 174
148 20.02 5 6 174
148 20.02 5 6 174
148 20.02 5 6 174
148 20.02 5 6 174
148 20.02 5 6 174
148 20.02 5 6 174
148 20.02 6 7 174
148 20.02 6 7 174
148 20.02 6 7 174
148 20.02 6 7 174
148 20.02 6 7 174
148 20.02 6 7 174
148 20.02 6 7 174
148 20.02 6 7 174
148 20.02 6 7 174
148 20.02 6 7 174
148 20.02 6 7 174
148 20.02 6 7 174
148 20.02 6 7 174
148 20.02 7 8 174
148 20.02 7 8 174
148 20.02 7 8 174
148 20.02 7 8 174
148 20.02 7 8 174
148 20.02 7 8 174
148 20.02 7 8 174
148 20.02 7 8 174
148 20.02 7 8 174
148 20.02 7 8 174
148 20.02 8 9 174
148 20.02 8 9 174
148 20.02 8 9 174
148 20.02 8 9 174
148 20.02 8 9 174
148 20.02 8 9 174
148 20.02 8 9 174
148 20.02 8 9 174
148 20.02 9 10 174
148 20.02 9 10 174
148 20.02 9 10 174
148 20.02 9 10 174
148 20.02 9 10 174
148 20.02 9 10 174
148 20.02 9 10 174
148 20.02 9 10 174
148 20.02 9 10 174
148 20.02 9 10 174
148 20.02 9 10 174
148 20.02 9 10 174
148 20.02 10 11 174
148 20.02 10 11 174
148 20.02 10 11 174
148 20.02 10 11 174
148 20.02 10 11 174
148 20.02 10 11 174
148 20.02 10 11 174
148 20.02 10 11 174
148 20.02 11 12 174
148 20.02 11 12 174
148 20.02 11 12 174
148 20.02 11 12 174
148 20.02 12 13 174
148 20.02 12 13 174
148 20.02 12 13 174
148 20.02 12 13 174
148 20.02 13 14 174
148 20.02 13 14 174
148 20.02 13 14 174
148 20.02 13 14 174
148 20.02 14 15 174
148 20.02 14 15 174
148 20.02 16 17 174
148 20.02 16 17 174
148 20.02 16 17 174
148 20.02 16 17 174
148 20.02 16 17 174
148 20.02 17 18 174
148 20.02 18 19 174
148 20.02 19 20 174
148 20.02 20 21 174
149 20.02 1 2 191
149 20.02 1 2 191
149 20.02 1 2 191
149 20.02 1 2 191
149 20.02 1 2 191
149 20.02 1 2 191
149 20.02 1 2 191
149 20.02 1 2 191
149 20.02 1 2 191
149 20.02 1 2 191
149 20.02 1 2 191
149 20.02 1 2 191
149 20.02 1 2 191
149 20.02 1 2 191
149 20.02 1 2 191
149 20.02 1 2 191
149 20.02 1 2 191
149 20.02 1 2 191
149 20.02 1 2 191
149 20.02 1 2 191
149 20.02 1 2 191
149 20.02 1 2 191
149 20.02 1 2 191
149 20.02 1 2 191
149 20.02 1 2 191
149 20.02 1 2 191
149 20.02 1 2 191
149 20.02 1 2 191
149 20.02 1 2 191
149 20.02 1 2 191
149 20.02 1 2 191
149 20.02 1 2 191
149 20.02 1 2 191
149 20.02 1 2 191
149 20.02 1 2 191
149 20.02 1 2 191
149 20.02 1 2 191
149 20.02 1 2 191
149 20.02 1 2 191
149 20.02 1 2 191
149 20.02 1 2 191
149 20.02 1 2 191
149 20.02 2 3 191
149 20.02 2 3 191
149 20.02 2 3 191
149 20.02 2 3 191
149 20.02 2 3 191
149 20.02 2 3 191
149 20.02 2 3 191
149 20.02 2 3 191
149 20.02 2 3 191
149 20.02 2 3 191
149 20.02 2 3 191
149 20.02 2 3 191
149 20.02 2 3 191
149 20.02 2 3 191
149 20.02 2 3 191
149 20.02 2 3 191
149 20.02 2 3 191
149 20.02 2 3 191
149 20.02 2 3 191
149 20.02 2 3 191
149 20.02 2 3 191
149 20.02 2 3 191
149 20.02 2 3 191
149 20.02 2 3 191
149 20.02 2 3 191
149 20.02 2 3 191
149 20.02 2 3 191
149 20.02 2 3 191
149 20.02 2 3 191
149 20.02 2 3 191
149 20.02 3 4 191
149 20.02 3 4 191
149 20.02 3 4 191
149 20.02 3 4 191
149 20.02 3 4 191
149 20.02 3 4 191
149 20.02 3 4 191
149 20.02 3 4 191
149 20.02 3 4 191
149 20.02 3 4 191
149 20.02 3 4 191
149 20.02 3 4 191
149 20.02 3 4 191
149 20.02 3 4 191
149 20.02 4 5 191
149 20.02 4 5 191
149 20.02 4 5 191
149 20.02 4 5 191
149 20.02 4 5 191
149 20.02 4 5 191
149 20.02 4 5 191
149 20.02 4 5 191
149 20.02 4 5 191
149 20.02 4 5 191
149 20.02 4 5 191
149 20.02 4 5 191
149 20.02 4 5 191
149 20.02 4 5 191
149 20.02 4 5 191
149 20.02 4 5 191
149 20.02 5 6 191
149 20.02 5 6 191
149 20.02 5 6 191
149 20.02 5 6 191
149 20.02 5 6 191
149 20.02 5 6 191
149 20.02 5 6 191
149 20.02 5 6 191
149 20.02 5 6 191
149 20.02 5 6 191
149 20.02 5 6 191
149 20.02 5 6 191
149 20.02 5 6 191
149 20.02 5 6 191
149 20.02 5 6 191
149 20.02 6 7 191
149 20.02 6 7 191
149 20.02 6 7 191
149 20.02 6 7 191
149 20.02 6 7 191
149 20.02 6 7 191
149 20.02 6 7 191
149 20.02 6 7 191
149 20.02 6 7 191
149 20.02 6 7 191
149 20.02 6 7 191
149 20.02 6 7 191
149 20.02 6 7 191
149 20.02 6 7 191
149 20.02 6 7 191
149 20.02 6 7 191
149 20.02 7 8 191
149 20.02 7 8 191
149 20.02 7 8 191
149 20.02 7 8 191
149 20.02 7 8 191
149 20.02 7 8 191
149 20.02 8 9 191
149 20.02 8 9 191
149 20.02 8 9 191
149 20.02 8 9 191
149 20.02 8 9 191
149 20.02 8 9 191
149 20.02 8 9 191
149 20.02 8 9 191
149 20.02 8 9 191
149 20.02 9 10 191
149 20.02 9 10 191
149 20.02 9 10 191
149 20.02 9 10 191
149 20.02 9 10 191
149 20.02 9 10 191
149 20.02 9 10 191
149 20.02 9 10 191
149 20.02 9 10 191
149 20.02 9 10 191
149 20.02 10 11 191
149 20.02 10 11 191
149 20.02 10 11 191
149 20.02 10 11 191
149 20.02 10 11 191
149 20.02 11 12 191
149 20.02 11 12 191
149 20.02 12 13 191
149 20.02 12 13 191
149 20.02 13 14 191
149 20.02 13 14 191
149 20.02 14 15 191
149 20.02 14 15 191
149 20.02 14 15 191
149 20.02 15 16 191
149 20.02 16 17 191
149 20.02 16 17 191
149 20.02 17 18 191
149 20.02 17 18 191
149 20.02 17 18 191
149 20.02 19 20 191
149 20.02 20 21 191
149 20.02 20 21 191
149 20.02 21 22 191
149 20.02 22 23 191
149 20.02 23 24 191
149 20.02 23 24 191
149 20.02 24 25 191
149 20.02 26 27 191
149 20.02 27 28 191
149 20.02 27 28 191
149 20.02 28 29 191
149 20.02 29 30 191
150 20.02 2 3 126
150 20.02 3 4 126
150 20.02 3 4 126
150 20.02 3 4 126
150 20.02 3 4 126
150 20.02 4 5 126
150 20.02 4 5 126
150 20.02 4 5 126
150 20.02 4 5 126
150 20.02 4 5 126
150 20.02 4 5 126
150 20.02 4 5 126
150 20.02 4 5 126
150 20.02 4 5 126
150 20.02 4 5 126
150 20.02 4 5 126
150 20.02 4 5 126
150 20.02 4 5 126
150 20.02 5 6 126
150 20.02 5 6 126
150 20.02 5 6 126
150 20.02 5 6 126
150 20.02 5 6 126
150 20.02 5 6 126
150 20.02 5 6 126
150 20.02 5 6 126
150 20.02 5 6 126
150 20.02 5 6 126
150 20.02 5 6 126
150 20.02 5 6 126
150 20.02 6 7 126
150 20.02 6 7 126
150 20.02 6 7 126
150 20.02 6 7 126
150 20.02 6 7 126
150 20.02 6 7 126
150 20.02 6 7 126
150 20.02 6 7 126
150 20.02 6 7 126
150 20.02 6 7 126
150 20.02 6 7 126
150 20.02 7 8 126
150 20.02 7 8 126
150 20.02 7 8 126
150 20.02 7 8 126
150 20.02 7 8 126
150 20.02 8 9 126
150 20.02 8 9 126
150 20.02 8 9 126
150 20.02 8 9 126
150 20.02 8 9 126
150 20.02 8 9 126
150 20.02 8 9 126
150 20.02 9 10 126
150 20.02 9 10 126
150 20.02 9 10 126
150 20.02 9 10 126
150 20.02 9 10 126
150 20.02 9 10 126
150 20.02 9 10 126
150 20.02 9 10 126
150 20.02 9 10 126
150 20.02 10 11 126
150 20.02 10 11 126
150 20.02 10 11 126
150 20.02 10 11 126
150 20.02 10 11 126
150 20.02 10 11 126
150 20.02 10 11 126
150 20.02 10 11 126
150 20.02 11 12 126
150 20.02 11 12 126
150 20.02 11 12 126
150 20.02 11 12 126
150 20.02 11 12 126
150 20.02 11 12 126
150 20.02 11 12 126
150 20.02 11 12 126
150 20.02 11 12 126
150 20.02 11 12 126
150 20.02 11 12 126
150 20.02 11 12 126
150 20.02 12 13 126
150 20.02 12 13 126
150 20.02 12 13 126
150 20.02 12 13 126
150 20.02 12 13 126
150 20.02 12 13 126
150 20.02 12 13 126
150 20.02 12 13 126
150 20.02 12 13 126
150 20.02 12 13 126
150 20.02 12 13 126
150 20.02 13 14 126
150 20.02 13 14 126
150 20.02 13 14 126
150 20.02 13 14 126
150 20.02 13 14 126
150 20.02 13 14 126
150 20.02 13 14 126
150 20.02 13 14 126
150 20.02 13 14 126
150 20.02 13 14 126
150 20.02 13 14 126
150 20.02 14 15 126
150 20.02 14 15 126
150 20.02 15 16 126
150 20.02 15 16 126
150 20.02 15 16 126
150 20.02 16 17 126
150 20.02 21 22 126
150 20.02 25 26 126
150 20.02 27 28 126
150 20.02 28 29 126
150 20.02 28 29 126
150 20.02 29 30 126
150 20.02 29 30 126
150 20.02 29 30 126
150 20.02 29 30 126
150 20.02 29 30 126
150 20.02 33 34 126
150 20.02 33 34 126
150 20.02 34 35 126
150 20.02 35 36 126
150 20.02 36 37 126
150 20.02 36 37 126
151 20.02 1 2 97
151 20.02 1 2 97
151 20.02 1 2 97
151 20.02 1 2 97
151 20.02 1 2 97
151 20.02 1 2 97
151 20.02 1 2 97
151 20.02 1 2 97
151 20.02 1 2 97
151 20.02 1 2 97
151 20.02 1 2 97
151 20.02 1 2 97
151 20.02 1 2 97
151 20.02 1 2 97
151 20.02 1 2 97
151 20.02 1 2 97
151 20.02 1 2 97
151 20.02 1 2 97
151 20.02 1 2 97
151 20.02 1 2 97
151 20.02 1 2 97
151 20.02 1 2 97
151 20.02 1 2 97
151 20.02 1 2 97
151 20.02 1 2 97
151 20.02 1 2 97
151 20.02 1 2 97
151 20.02 1 2 97
151 20.02 1 2 97
151 20.02 1 2 97
151 20.02 1 2 97
151 20.02 1 2 97
151 20.02 1 2 97
151 20.02 1 2 97
151 20.02 2 3 97
151 20.02 2 3 97
151 20.02 2 3 97
151 20.02 2 3 97
151 20.02 2 3 97
151 20.02 2 3 97
151 20.02 2 3 97
151 20.02 2 3 97
151 20.02 2 3 97
151 20.02 2 3 97
151 20.02 2 3 97
151 20.02 2 3 97
151 20.02 2 3 97
151 20.02 2 3 97
151 20.02 3 4 97
151 20.02 3 4 97
151 20.02 3 4 97
151 20.02 3 4 97
151 20.02 3 4 97
151 20.02 3 4 97
151 20.02 3 4 97
151 20.02 3 4 97
151 20.02 3 4 97
151 20.02 3 4 97
151 20.02 3 4 97
151 20.02 3 4 97
151 20.02 3 4 97
151 20.02 4 5 97
151 20.02 4 5 97
151 20.02 4 5 97
151 20.02 4 5 97
151 20.02 4 5 97
151 20.02 4 5 97
151 20.02 4 5 97
151 20.02 4 5 97
151 20.02 4 5 97
151 20.02 4 5 97
151 20.02 4 5 97
151 20.02 5 6 97
151 20.02 5 6 97
151 20.02 5 6 97
151 20.02 5 6 97
151 20.02 5 6 97
151 20.02 5 6 97
151 20.02 5 6 97
151 20.02 5 6 97
151 20.02 5 6 97
151 20.02 5 6 97
151 20.02 5 6 97
151 20.02 6 7 97
151 20.02 6 7 97
151 20.02 6 7 97
151 20.02 6 7 97
151 20.02 6 7 97
151 20.02 6 7 97
151 20.02 6 7 97
151 20.02 6 7 97
151 20.02 6 7 97
151 20.02 6 7 97
151 20.02 7 8 97
151 20.02 7 8 97
151 20.02 7 8 97
151 20.02 7 8 97
152 20.02 1 2 147
152 20.02 1 2 147
152 20.02 1 2 147
152 20.02 1 2 147
152 20.02 1 2 147
152 20.02 1 2 147
152 20.02 1 2 147
152 20.02 1 2 147
152 20.02 1 2 147
152 20.02 1 2 147
152 20.02 1 2 147
152 20.02 1 2 147
152 20.02 1 2 147
152 20.02 1 2 147
152 20.02 1 2 147
152 20.02 1 2 147
152 20.02 1 2 147
152 20.02 2 3 147
152 20.02 2 3 147
152 20.02 2 3 147
152 20.02 2 3 147
152 20.02 2 3 147
152 20.02 2 3 147
152 20.02 2 3 147
152 20.02 2 3 147
152 20.02 2 3 147
152 20.02 2 3 147
152 20.02 2 3 147
152 20.02 2 3 147
152 20.02 2 3 147
152 20.02 2 3 147
152 20.02 2 3 147
152 20.02 2 3 147
152 20.02 2 3 147
152 20.02 2 3 147
152 20.02 2 3 147
152 20.02 3 4 147
152 20.02 3 4 147
152 20.02 3 4 147
152 20.02 3 4 147
152 20.02 3 4 147
152 20.02 3 4 147
152 20.02 3 4 147
152 20.02 3 4 147
152 20.02 3 4 147
152 20.02 3 4 147
152 20.02 3 4 147
152 20.02 3 4 147
152 20.02 3 4 147
152 20.02 3 4 147
152 20.02 3 4 147
152 20.02 3 4 147
152 20.02 3 4 147
152 20.02 3 4 147
152 20.02 3 4 147
152 20.02 3 4 147
152 20.02 3 4 147
152 20.02 3 4 147
152 20.02 3 4 147
152 20.02 4 5 147
152 20.02 4 5 147
152 20.02 4 5 147
152 20.02 4 5 147
152 20.02 4 5 147
152 20.02 4 5 147
152 20.02 4 5 147
152 20.02 4 5 147
152 20.02 4 5 147
152 20.02 4 5 147
152 20.02 4 5 147
152 20.02 5 6 147
152 20.02 5 6 147
152 20.02 5 6 147
152 20.02 5 6 147
152 20.02 5 6 147
152 20.02 5 6 147
152 20.02 5 6 147
152 20.02 5 6 147
152 20.02 5 6 147
152 20.02 5 6 147
152 20.02 5 6 147
152 20.02 5 6 147
152 20.02 6 7 147
152 20.02 6 7 147
152 20.02 6 7 147
152 20.02 6 7 147
152 20.02 6 7 147
152 20.02 6 7 147
152 20.02 6 7 147
152 20.02 6 7 147
152 20.02 6 7 147
152 20.02 6 7 147
152 20.02 7 8 147
152 20.02 7 8 147
152 20.02 7 8 147
152 20.02 7 8 147
152 20.02 7 8 147
152 20.02 7 8 147
152 20.02 7 8 147
152 20.02 7 8 147
152 20.02 7 8 147
152 20.02 7 8 147
152 20.02 8 9 147
152 20.02 8 9 147
152 20.02 8 9 147
152 20.02 8 9 147
152 20.02 8 9 147
152 20.02 8 9 147
152 20.02 8 9 147
152 20.02 8 9 147
152 20.02 9 10 147
152 20.02 9 10 147
152 20.02 9 10 147
152 20.02 9 10 147
152 20.02 9 10 147
152 20.02 10 11 147
152 20.02 10 11 147
152 20.02 10 11 147
152 20.02 10 11 147
152 20.02 10 11 147
152 20.02 10 11 147
152 20.02 10 11 147
152 20.02 10 11 147
152 20.02 10 11 147
152 20.02 11 12 147
152 20.02 11 12 147
152 20.02 11 12 147
152 20.02 11 12 147
152 20.02 12 13 147
152 20.02 12 13 147
152 20.02 12 13 147
152 20.02 12 13 147
152 20.02 13 14 147
152 20.02 13 14 147
152 20.02 14 15 147
152 20.02 14 15 147
152 20.02 14 15 147
152 20.02 15 16 147
152 20.02 15 16 147
152 20.02 16 17 147
152 20.02 17 18 147
152 20.02 17 18 147
152 20.02 18 19 147
152 20.02 19 20 147
152 20.02 21 22 147
152 20.02 30 31 147
152 20.02 35 36 147
153 20.02 1 2 188
153 20.02 1 2 188
153 20.02 1 2 188
153 20.02 1 2 188
153 20.02 1 2 188
153 20.02 1 2 188
153 20.02 1 2 188
153 20.02 1 2 188
153 20.02 1 2 188
153 20.02 1 2 188
153 20.02 1 2 188
153 20.02 1 2 188
153 20.02 1 2 188
153 20.02 1 2 188
153 20.02 1 2 188
153 20.02 1 2 188
153 20.02 1 2 188
153 20.02 1 2 188
153 20.02 1 2 188
153 20.02 1 2 188
153 20.02 1 2 188
153 20.02 1 2 188
153 20.02 1 2 188
153 20.02 1 2 188
153 20.02 1 2 188
153 20.02 1 2 188
153 20.02 1 2 188
153 20.02 1 2 188
153 20.02 1 2 188
153 20.02 1 2 188
153 20.02 1 2 188
153 20.02 1 2 188
153 20.02 1 2 188
153 20.02 1 2 188
153 20.02 1 2 188
153 20.02 1 2 188
153 20.02 2 3 188
153 20.02 2 3 188
153 20.02 2 3 188
153 20.02 2 3 188
153 20.02 2 3 188
153 20.02 2 3 188
153 20.02 2 3 188
153 20.02 2 3 188
153 20.02 2 3 188
153 20.02 2 3 188
153 20.02 2 3 188
153 20.02 2 3 188
153 20.02 2 3 188
153 20.02 2 3 188
153 20.02 2 3 188
153 20.02 2 3 188
153 20.02 2 3 188
153 20.02 2 3 188
153 20.02 3 4 188
153 20.02 3 4 188
153 20.02 3 4 188
153 20.02 3 4 188
153 20.02 3 4 188
153 20.02 3 4 188
153 20.02 3 4 188
153 20.02 3 4 188
153 20.02 3 4 188
153 20.02 3 4 188
153 20.02 3 4 188
153 20.02 3 4 188
153 20.02 3 4 188
153 20.02 3 4 188
153 20.02 3 4 188
153 20.02 3 4 188
153 20.02 3 4 188
153 20.02 4 5 188
153 20.02 4 5 188
153 20.02 4 5 188
153 20.02 4 5 188
153 20.02 4 5 188
153 20.02 4 5 188
153 20.02 4 5 188
153 20.02 4 5 188
153 20.02 4 5 188
153 20.02 4 5 188
153 20.02 4 5 188
153 20.02 4 5 188
153 20.02 4 5 188
153 20.02 4 5 188
153 20.02 4 5 188
153 20.02 4 5 188
153 20.02 5 6 188
153 20.02 5 6 188
153 20.02 5 6 188
153 20.02 5 6 188
153 20.02 5 6 188
153 20.02 5 6 188
153 20.02 5 6 188
153 20.02 5 6 188
153 20.02 5 6 188
153 20.02 5 6 188
153 20.02 5 6 188
153 20.02 5 6 188
153 20.02 5 6 188
153 20.02 5 6 188
153 20.02 5 6 188
153 20.02 5 6 188
153 20.02 6 7 188
153 20.02 6 7 188
153 20.02 6 7 188
153 20.02 6 7 188
153 20.02 6 7 188
153 20.02 6 7 188
153 20.02 6 7 188
153 20.02 6 7 188
153 20.02 6 7 188
153 20.02 6 7 188
153 20.02 6 7 188
153 20.02 6 7 188
153 20.02 6 7 188
153 20.02 6 7 188
153 20.02 6 7 188
153 20.02 7 8 188
153 20.02 7 8 188
153 20.02 7 8 188
153 20.02 7 8 188
153 20.02 7 8 188
153 20.02 7 8 188
153 20.02 7 8 188
153 20.02 7 8 188
153 20.02 8 9 188
153 20.02 8 9 188
153 20.02 8 9 188
153 20.02 8 9 188
153 20.02 8 9 188
153 20.02 8 9 188
153 20.02 9 10 188
153 20.02 9 10 188
153 20.02 9 10 188
153 20.02 9 10 188
153 20.02 9 10 188
153 20.02 9 10 188
153 20.02 9 10 188
153 20.02 9 10 188
153 20.02 9 10 188
153 20.02 10 11 188
153 20.02 10 11 188
153 20.02 10 11 188
153 20.02 10 11 188
153 20.02 10 11 188
153 20.02 10 11 188
153 20.02 10 11 188
153 20.02 11 12 188
153 20.02 11 12 188
153 20.02 11 12 188
153 20.02 11 12 188
153 20.02 11 12 188
153 20.02 11 12 188
153 20.02 12 13 188
153 20.02 12 13 188
153 20.02 12 13 188
153 20.02 12 13 188
153 20.02 12 13 188
153 20.02 12 13 188
153 20.02 13 14 188
153 20.02 13 14 188
153 20.02 13 14 188
153 20.02 13 14 188
153 20.02 13 14 188
153 20.02 14 15 188
153 20.02 14 15 188
153 20.02 15 16 188
153 20.02 15 16 188
153 20.02 15 16 188
153 20.02 16 17 188
153 20.02 16 17 188
153 20.02 16 17 188
153 20.02 16 17 188
153 20.02 17 18 188
153 20.02 22 23 188
153 20.02 22 23 188
153 20.02 23 24 188
153 20.02 24 25 188
153 20.02 24 25 188
153 20.02 26 27 188
153 20.02 27 28 188
153 20.02 28 29 188
153 20.02 29 30 188
153 20.02 29 30 188
153 20.02 30 31 188
153 20.02 30 31 188
153 20.02 31 32 188
154 20.02 1 2 173
154 20.02 1 2 173
154 20.02 1 2 173
154 20.02 1 2 173
154 20.02 1 2 173
154 20.02 1 2 173
154 20.02 1 2 173
154 20.02 1 2 173
154 20.02 1 2 173
154 20.02 1 2 173
154 20.02 1 2 173
154 20.02 1 2 173
154 20.02 1 2 173
154 20.02 1 2 173
154 20.02 1 2 173
154 20.02 1 2 173
154 20.02 1 2 173
154 20.02 1 2 173
154 20.02 1 2 173
154 20.02 1 2 173
154 20.02 1 2 173
154 20.02 1 2 173
154 20.02 1 2 173
154 20.02 1 2 173
154 20.02 1 2 173
154 20.02 1 2 173
154 20.02 1 2 173
154 20.02 1 2 173
154 20.02 1 2 173
154 20.02 1 2 173
154 20.02 1 2 173
154 20.02 1 2 173
154 20.02 1 2 173
154 20.02 1 2 173
154 20.02 2 3 173
154 20.02 2 3 173
154 20.02 2 3 173
154 20.02 2 3 173
154 20.02 2 3 173
154 20.02 2 3 173
154 20.02 2 3 173
154 20.02 2 3 173
154 20.02 2 3 173
154 20.02 2 3 173
154 20.02 2 3 173
154 20.02 2 3 173
154 20.02 2 3 173
154 20.02 2 3 173
154 20.02 2 3 173
154 20.02 2 3 173
154 20.02 2 3 173
154 20.02 2 3 173
154 20.02 2 3 173
154 20.02 3 4 173
154 20.02 3 4 173
154 20.02 3 4 173
154 20.02 3 4 173
154 20.02 3 4 173
154 20.02 3 4 173
154 20.02 3 4 173
154 20.02 3 4 173
154 20.02 3 4 173
154 20.02 3 4 173
154 20.02 3 4 173
154 20.02 3 4 173
154 20.02 3 4 173
154 20.02 3 4 173
154 20.02 3 4 173
154 20.02 3 4 173
154 20.02 3 4 173
154 20.02 3 4 173
154 20.02 3 4 173
154 20.02 3 4 173
154 20.02 3 4 173
154 20.02 4 5 173
154 20.02 4 5 173
154 20.02 4 5 173
154 20.02 4 5 173
154 20.02 4 5 173
154 20.02 4 5 173
154 20.02 4 5 173
154 20.02 4 5 173
154 20.02 4 5 173
154 20.02 4 5 173
154 20.02 4 5 173
154 20.02 4 5 173
154 20.02 5 6 173
154 20.02 5 6 173
154 20.02 5 6 173
154 20.02 5 6 173
154 20.02 5 6 173
154 20.02 5 6 173
154 20.02 5 6 173
154 20.02 5 6 173
154 20.02 5 6 173
154 20.02 5 6 173
154 20.02 5 6 173
154 20.02 5 6 173
154 20.02 5 6 173
154 20.02 6 7 173
154 20.02 6 7 173
154 20.02 6 7 173
154 20.02 6 7 173
154 20.02 6 7 173
154 20.02 6 7 173
154 20.02 6 7 173
154 20.02 6 7 173
154 20.02 6 7 173
154 20.02 6 7 173
154 20.02 6 7 173
154 20.02 6 7 173
154 20.02 7 8 173
154 20.02 7 8 173
154 20.02 7 8 173
154 20.02 7 8 173
154 20.02 7 8 173
154 20.02 7 8 173
154 20.02 7 8 173
154 20.02 8 9 173
154 20.02 8 9 173
154 20.02 8 9 173
154 20.02 8 9 173
154 20.02 8 9 173
154 20.02 8 9 173
154 20.02 8 9 173
154 20.02 8 9 173
154 20.02 9 10 173
154 20.02 9 10 173
154 20.02 9 10 173
154 20.02 9 10 173
154 20.02 9 10 173
154 20.02 9 10 173
154 20.02 9 10 173
154 20.02 10 11 173
154 20.02 10 11 173
154 20.02 10 11 173
154 20.02 10 11 173
154 20.02 10 11 173
154 20.02 10 11 173
154 20.02 11 12 173
154 20.02 11 12 173
154 20.02 11 12 173
154 20.02 12 13 173
154 20.02 12 13 173
154 20.02 13 14 173
154 20.02 13 14 173
154 20.02 13 14 173
154 20.02 14 15 173
154 20.02 14 15 173
154 20.02 14 15 173
154 20.02 15 16 173
154 20.02 15 16 173
154 20.02 16 17 173
154 20.02 17 18 173
154 20.02 17 18 173
154 20.02 18 19 173
154 20.02 18 19 173
154 20.02 19 20 173
154 20.02 19 20 173
154 20.02 20 21 173
154 20.02 20 21 173
154 20.02 22 23 173
154 20.02 22 23 173
154 20.02 23 24 173
154 20.02 24 25 173
154 20.02 24 25 173
154 20.02 24 25 173
154 20.02 24 25 173
154 20.02 25 26 173
154 20.02 26 27 173
154 20.02 27 28 173
154 20.02 28 29 173
154 20.02 31 32 173
155 20.02 1 2 107
155 20.02 1 2 107
155 20.02 1 2 107
155 20.02 1 2 107
155 20.02 1 2 107
155 20.02 1 2 107
155 20.02 2 3 107
155 20.02 2 3 107
155 20.02 2 3 107
155 20.02 2 3 107
155 20.02 2 3 107
155 20.02 2 3 107
155 20.02 2 3 107
155 20.02 2 3 107
155 20.02 2 3 107
155 20.02 2 3 107
155 20.02 2 3 107
155 20.02 2 3 107
155 20.02 2 3 107
155 20.02 2 3 107
155 20.02 2 3 107
155 20.02 2 3 107
155 20.02 2 3 107
155 20.02 2 3 107
155 20.02 2 3 107
155 20.02 2 3 107
155 20.02 2 3 107
155 20.02 3 4 107
155 20.02 3 4 107
155 20.02 3 4 107
155 20.02 3 4 107
155 20.02 3 4 107
155 20.02 3 4 107
155 20.02 3 4 107
155 20.02 3 4 107
155 20.02 3 4 107
155 20.02 3 4 107
155 20.02 3 4 107
155 20.02 3 4 107
155 20.02 3 4 107
155 20.02 3 4 107
155 20.02 3 4 107
155 20.02 3 4 107
155 20.02 3 4 107
155 20.02 3 4 107
155 20.02 3 4 107
155 20.02 4 5 107
155 20.02 4 5 107
155 20.02 4 5 107
155 20.02 4 5 107
155 20.02 4 5 107
155 20.02 4 5 107
155 20.02 4 5 107
155 20.02 4 5 107
155 20.02 4 5 107
155 20.02 4 5 107
155 20.02 5 6 107
155 20.02 5 6 107
155 20.02 5 6 107
155 20.02 5 6 107
155 20.02 5 6 107
155 20.02 5 6 107
155 20.02 5 6 107
155 20.02 5 6 107
155 20.02 5 6 107
155 20.02 5 6 107
155 20.02 6 7 107
155 20.02 6 7 107
155 20.02 6 7 107
155 20.02 6 7 107
155 20.02 6 7 107
155 20.02 6 7 107
155 20.02 6 7 107
155 20.02 6 7 107
155 20.02 6 7 107
155 20.02 7 8 107
155 20.02 7 8 107
155 20.02 7 8 107
155 20.02 7 8 107
155 20.02 7 8 107
155 20.02 7 8 107
155 20.02 8 9 107
155 20.02 8 9 107
155 20.02 8 9 107
155 20.02 8 9 107
155 20.02 8 9 107
155 20.02 8 9 107
155 20.02 8 9 107
155 20.02 8 9 107
155 20.02 8 9 107
155 20.02 9 10 107
155 20.02 9 10 107
155 20.02 9 10 107
155 20.02 9 10 107
155 20.02 10 11 107
155 20.02 10 11 107
155 20.02 10 11 107
155 20.02 10 11 107
155 20.02 10 11 107
155 20.02 11 12 107
155 20.02 11 12 107
155 20.02 12 13 107
155 20.02 13 14 107
155 20.02 14 15 107
155 20.02 14 15 107
155 20.02 14 15 107
155 20.02 14 15 107
156 20.02 1 2 127
156 20.02 1 2 127
156 20.02 1 2 127
156 20.02 1 2 127
156 20.02 1 2 127
156 20.02 1 2 127
156 20.02 1 2 127
156 20.02 1 2 127
156 20.02 2 3 127
156 20.02 2 3 127
156 20.02 2 3 127
156 20.02 2 3 127
156 20.02 2 3 127
156 20.02 2 3 127
156 20.02 2 3 127
156 20.02 2 3 127
156 20.02 2 3 127
156 20.02 2 3 127
156 20.02 3 4 127
156 20.02 3 4 127
156 20.02 3 4 127
156 20.02 3 4 127
156 20.02 3 4 127
156 20.02 3 4 127
156 20.02 3 4 127
156 20.02 3 4 127
156 20.02 3 4 127
156 20.02 3 4 127
156 20.02 3 4 127
156 20.02 3 4 127
156 20.02 4 5 127
156 20.02 4 5 127
156 20.02 4 5 127
156 20.02 4 5 127
156 20.02 4 5 127
156 20.02 4 5 127
156 20.02 4 5 127
156 20.02 4 5 127
156 20.02 4 5 127
156 20.02 4 5 127
156 20.02 4 5 127
156 20.02 5 6 127
156 20.02 5 6 127
156 20.02 5 6 127
156 20.02 5 6 127
156 20.02 5 6 127
156 20.02 5 6 127
156 20.02 5 6 127
156 20.02 5 6 127
156 20.02 5 6 127
156 20.02 5 6 127
156 20.02 5 6 127
156 20.02 5 6 127
156 20.02 6 7 127
156 20.02 6 7 127
156 20.02 6 7 127
156 20.02 6 7 127
156 20.02 6 7 127
156 20.02 6 7 127
156 20.02 6 7 127
156 20.02 6 7 127
156 20.02 6 7 127
156 20.02 6 7 127
156 20.02 6 7 127
156 20.02 6 7 127
156 20.02 6 7 127
156 20.02 7 8 127
156 20.02 7 8 127
156 20.02 7 8 127
156 20.02 7 8 127
156 20.02 7 8 127
156 20.02 7 8 127
156 20.02 7 8 127
156 20.02 7 8 127
156 20.02 7 8 127
156 20.02 7 8 127
156 20.02 7 8 127
156 20.02 7 8 127
156 20.02 7 8 127
156 20.02 7 8 127
156 20.02 8 9 127
156 20.02 8 9 127
156 20.02 8 9 127
156 20.02 8 9 127
156 20.02 8 9 127
156 20.02 8 9 127
156 20.02 9 10 127
156 20.02 9 10 127
156 20.02 9 10 127
156 20.02 9 10 127
156 20.02 9 10 127
156 20.02 9 10 127
156 20.02 9 10 127
156 20.02 9 10 127
156 20.02 9 10 127
156 20.02 10 11 127
156 20.02 10 11 127
156 20.02 10 11 127
156 20.02 10 11 127
156 20.02 10 11 127
156 20.02 10 11 127
156 20.02 10 11 127
156 20.02 10 11 127
156 20.02 11 12 127
156 20.02 11 12 127
156 20.02 11 12 127
156 20.02 12 13 127
156 20.02 12 13 127
156 20.02 12 13 127
156 20.02 13 14 127
156 20.02 13 14 127
156 20.02 13 14 127
156 20.02 13 14 127
156 20.02 14 15 127
156 20.02 15 16 127
156 20.02 15 16 127
156 20.02 16 17 127
156 20.02 16 17 127
156 20.02 17 18 127
156 20.02 18 19 127
156 20.02 19 20 127
156 20.02 20 21 127
156 20.02 20 21 127
156 20.02 21 22 127
156 20.02 22 23 127
156 20.02 23 24 127
156 20.02 23 24 127
157 20.02 1 2 91
157 20.02 1 2 91
157 20.02 1 2 91
157 20.02 2 3 91
157 20.02 2 3 91
157 20.02 2 3 91
157 20.02 2 3 91
157 20.02 2 3 91
157 20.02 3 4 91
157 20.02 3 4 91
157 20.02 3 4 91
157 20.02 3 4 91
157 20.02 3 4 91
157 20.02 3 4 91
157 20.02 3 4 91
157 20.02 3 4 91
157 20.02 4 5 91
157 20.02 4 5 91
157 20.02 4 5 91
157 20.02 4 5 91
157 20.02 4 5 91
157 20.02 4 5 91
157 20.02 4 5 91
157 20.02 4 5 91
157 20.02 4 5 91
157 20.02 5 6 91
157 20.02 5 6 91
157 20.02 5 6 91
157 20.02 5 6 91
157 20.02 5 6 91
157 20.02 5 6 91
157 20.02 5 6 91
157 20.02 5 6 91
157 20.02 6 7 91
157 20.02 6 7 91
157 20.02 6 7 91
157 20.02 6 7 91
157 20.02 6 7 91
157 20.02 6 7 91
157 20.02 6 7 91
157 20.02 6 7 91
157 20.02 6 7 91
157 20.02 6 7 91
157 20.02 7 8 91
157 20.02 7 8 91
157 20.02 7 8 91
157 20.02 7 8 91
157 20.02 7 8 91
157 20.02 7 8 91
157 20.02 7 8 91
157 20.02 8 9 91
157 20.02 8 9 91
157 20.02 8 9 91
157 20.02 8 9 91
157 20.02 8 9 91
157 20.02 8 9 91
157 20.02 9 10 91
157 20.02 9 10 91
157 20.02 9 10 91
157 20.02 9 10 91
157 20.02 9 10 91
157 20.02 9 10 91
157 20.02 9 10 91
157 20.02 9 10 91
157 20.02 9 10 91
157 20.02 9 10 91
157 20.02 10 11 91
157 20.02 10 11 91
157 20.02 10 11 91
157 20.02 11 12 91
157 20.02 11 12 91
157 20.02 11 12 91
157 20.02 12 13 91
157 20.02 12 13 91
157 20.02 13 14 91
157 20.02 13 14 91
157 20.02 14 15 91
157 20.02 14 15 91
157 20.02 16 17 91
157 20.02 16 17 91
157 20.02 17 18 91
157 20.02 17 18 91
157 20.02 18 19 91
157 20.02 22 23 91
157 20.02 22 23 91
157 20.02 23 24 91
157 20.02 24 25 91
157 20.02 25 26 91
157 20.02 27 28 91
157 20.02 35 36 91
157 20.02 35 36 91
158 20.02 1 2 174
158 20.02 1 2 174
158 20.02 1 2 174
158 20.02 1 2 174
158 20.02 1 2 174
158 20.02 1 2 174
158 20.02 1 2 174
158 20.02 1 2 174
158 20.02 1 2 174
158 20.02 1 2 174
158 20.02 1 2 174
158 20.02 1 2 174
158 20.02 1 2 174
158 20.02 1 2 174
158 20.02 1 2 174
158 20.02 1 2 174
158 20.02 1 2 174
158 20.02 1 2 174
158 20.02 1 2 174
158 20.02 1 2 174
158 20.02 1 2 174
158 20.02 2 3 174
158 20.02 2 3 174
158 20.02 2 3 174
158 20.02 2 3 174
158 20.02 2 3 174
158 20.02 2 3 174
158 20.02 2 3 174
158 20.02 2 3 174
158 20.02 2 3 174
158 20.02 2 3 174
158 20.02 2 3 174
158 20.02 2 3 174
158 20.02 2 3 174
158 20.02 2 3 174
158 20.02 2 3 174
158 20.02 2 3 174
158 20.02 2 3 174
158 20.02 2 3 174
158 20.02 3 4 174
158 20.02 3 4 174
158 20.02 3 4 174
158 20.02 3 4 174
158 20.02 3 4 174
158 20.02 3 4 174
158 20.02 3 4 174
158 20.02 4 5 174
158 20.02 4 5 174
158 20.02 4 5 174
158 20.02 4 5 174
158 20.02 4 5 174
158 20.02 4 5 174
158 20.02 4 5 174
158 20.02 4 5 174
158 20.02 4 5 174
158 20.02 4 5 174
158 20.02 4 5 174
158 20.02 4 5 174
158 20.02 4 5 174
158 20.02 4 5 174
158 20.02 4 5 174
158 20.02 4 5 174
158 20.02 4 5 174
158 20.02 4 5 174
158 20.02 4 5 174
158 20.02 4 5 174
158 20.02 5 6 174
158 20.02 5 6 174
158 20.02 5 6 174
158 20.02 5 6 174
158 20.02 5 6 174
158 20.02 5 6 174
158 20.02 5 6 174
158 20.02 5 6 174
158 20.02 5 6 174
158 20.02 5 6 174
158 20.02 5 6 174
158 20.02 5 6 174
158 20.02 5 6 174
158 20.02 5 6 174
158 20.02 5 6 174
158 20.02 5 6 174
158 20.02 5 6 174
158 20.02 5 6 174
158 20.02 5 6 174
158 20.02 5 6 174
158 20.02 6 7 174
158 20.02 6 7 174
158 20.02 6 7 174
158 20.02 6 7 174
158 20.02 6 7 174
158 20.02 6 7 174
158 20.02 6 7 174
158 20.02 6 7 174
158 20.02 6 7 174
158 20.02 6 7 174
158 20.02 6 7 174
158 20.02 6 7 174
158 20.02 6 7 174
158 20.02 6 7 174
158 20.02 6 7 174
158 20.02 6 7 174
158 20.02 6 7 174
158 20.02 6 7 174
158 20.02 6 7 174
158 20.02 7 8 174
158 20.02 7 8 174
158 20.02 7 8 174
158 20.02 7 8 174
158 20.02 7 8 174
158 20.02 7 8 174
158 20.02 7 8 174
158 20.02 7 8 174
158 20.02 7 8 174
158 20.02 7 8 174
158 20.02 7 8 174
158 20.02 7 8 174
158 20.02 7 8 174
158 20.02 8 9 174
158 20.02 8 9 174
158 20.02 8 9 174
158 20.02 8 9 174
158 20.02 8 9 174
158 20.02 8 9 174
158 20.02 8 9 174
158 20.02 8 9 174
158 20.02 8 9 174
158 20.02 8 9 174
158 20.02 8 9 174
158 20.02 9 10 174
158 20.02 9 10 174
158 20.02 9 10 174
158 20.02 9 10 174
158 20.02 9 10 174
158 20.02 9 10 174
158 20.02 9 10 174
158 20.02 9 10 174
158 20.02 9 10 174
158 20.02 9 10 174
158 20.02 9 10 174
158 20.02 9 10 174
158 20.02 9 10 174
158 20.02 10 11 174
158 20.02 10 11 174
158 20.02 10 11 174
158 20.02 10 11 174
158 20.02 10 11 174
158 20.02 10 11 174
158 20.02 10 11 174
158 20.02 11 12 174
158 20.02 11 12 174
158 20.02 11 12 174
158 20.02 12 13 174
158 20.02 12 13 174
158 20.02 12 13 174
158 20.02 13 14 174
158 20.02 13 14 174
158 20.02 14 15 174
158 20.02 14 15 174
158 20.02 15 16 174
158 20.02 15 16 174
158 20.02 15 16 174
158 20.02 16 17 174
158 20.02 16 17 174
158 20.02 17 18 174
158 20.02 18 19 174
158 20.02 19 20 174
158 20.02 20 21 174
158 20.02 22 23 174
158 20.02 22 23 174
158 20.02 23 24 174
158 20.02 23 24 174
158 20.02 24 25 174
158 20.02 24 25 174
159 20.02 1 2 166
159 20.02 1 2 166
159 20.02 1 2 166
159 20.02 1 2 166
159 20.02 1 2 166
159 20.02 1 2 166
159 20.02 1 2 166
159 20.02 1 2 166
159 20.02 1 2 166
159 20.02 1 2 166
159 20.02 1 2 166
159 20.02 1 2 166
159 20.02 1 2 166
159 20.02 1 2 166
159 20.02 2 3 166
159 20.02 2 3 166
159 20.02 2 3 166
159 20.02 2 3 166
159 20.02 2 3 166
159 20.02 2 3 166
159 20.02 3 4 166
159 20.02 3 4 166
159 20.02 3 4 166
159 20.02 3 4 166
159 20.02 3 4 166
159 20.02 3 4 166
159 20.02 3 4 166
159 20.02 3 4 166
159 20.02 3 4 166
159 20.02 3 4 166
159 20.02 3 4 166
159 20.02 3 4 166
159 20.02 3 4 166
159 20.02 3 4 166
159 20.02 3 4 166
159 20.02 3 4 166
159 20.02 3 4 166
159 20.02 3 4 166
159 20.02 3 4 166
159 20.02 3 4 166
159 20.02 3 4 166
159 20.02 3 4 166
159 20.02 3 4 166
159 20.02 3 4 166
159 20.02 3 4 166
159 20.02 3 4 166
159 20.02 3 4 166
159 20.02 3 4 166
159 20.02 3 4 166
159 20.02 3 4 166
159 20.02 3 4 166
159 20.02 3 4 166
159 20.02 3 4 166
159 20.02 3 4 166
159 20.02 3 4 166
159 20.02 3 4 166
159 20.02 3 4 166
159 20.02 3 4 166
159 20.02 3 4 166
159 20.02 3 4 166
159 20.02 3 4 166
159 20.02 3 4 166
159 20.02 4 5 166
159 20.02 4 5 166
159 20.02 4 5 166
159 20.02 4 5 166
159 20.02 4 5 166
159 20.02 4 5 166
159 20.02 4 5 166
159 20.02 4 5 166
159 20.02 4 5 166
159 20.02 4 5 166
159 20.02 4 5 166
159 20.02 4 5 166
159 20.02 4 5 166
159 20.02 4 5 166
159 20.02 4 5 166
159 20.02 5 6 166
159 20.02 5 6 166
159 20.02 5 6 166
159 20.02 5 6 166
159 20.02 5 6 166
159 20.02 5 6 166
159 20.02 5 6 166
159 20.02 5 6 166
159 20.02 5 6 166
159 20.02 5 6 166
159 20.02 5 6 166
159 20.02 5 6 166
159 20.02 5 6 166
159 20.02 5 6 166
159 20.02 5 6 166
159 20.02 5 6 166
159 20.02 6 7 166
159 20.02 6 7 166
159 20.02 6 7 166
159 20.02 6 7 166
159 20.02 6 7 166
159 20.02 6 7 166
159 20.02 6 7 166
159 20.02 6 7 166
159 20.02 6 7 166
159 20.02 6 7 166
159 20.02 6 7 166
159 20.02 6 7 166
159 20.02 6 7 166
159 20.02 6 7 166
159 20.02 6 7 166
159 20.02 7 8 166
159 20.02 7 8 166
159 20.02 7 8 166
159 20.02 7 8 166
159 20.02 7 8 166
159 20.02 7 8 166
159 20.02 7 8 166
159 20.02 7 8 166
159 20.02 7 8 166
159 20.02 7 8 166
159 20.02 7 8 166
159 20.02 8 9 166
159 20.02 8 9 166
159 20.02 8 9 166
159 20.02 8 9 166
159 20.02 8 9 166
159 20.02 8 9 166
159 20.02 8 9 166
159 20.02 8 9 166
159 20.02 9 10 166
159 20.02 9 10 166
159 20.02 9 10 166
159 20.02 9 10 166
159 20.02 9 10 166
159 20.02 9 10 166
159 20.02 9 10 166
159 20.02 9 10 166
159 20.02 9 10 166
159 20.02 10 11 166
159 20.02 10 11 166
159 20.02 10 11 166
159 20.02 10 11 166
159 20.02 10 11 166
159 20.02 11 12 166
159 20.02 11 12 166
159 20.02 11 12 166
159 20.02 11 12 166
159 20.02 12 13 166
159 20.02 12 13 166
159 20.02 12 13 166
159 20.02 12 13 166
159 20.02 13 14 166
159 20.02 13 14 166
159 20.02 13 14 166
159 20.02 13 14 166
159 20.02 13 14 166
159 20.02 14 15 166
159 20.02 14 15 166
159 20.02 14 15 166
159 20.02 16 17 166
159 20.02 16 17 166
159 20.02 16 17 166
159 20.02 16 17 166
159 20.02 16 17 166
159 20.02 16 17 166
159 20.02 22 23 166
159 20.02 25 26 166
159 20.02 27 28 166
160 25 1 1.01 96
160 25 1 1.01 96
160 25 1 1.01 96
160 25 1 1.01 96
160 25 1 1.01 96
160 25 1 1.01 96
160 25 1 1.01 96
160 25 1 1.01 96
160 25 1 1.01 96
160 25 1 1.01 96
160 25 1 1.01 96
160 25 1 1.01 96
160 25 1 1.01 96
160 25 1 1.01 96
160 25 1 1.01 96
160 25 1 1.01 96
160 25 1 1.01 96
160 25 1 1.01 96
160 25 1 1.01 96
160 25 1 1.01 96
160 25 1 2 96
160 25 1 2 96
160 25 1 2 96
160 25 1 2 96
160 25 1 2 96
160 25 1 2 96
160 25 1 2 96
160 25 1 2 96
160 25 1 2 96
160 25 1 2 96
160 25 1 2 96
160 25 1 2 96
160 25 1 2 96
160 25 1 2 96
160 25 1 2 96
160 25 1 2 96
160 25 1 2 96
160 25 1 2 96
160 25 1 2 96
160 25 1 2 96
160 25 1 2 96
160 25 2 3 96
160 25 2 3 96
160 25 2 3 96
160 25 2 3 96
160 25 2 3 96
160 25 2 3 96
160 25 2 3 96
160 25 2 3 96
160 25 2 3 96
160 25 2 3 96
160 25 2 3 96
160 25 2 3 96
160 25 2 3 96
160 25 2 3 96
160 25 2 3 96
160 25 2 3 96
160 25 2 3 96
160 25 2 3 96
160 25 2 3 96
160 25 2 3 96
160 25 2 3 96
160 25 3 4 96
160 25 3 4 96
160 25 3 4 96
160 25 3 4 96
160 25 3 4 96
160 25 3 4 96
160 25 3 4 96
160 25 3 4 96
160 25 3 4 96
160 25 3 4 96
160 25 3 4 96
160 25 3 4 96
160 25 3 4 96
160 25 3 4 96
160 25 3 4 96
160 25 3 4 96
160 25 3 4 96
160 25 3 4 96
160 25 3 4 96
160 25 3 4 96
160 25 4 5 96
160 25 4 5 96
160 25 5 6 96
160 25 6 7 96
160 25 6 7 96
160 25 7 8 96
160 25 7 8 96
160 25 7 8 96
160 25 8 9 96
160 25 8 9 96
160 25 8 9 96
160 25 9 10 96
160 25 10 11 96
160 25 10 11 96
161 25 1 1.01 152
161 25 1 1.01 152
161 25 1 1.01 152
161 25 1 1.01 152
161 25 1 1.01 152
161 25 1 1.01 152
161 25 1 1.01 152
161 25 1 1.01 152
161 25 1 1.01 152
161 25 1 1.01 152
161 25 1 1.01 152
161 25 1 1.01 152
161 25 1 1.01 152
161 25 1 1.01 152
161 25 1 1.01 152
161 25 1 1.01 152
161 25 1 1.01 152
161 25 1 1.01 152
161 25 1 1.01 152
161 25 1 1.01 152
161 25 1 2 152
161 25 1 2 152
161 25 1 2 152
161 25 1 2 152
161 25 1 2 152
161 25 1 2 152
161 25 1 2 152
161 25 1 2 152
161 25 1 2 152
161 25 1 2 152
161 25 1 2 152
161 25 1 2 152
161 25 1 2 152
161 25 1 2 152
161 25 1 2 152
161 25 1 2 152
161 25 1 2 152
161 25 1 2 152
161 25 1 2 152
161 25 1 2 152
161 25 2 3 152
161 25 2 3 152
161 25 2 3 152
161 25 2 3 152
161 25 2 3 152
161 25 2 3 152
161 25 2 3 152
161 25 2 3 152
161 25 2 3 152
161 25 2 3 152
161 25 2 3 152
161 25 2 3 152
161 25 2 3 152
161 25 2 3 152
161 25 2 3 152
161 25 2 3 152
161 25 2 3 152
161 25 2 3 152
161 25 3 4 152
161 25 3 4 152
161 25 3 4 152
161 25 3 4 152
161 25 3 4 152
161 25 3 4 152
161 25 3 4 152
161 25 3 4 152
161 25 3 4 152
161 25 3 4 152
161 25 3 4 152
161 25 3 4 152
161 25 3 4 152
161 25 3 4 152
161 25 3 4 152
161 25 3 4 152
161 25 3 4 152
161 25 3 4 152
161 25 3 4 152
161 25 3 4 152
161 25 4 5 152
161 25 4 5 152
161 25 4 5 152
161 25 4 5 152
161 25 4 5 152
161 25 4 5 152
161 25 4 5 152
161 25 4 5 152
161 25 4 5 152
161 25 4 5 152
161 25 4 5 152
161 25 4 5 152
161 25 4 5 152
161 25 4 5 152
161 25 4 5 152
161 25 4 5 152
161 25 4 5 152
161 25 4 5 152
161 25 4 5 152
161 25 4 5 152
161 25 4 5 152
161 25 5 6 152
161 25 5 6 152
161 25 5 6 152
161 25 5 6 152
161 25 5 6 152
161 25 5 6 152
161 25 5 6 152
161 25 5 6 152
161 25 5 6 152
161 25 5 6 152
161 25 5 6 152
161 25 5 6 152
161 25 5 6 152
161 25 5 6 152
161 25 5 6 152
161 25 5 6 152
161 25 5 6 152
161 25 5 6 152
161 25 5 6 152
161 25 5 6 152
161 25 6 7 152
161 25 6 7 152
161 25 6 7 152
161 25 6 7 152
161 25 6 7 152
161 25 6 7 152
161 25 6 7 152
161 25 6 7 152
161 25 6 7 152
161 25 6 7 152
161 25 6 7 152
161 25 6 7 152
161 25 6 7 152
161 25 6 7 152
161 25 6 7 152
161 25 6 7 152
161 25 6 7 152
161 25 6 7 152
161 25 6 7 152
161 25 6 7 152
161 25 6 7 152
161 25 7 8 152
161 25 7 8 152
161 25 7 8 152
161 25 8 9 152
161 25 8 9 152
161 25 8 9 152
161 25 9 10 152
161 25 9 10 152
161 25 9 10 152
161 25 10 11 152
161 25 10 11 152
161 25 10 11 152
162 25 1 1.01 262
162 25 1 1.01 262
162 25 1 1.01 262
162 25 1 1.01 262
162 25 1 1.01 262
162 25 1 1.01 262
162 25 1 1.01 262
162 25 1 1.01 262
162 25 1 1.01 262
162 25 1 1.01 262
162 25 1 1.01 262
162 25 1 1.01 262
162 25 1 1.01 262
162 25 1 1.01 262
162 25 1 1.01 262
162 25 1 1.01 262
162 25 1 1.01 262
162 25 1 1.01 262
162 25 1 1.01 262
162 25 1 1.01 262
162 25 1 1.01 262
162 25 1 1.01 262
162 25 1 1.01 262
162 25 1 1.01 262
162 25 1 1.01 262
162 25 1 1.01 262
162 25 1 1.01 262
162 25 1 1.01 262
162 25 1 1.01 262
162 25 1 1.01 262
162 25 1 1.01 262
162 25 1 1.01 262
162 25 1 1.01 262
162 25 1 1.01 262
162 25 1 2 262
162 25 1 2 262
162 25 1 2 262
162 25 1 2 262
162 25 1 2 262
162 25 1 2 262
162 25 1 2 262
162 25 1 2 262
162 25 1 2 262
162 25 1 2 262
162 25 1 2 262
162 25 1 2 262
162 25 1 2 262
162 25 1 2 262
162 25 1 2 262
162 25 1 2 262
162 25 1 2 262
162 25 1 2 262
162 25 1 2 262
162 25 1 2 262
162 25 1 2 262
162 25 1 2 262
162 25 1 2 262
162 25 1 2 262
162 25 1 2 262
162 25 1 2 262
162 25 1 2 262
162 25 1 2 262
162 25 1 2 262
162 25 1 2 262
162 25 1 2 262
162 25 1 2 262
162 25 1 2 262
162 25 1 2 262
162 25 2 3 262
162 25 2 3 262
162 25 2 3 262
162 25 2 3 262
162 25 2 3 262
162 25 2 3 262
162 25 2 3 262
162 25 2 3 262
162 25 2 3 262
162 25 2 3 262
162 25 2 3 262
162 25 2 3 262
162 25 2 3 262
162 25 2 3 262
162 25 2 3 262
162 25 2 3 262
162 25 2 3 262
162 25 2 3 262
162 25 2 3 262
162 25 2 3 262
162 25 2 3 262
162 25 2 3 262
162 25 2 3 262
162 25 2 3 262
162 25 2 3 262
162 25 2 3 262
162 25 2 3 262
162 25 2 3 262
162 25 2 3 262
162 25 2 3 262
162 25 2 3 262
162 25 2 3 262
162 25 2 3 262
162 25 2 3 262
162 25 2 3 262
162 25 3 4 262
162 25 3 4 262
162 25 3 4 262
162 25 3 4 262
162 25 3 4 262
162 25 3 4 262
162 25 3 4 262
162 25 3 4 262
162 25 3 4 262
162 25 3 4 262
162 25 3 4 262
162 25 3 4 262
162 25 3 4 262
162 25 3 4 262
162 25 3 4 262
162 25 3 4 262
162 25 3 4 262
162 25 3 4 262
162 25 3 4 262
162 25 3 4 262
162 25 3 4 262
162 25 3 4 262
162 25 3 4 262
162 25 3 4 262
162 25 3 4 262
162 25 3 4 262
162 25 3 4 262
162 25 3 4 262
162 25 3 4 262
162 25 3 4 262
162 25 3 4 262
162 25 3 4 262
162 25 3 4 262
162 25 3 4 262
162 25 3 4 262
162 25 4 5 262
162 25 4 5 262
162 25 4 5 262
162 25 4 5 262
162 25 5 6 262
162 25 5 6 262
162 25 5 6 262
162 25 5 6 262
162 25 6 7 262
162 25 6 7 262
162 25 6 7 262
162 25 6 7 262
162 25 7 8 262
162 25 7 8 262
162 25 7 8 262
162 25 7 8 262
162 25 7 8 262
162 25 7 8 262
162 25 7 8 262
162 25 7 8 262
162 25 7 8 262
162 25 7 8 262
162 25 7 8 262
162 25 7 8 262
162 25 7 8 262
162 25 7 8 262
162 25 7 8 262
162 25 8 9 262
162 25 8 9 262
162 25 8 9 262
162 25 8 9 262
162 25 8 9 262
162 25 8 9 262
162 25 8 9 262
162 25 8 9 262
162 25 8 9 262
162 25 8 9 262
162 25 8 9 262
162 25 8 9 262
162 25 8 9 262
162 25 8 9 262
162 25 8 9 262
162 25 8 9 262
162 25 9 10 262
162 25 9 10 262
162 25 9 10 262
162 25 9 10 262
162 25 9 10 262
162 25 9 10 262
162 25 9 10 262
162 25 9 10 262
162 25 9 10 262
162 25 9 10 262
162 25 9 10 262
162 25 9 10 262
162 25 9 10 262
162 25 9 10 262
162 25 9 10 262
162 25 9 10 262
162 25 10 11 262
162 25 10 11 262
162 25 10 11 262
162 25 10 11 262
162 25 10 11 262
162 25 10 11 262
162 25 10 11 262
162 25 10 11 262
162 25 10 11 262
162 25 10 11 262
162 25 10 11 262
162 25 10 11 262
162 25 10 11 262
162 25 10 11 262
162 25 10 11 262
162 25 11 12 262
162 25 11 12 262
162 25 11 12 262
162 25 11 12 262
162 25 11 12 262
162 25 11 12 262
162 25 11 12 262
162 25 11 12 262
162 25 11 12 262
162 25 11 12 262
162 25 11 12 262
162 25 11 12 262
162 25 12 13 262
162 25 12 13 262
162 25 12 13 262
162 25 12 13 262
162 25 12 13 262
162 25 12 13 262
162 25 12 13 262
162 25 12 13 262
162 25 12 13 262
162 25 12 13 262
162 25 12 13 262
162 25 13 14 262
162 25 13 14 262
162 25 13 14 262
162 25 13 14 262
162 25 13 14 262
162 25 13 14 262
162 25 13 14 262
162 25 13 14 262
162 25 13 14 262
162 25 13 14 262
162 25 13 14 262
162 25 13 14 262
162 25 14 15 262
162 25 14 15 262
162 25 14 15 262
162 25 14 15 262
162 25 15 16 262
162 25 15 16 262
162 25 15 16 262
162 25 15 16 262
162 25 16 17 262
162 25 16 17 262
162 25 16 17 262
162 25 17 18 262
162 25 17 18 262
162 25 17 18 262
162 25 17 18 262
163 25 12 13 13
163 25 13 14 13
163 25 14 15 13
163 25 15 16 13
163 25 16 17 13
163 25 18 19 13
163 25 18 19 13
163 25 18 19 13
163 25 19 20 13
163 25 19 20 13
163 25 19 20 13
163 25 20 21 13
163 25 20 21 13
164 25 1 1.01 148
164 25 1 1.01 148
164 25 1 1.01 148
164 25 1 1.01 148
164 25 1 1.01 148
164 25 1 1.01 148
164 25 1 1.01 148
164 25 1 1.01 148
164 25 1 1.01 148
164 25 1 1.01 148
164 25 1 1.01 148
164 25 1 1.01 148
164 25 1 2 148
164 25 1 2 148
164 25 1 2 148
164 25 1 2 148
164 25 1 2 148
164 25 1 2 148
164 25 1 2 148
164 25 1 2 148
164 25 1 2 148
164 25 1 2 148
164 25 1 2 148
164 25 1 2 148
164 25 1 2 148
164 25 1 2 148
164 25 2 3 148
164 25 2 3 148
164 25 2 3 148
164 25 2 3 148
164 25 2 3 148
164 25 2 3 148
164 25 2 3 148
164 25 2 3 148
164 25 2 3 148
164 25 2 3 148
164 25 2 3 148
164 25 2 3 148
164 25 2 3 148
164 25 3 4 148
164 25 3 4 148
164 25 3 4 148
164 25 3 4 148
164 25 3 4 148
164 25 3 4 148
164 25 3 4 148
164 25 3 4 148
164 25 3 4 148
164 25 3 4 148
164 25 3 4 148
164 25 3 4 148
164 25 3 4 148
164 25 3 4 148
164 25 4 5 148
164 25 4 5 148
164 25 4 5 148
164 25 4 5 148
164 25 4 5 148
164 25 4 5 148
164 25 5 6 148
164 25 5 6 148
164 25 5 6 148
164 25 5 6 148
164 25 5 6 148
164 25 5 6 148
164 25 6 7 148
164 25 6 7 148
164 25 6 7 148
164 25 6 7 148
164 25 6 7 148
164 25 6 7 148
164 25 6 7 148
164 25 7 8 148
164 25 7 8 148
164 25 7 8 148
164 25 7 8 148
164 25 7 8 148
164 25 8 9 148
164 25 8 9 148
164 25 8 9 148
164 25 8 9 148
164 25 9 10 148
164 25 9 10 148
164 25 9 10 148
164 25 9 10 148
164 25 9 10 148
164 25 9 10 148
164 25 10 11 148
164 25 10 11 148
164 25 10 11 148
164 25 10 11 148
164 25 10 11 148
164 25 10 11 148
164 25 11 12 148
164 25 11 12 148
164 25 11 12 148
164 25 11 12 148
164 25 11 12 148
164 25 11 12 148
164 25 11 12 148
164 25 11 12 148
164 25 11 12 148
164 25 11 12 148
164 25 11 12 148
164 25 11 12 148
164 25 11 12 148
164 25 11 12 148
164 25 12 13 148
164 25 12 13 148
164 25 12 13 148
164 25 12 13 148
164 25 12 13 148
164 25 12 13 148
164 25 12 13 148
164 25 12 13 148
164 25 12 13 148
164 25 12 13 148
164 25 12 13 148
164 25 12 13 148
164 25 12 13 148
164 25 13 14 148
164 25 13 14 148
164 25 13 14 148
164 25 13 14 148
164 25 13 14 148
164 25 13 14 148
164 25 13 14 148
164 25 13 14 148
164 25 13 14 148
164 25 13 14 148
164 25 13 14 148
164 25 13 14 148
164 25 13 14 148
164 25 13 14 148
164 25 13 14 148
164 25 14 15 148
164 25 14 15 148
164 25 14 15 148
164 25 14 15 148
164 25 15 16 148
164 25 15 16 148
164 25 15 16 148
164 25 16 17 148
164 25 16 17 148
164 25 17 18 148
164 25 17 18 148
164 25 17 18 148
164 25 17 18 148
165 25 1 1.01 105
165 25 1 1.01 105
165 25 1 1.01 105
165 25 1 1.01 105
165 25 1 1.01 105
165 25 1 1.01 105
165 25 1 1.01 105
165 25 1 1.01 105
165 25 1 1.01 105
165 25 1 1.01 105
165 25 1 1.01 105
165 25 1 1.01 105
165 25 1 1.01 105
165 25 1 1.01 105
165 25 1 2 105
165 25 1 2 105
165 25 1 2 105
165 25 1 2 105
165 25 1 2 105
165 25 1 2 105
165 25 1 2 105
165 25 1 2 105
165 25 1 2 105
165 25 1 2 105
165 25 1 2 105
165 25 1 2 105
165 25 1 2 105
165 25 2 3 105
165 25 2 3 105
165 25 2 3 105
165 25 2 3 105
165 25 2 3 105
165 25 2 3 105
165 25 2 3 105
165 25 2 3 105
165 25 2 3 105
165 25 2 3 105
165 25 2 3 105
165 25 2 3 105
165 25 2 3 105
165 25 2 3 105
165 25 3 4 105
165 25 3 4 105
165 25 3 4 105
165 25 3 4 105
165 25 3 4 105
165 25 3 4 105
165 25 3 4 105
165 25 3 4 105
165 25 3 4 105
165 25 3 4 105
165 25 3 4 105
165 25 3 4 105
165 25 3 4 105
165 25 3 4 105
165 25 4 5 105
165 25 4 5 105
165 25 4 5 105
165 25 4 5 105
165 25 4 5 105
165 25 4 5 105
165 25 4 5 105
165 25 4 5 105
165 25 5 6 105
165 25 5 6 105
165 25 5 6 105
165 25 5 6 105
165 25 5 6 105
165 25 5 6 105
165 25 5 6 105
165 25 6 7 105
165 25 6 7 105
165 25 6 7 105
165 25 6 7 105
165 25 6 7 105
165 25 6 7 105
165 25 6 7 105
165 25 6 7 105
165 25 7 8 105
165 25 7 8 105
165 25 7 8 105
165 25 7 8 105
165 25 7 8 105
165 25 7 8 105
165 25 8 9 105
165 25 8 9 105
165 25 8 9 105
165 25 8 9 105
165 25 8 9 105
165 25 8 9 105
165 25 9 10 105
165 25 9 10 105
165 25 9 10 105
165 25 9 10 105
165 25 9 10 105
165 25 9 10 105
165 25 10 11 105
165 25 10 11 105
165 25 10 11 105
165 25 10 11 105
165 25 10 11 105
165 25 10 11 105
165 25 11 12 105
165 25 12 13 105
165 25 13 14 105
166 25 1 1.01 70
166 25 1 1.01 70
166 25 1 1.01 70
166 25 1 1.01 70
166 25 1 1.01 70
166 25 1 1.01 70
166 25 1 1.01 70
166 25 1 1.01 70
166 25 1 1.01 70
166 25 1 1.01 70
166 25 1 1.01 70
166 25 1 1.01 70
166 25 1 1.01 70
166 25 1 1.01 70
166 25 1 1.01 70
166 25 1 1.01 70
166 25 1 1.01 70
166 25 1 1.01 70
166 25 1 2 70
166 25 1 2 70
166 25 1 2 70
166 25 1 2 70
166 25 1 2 70
166 25 1 2 70
166 25 1 2 70
166 25 1 2 70
166 25 1 2 70
166 25 1 2 70
166 25 1 2 70
166 25 1 2 70
166 25 1 2 70
166 25 1 2 70
166 25 1 2 70
166 25 1 2 70
166 25 1 2 70
166 25 2 3 70
166 25 2 3 70
166 25 2 3 70
166 25 2 3 70
166 25 2 3 70
166 25 2 3 70
166 25 2 3 70
166 25 2 3 70
166 25 2 3 70
166 25 2 3 70
166 25 2 3 70
166 25 2 3 70
166 25 2 3 70
166 25 2 3 70
166 25 2 3 70
166 25 2 3 70
166 25 2 3 70
166 25 3 4 70
166 25 3 4 70
166 25 3 4 70
166 25 3 4 70
166 25 3 4 70
166 25 3 4 70
166 25 3 4 70
166 25 3 4 70
166 25 3 4 70
166 25 3 4 70
166 25 3 4 70
166 25 3 4 70
166 25 3 4 70
166 25 3 4 70
166 25 3 4 70
166 25 3 4 70
166 25 3 4 70
166 25 3 4 70
167 25 1 1.01 66
167 25 1 1.01 66
167 25 1 1.01 66
167 25 1 1.01 66
167 25 1 1.01 66
167 25 1 1.01 66
167 25 1 1.01 66
167 25 1 1.01 66
167 25 1 1.01 66
167 25 1 2 66
167 25 1 2 66
167 25 1 2 66
167 25 1 2 66
167 25 1 2 66
167 25 1 2 66
167 25 1 2 66
167 25 1 2 66
167 25 1 2 66
167 25 2 3 66
167 25 2 3 66
167 25 2 3 66
167 25 2 3 66
167 25 2 3 66
167 25 2 3 66
167 25 2 3 66
167 25 2 3 66
167 25 3 4 66
167 25 3 4 66
167 25 3 4 66
167 25 3 4 66
167 25 3 4 66
167 25 3 4 66
167 25 3 4 66
167 25 3 4 66
167 25 3 4 66
167 25 4 5 66
167 25 4 5 66
167 25 5 6 66
167 25 5 6 66
167 25 6 7 66
167 25 6 7 66
167 25 6 7 66
167 25 7 8 66
167 25 7 8 66
167 25 9 10 66
167 25 10 11 66
167 25 12 13 66
167 25 14 15 66
167 25 15 16 66
167 25 16 17 66
167 25 17 18 66
167 25 19 20 66
167 25 20 21 66
167 25 25 26 66
167 25 25 26 66
167 25 25 26 66
167 25 26 27 66
167 25 26 27 66
167 25 26 27 66
167 25 26 27 66
167 25 26 27 66
167 25 27 28 66
167 25 27 28 66
167 25 27 28 66
167 25 27 28 66
167 25 27 28 66
168 25 1 1.01 5
168 25 4 5 5
168 25 5 6 5
168 25 5 6 5
168 25 6 7 5
169 25 1 2 23
169 25 3 4 23
169 25 4 5 23
169 25 4 5 23
169 25 4 5 23
169 25 4 5 23
169 25 4 5 23
169 25 4 5 23
169 25 5 6 23
169 25 5 6 23
169 25 5 6 23
169 25 5 6 23
169 25 5 6 23
169 25 5 6 23
169 25 5 6 23
169 25 5 6 23
169 25 6 7 23
169 25 6 7 23
169 25 6 7 23
169 25 6 7 23
169 25 6 7 23
169 25 6 7 23
169 25 6 7 23
170 25 1 1.01 56
170 25 1 1.01 56
170 25 1 1.01 56
170 25 1 1.01 56
170 25 1 1.01 56
170 25 1 1.01 56
170 25 1 1.01 56
170 25 1 1.01 56
170 25 1 1.01 56
170 25 1 1.01 56
170 25 1 1.01 56
170 25 1 1.01 56
170 25 1 1.01 56
170 25 1 2 56
170 25 1 2 56
170 25 1 2 56
170 25 1 2 56
170 25 1 2 56
170 25 1 2 56
170 25 1 2 56
170 25 1 2 56
170 25 1 2 56
170 25 1 2 56
170 25 1 2 56
170 25 1 2 56
170 25 1 2 56
170 25 1 2 56
170 25 2 3 56
170 25 2 3 56
170 25 2 3 56
170 25 2 3 56
170 25 2 3 56
170 25 2 3 56
170 25 2 3 56
170 25 2 3 56
170 25 2 3 56
170 25 2 3 56
170 25 2 3 56
170 25 2 3 56
170 25 2 3 56
170 25 2 3 56
170 25 3 4 56
170 25 3 4 56
170 25 3 4 56
170 25 3 4 56
170 25 3 4 56
170 25 3 4 56
170 25 3 4 56
170 25 3 4 56
170 25 3 4 56
170 25 3 4 56
170 25 3 4 56
170 25 3 4 56
170 25 3 4 56
170 25 3 4 56
170 25 3 4 56
171 25 1 1.01 53
171 25 1 1.01 53
171 25 1 2 53
171 25 1 2 53
171 25 1 2 53
171 25 2 3 53
171 25 2 3 53
171 25 2 3 53
171 25 3 4 53
171 25 4 5 53
171 25 4 5 53
171 25 4 5 53
171 25 4 5 53
171 25 4 5 53
171 25 4 5 53
171 25 4 5 53
171 25 4 5 53
171 25 4 5 53
171 25 4 5 53
171 25 4 5 53
171 25 4 5 53
171 25 4 5 53
171 25 4 5 53
171 25 5 6 53
171 25 5 6 53
171 25 5 6 53
171 25 5 6 53
171 25 5 6 53
171 25 5 6 53
171 25 5 6 53
171 25 5 6 53
171 25 5 6 53
171 25 5 6 53
171 25 5 6 53
171 25 5 6 53
171 25 5 6 53
171 25 5 6 53
171 25 5 6 53
171 25 6 7 53
171 25 6 7 53
171 25 6 7 53
171 25 6 7 53
171 25 6 7 53
171 25 6 7 53
171 25 6 7 53
171 25 6 7 53
171 25 6 7 53
171 25 6 7 53
171 25 6 7 53
171 25 6 7 53
171 25 6 7 53
171 25 6 7 53
171 25 6 7 53
172 25 1 1.01 123
172 25 1 1.01 123
172 25 1 1.01 123
172 25 1 1.01 123
172 25 1 1.01 123
172 25 1 1.01 123
172 25 1 1.01 123
172 25 1 1.01 123
172 25 1 1.01 123
172 25 1 1.01 123
172 25 1 1.01 123
172 25 1 1.01 123
172 25 1 1.01 123
172 25 1 1.01 123
172 25 1 1.01 123
172 25 1 1.01 123
172 25 1 1.01 123
172 25 1 1.01 123
172 25 1 1.01 123
172 25 1 1.01 123
172 25 1 2 123
172 25 1 2 123
172 25 1 2 123
172 25 1 2 123
172 25 1 2 123
172 25 1 2 123
172 25 1 2 123
172 25 1 2 123
172 25 1 2 123
172 25 1 2 123
172 25 1 2 123
172 25 1 2 123
172 25 1 2 123
172 25 1 2 123
172 25 1 2 123
172 25 1 2 123
172 25 1 2 123
172 25 1 2 123
172 25 1 2 123
172 25 1 2 123
172 25 2 3 123
172 25 2 3 123
172 25 2 3 123
172 25 2 3 123
172 25 2 3 123
172 25 2 3 123
172 25 2 3 123
172 25 2 3 123
172 25 2 3 123
172 25 2 3 123
172 25 2 3 123
172 25 2 3 123
172 25 2 3 123
172 25 2 3 123
172 25 2 3 123
172 25 2 3 123
172 25 2 3 123
172 25 2 3 123
172 25 2 3 123
172 25 2 3 123
172 25 3 4 123
172 25 3 4 123
172 25 3 4 123
172 25 3 4 123
172 25 3 4 123
172 25 3 4 123
172 25 3 4 123
172 25 3 4 123
172 25 3 4 123
172 25 3 4 123
172 25 3 4 123
172 25 3 4 123
172 25 3 4 123
172 25 3 4 123
172 25 3 4 123
172 25 3 4 123
172 25 3 4 123
172 25 3 4 123
172 25 3 4 123
172 25 3 4 123
172 25 4 5 123
172 25 4 5 123
172 25 4 5 123
172 25 4 5 123
172 25 4 5 123
172 25 4 5 123
172 25 4 5 123
172 25 4 5 123
172 25 4 5 123
172 25 4 5 123
172 25 4 5 123
172 25 4 5 123
172 25 5 6 123
172 25 5 6 123
172 25 5 6 123
172 25 5 6 123
172 25 5 6 123
172 25 5 6 123
172 25 5 6 123
172 25 5 6 123
172 25 5 6 123
172 25 5 6 123
172 25 5 6 123
172 25 5 6 123
172 25 5 6 123
172 25 6 7 123
172 25 6 7 123
172 25 6 7 123
172 25 6 7 123
172 25 6 7 123
172 25 6 7 123
172 25 6 7 123
172 25 6 7 123
172 25 6 7 123
172 25 6 7 123
172 25 6 7 123
172 25 6 7 123
172 25 7 8 123
172 25 8 9 123
172 25 8 9 123
172 25 9 10 123
172 25 10 11 123
172 25 10 11 123
173 25 1 1.01 98
173 25 1 1.01 98
173 25 1 1.01 98
173 25 1 1.01 98
173 25 1 1.01 98
173 25 1 1.01 98
173 25 1 1.01 98
173 25 1 1.01 98
173 25 1 1.01 98
173 25 1 1.01 98
173 25 1 1.01 98
173 25 1 1.01 98
173 25 1 1.01 98
173 25 1 1.01 98
173 25 1 1.01 98
173 25 1 1.01 98
173 25 1 1.01 98
173 25 1 1.01 98
173 25 1 1.01 98
173 25 1 1.01 98
173 25 1 2 98
173 25 1 2 98
173 25 1 2 98
173 25 1 2 98
173 25 1 2 98
173 25 1 2 98
173 25 1 2 98
173 25 1 2 98
173 25 1 2 98
173 25 1 2 98
173 25 1 2 98
173 25 1 2 98
173 25 1 2 98
173 25 1 2 98
173 25 1 2 98
173 25 1 2 98
173 25 1 2 98
173 25 1 2 98
173 25 1 2 98
173 25 2 3 98
173 25 2 3 98
173 25 2 3 98
173 25 2 3 98
173 25 2 3 98
173 25 2 3 98
173 25 2 3 98
173 25 2 3 98
173 25 2 3 98
173 25 2 3 98
173 25 2 3 98
173 25 2 3 98
173 25 2 3 98
173 25 2 3 98
173 25 2 3 98
173 25 2 3 98
173 25 2 3 98
173 25 2 3 98
173 25 2 3 98
173 25 3 4 98
173 25 3 4 98
173 25 3 4 98
173 25 3 4 98
173 25 3 4 98
173 25 3 4 98
173 25 3 4 98
173 25 3 4 98
173 25 3 4 98
173 25 3 4 98
173 25 3 4 98
173 25 3 4 98
173 25 3 4 98
173 25 3 4 98
173 25 3 4 98
173 25 3 4 98
173 25 3 4 98
173 25 3 4 98
173 25 3 4 98
173 25 4 5 98
173 25 4 5 98
173 25 4 5 98
173 25 4 5 98
173 25 4 5 98
173 25 4 5 98
173 25 4 5 98
173 25 4 5 98
173 25 5 6 98
173 25 5 6 98
173 25 5 6 98
173 25 5 6 98
173 25 5 6 98
173 25 5 6 98
173 25 5 6 98
173 25 6 7 98
173 25 6 7 98
173 25 6 7 98
173 25 6 7 98
173 25 6 7 98
173 25 6 7 98
174 25 2 3 93
174 25 4 5 93
174 25 4 5 93
174 25 4 5 93
174 25 4 5 93
174 25 4 5 93
174 25 4 5 93
174 25 4 5 93
174 25 4 5 93
174 25 4 5 93
174 25 5 6 93
174 25 5 6 93
174 25 5 6 93
174 25 5 6 93
174 25 5 6 93
174 25 5 6 93
174 25 5 6 93
174 25 5 6 93
174 25 5 6 93
174 25 5 6 93
174 25 5 6 93
174 25 6 7 93
174 25 6 7 93
174 25 6 7 93
174 25 6 7 93
174 25 6 7 93
174 25 6 7 93
174 25 6 7 93
174 25 6 7 93
174 25 6 7 93
174 25 6 7 93
174 25 7 8 93
174 25 7 8 93
174 25 7 8 93
174 25 8 9 93
174 25 8 9 93
174 25 9 10 93
174 25 9 10 93
174 25 9 10 93
174 25 9 10 93
174 25 10 11 93
174 25 10 11 93
174 25 10 11 93
174 25 11 12 93
174 25 11 12 93
174 25 11 12 93
174 25 11 12 93
174 25 11 12 93
174 25 11 12 93
174 25 11 12 93
174 25 11 12 93
174 25 12 13 93
174 25 12 13 93
174 25 12 13 93
174 25 12 13 93
174 25 12 13 93
174 25 12 13 93
174 25 12 13 93
174 25 12 13 93
174 25 12 13 93
174 25 13 14 93
174 25 13 14 93
174 25 13 14 93
174 25 13 14 93
174 25 13 14 93
174 25 13 14 93
174 25 13 14 93
174 25 14 15 93
174 25 14 15 93
174 25 14 15 93
174 25 14 15 93
174 25 14 15 93
174 25 15 16 93
174 25 15 16 93
174 25 15 16 93
174 25 15 16 93
174 25 15 16 93
174 25 16 17 93
174 25 16 17 93
174 25 16 17 93
174 25 16 17 93
174 25 17 18 93
174 25 17 18 93
174 25 17 18 93
174 25 17 18 93
174 25 18 19 93
174 25 18 19 93
174 25 19 20 93
174 25 20 21 93
174 25 22 23 93
174 25 23 24 93
174 25 24 25 93
174 25 24 25 93
175 25 1 1.01 21
175 25 1 2 21
175 25 2 3 21
175 25 4 5 21
175 25 4 5 21
175 25 4 5 21
175 25 4 5 21
175 25 4 5 21
175 25 4 5 21
175 25 4 5 21
175 25 5 6 21
175 25 5 6 21
175 25 5 6 21
175 25 5 6 21
175 25 5 6 21
175 25 6 7 21
175 25 6 7 21
175 25 6 7 21
175 25 6 7 21
175 25 6 7 21
175 25 6 7 21
176 25 1 1.01 166
176 25 1 1.01 166
176 25 1 1.01 166
176 25 1 1.01 166
176 25 1 1.01 166
176 25 1 1.01 166
176 25 1 1.01 166
176 25 1 1.01 166
176 25 1 1.01 166
176 25 1 1.01 166
176 25 1 1.01 166
176 25 1 1.01 166
176 25 1 1.01 166
176 25 1 1.01 166
176 25 1 1.01 166
176 25 1 1.01 166
176 25 1 1.01 166
176 25 1 1.01 166
176 25 1 1.01 166
176 25 1 1.01 166
176 25 1 1.01 166
176 25 1 1.01 166
176 25 1 1.01 166
176 25 1 2 166
176 25 1 2 166
176 25 1 2 166
176 25 1 2 166
176 25 1 2 166
176 25 1 2 166
176 25 1 2 166
176 25 1 2 166
176 25 1 2 166
176 25 1 2 166
176 25 1 2 166
176 25 1 2 166
176 25 1 2 166
176 25 1 2 166
176 25 1 2 166
176 25 1 2 166
176 25 1 2 166
176 25 1 2 166
176 25 1 2 166
176 25 1 2 166
176 25 1 2 166
176 25 1 2 166
176 25 2 3 166
176 25 2 3 166
176 25 2 3 166
176 25 2 3 166
176 25 2 3 166
176 25 2 3 166
176 25 2 3 166
176 25 2 3 166
176 25 2 3 166
176 25 2 3 166
176 25 2 3 166
176 25 2 3 166
176 25 2 3 166
176 25 2 3 166
176 25 2 3 166
176 25 2 3 166
176 25 2 3 166
176 25 2 3 166
176 25 2 3 166
176 25 2 3 166
176 25 2 3 166
176 25 3 4 166
176 25 3 4 166
176 25 3 4 166
176 25 3 4 166
176 25 3 4 166
176 25 3 4 166
176 25 3 4 166
176 25 3 4 166
176 25 3 4 166
176 25 3 4 166
176 25 3 4 166
176 25 3 4 166
176 25 3 4 166
176 25 3 4 166
176 25 3 4 166
176 25 3 4 166
176 25 3 4 166
176 25 3 4 166
176 25 3 4 166
176 25 3 4 166
176 25 3 4 166
176 25 3 4 166
176 25 3 4 166
176 25 4 5 166
176 25 4 5 166
176 25 4 5 166
176 25 4 5 166
176 25 4 5 166
176 25 4 5 166
176 25 4 5 166
176 25 4 5 166
176 25 4 5 166
176 25 4 5 166
176 25 4 5 166
176 25 4 5 166
176 25 4 5 166
176 25 4 5 166
176 25 4 5 166
176 25 4 5 166
176 25 4 5 166
176 25 4 5 166
176 25 4 5 166
176 25 4 5 166
176 25 4 5 166
176 25 4 5 166
176 25 5 6 166
176 25 5 6 166
176 25 5 6 166
176 25 5 6 166
176 25 5 6 166
176 25 5 6 166
176 25 5 6 166
176 25 5 6 166
176 25 5 6 166
176 25 5 6 166
176 25 5 6 166
176 25 5 6 166
176 25 5 6 166
176 25 5 6 166
176 25 5 6 166
176 25 5 6 166
176 25 5 6 166
176 25 5 6 166
176 25 5 6 166
176 25 5 6 166
176 25 5 6 166
176 25 6 7 166
176 25 6 7 166
176 25 6 7 166
176 25 6 7 166
176 25 6 7 166
176 25 6 7 166
176 25 6 7 166
176 25 6 7 166
176 25 6 7 166
176 25 6 7 166
176 25 6 7 166
176 25 6 7 166
176 25 6 7 166
176 25 6 7 166
176 25 6 7 166
176 25 6 7 166
176 25 6 7 166
176 25 6 7 166
176 25 6 7 166
176 25 6 7 166
176 25 6 7 166
176 25 6 7 166
176 25 7 8 166
176 25 7 8 166
176 25 7 8 166
176 25 8 9 166
176 25 8 9 166
176 25 8 9 166
176 25 8 9 166
176 25 9 10 166
176 25 9 10 166
176 25 9 10 166
176 25 10 11 166
176 25 10 11 166
177 25.01 4 5 21
177 25.01 4 5 21
177 25.01 4 5 21
177 25.01 4 5 21
177 25.01 4 5 21
177 25.01 4 5 21
177 25.01 4 5 21
177 25.01 5 6 21
177 25.01 5 6 21
177 25.01 5 6 21
177 25.01 5 6 21
177 25.01 5 6 21
177 25.01 5 6 21
177 25.01 5 6 21
177 25.01 6 7 21
177 25.01 6 7 21
177 25.01 6 7 21
177 25.01 6 7 21
177 25.01 6 7 21
177 25.01 6 7 21
177 25.01 6 7 21
178 25.01 1 1.01 61
178 25.01 1 1.01 61
178 25.01 1 1.01 61
178 25.01 1 1.01 61
178 25.01 1 1.01 61
178 25.01 1 1.01 61
178 25.01 1 1.01 61
178 25.01 1 1.01 61
178 25.01 1 1.01 61
178 25.01 1 1.01 61
178 25.01 1 1.01 61
178 25.01 1 1.01 61
178 25.01 1 2 61
178 25.01 1 2 61
178 25.01 1 2 61
178 25.01 1 2 61
178 25.01 1 2 61
178 25.01 1 2 61
178 25.01 1 2 61
178 25.01 1 2 61
178 25.01 1 2 61
178 25.01 1 2 61
178 25.01 1 2 61
178 25.01 2 3 61
178 25.01 2 3 61
178 25.01 2 3 61
178 25.01 2 3 61
178 25.01 2 3 61
178 25.01 2 3 61
178 25.01 2 3 61
178 25.01 2 3 61
178 25.01 2 3 61
178 25.01 2 3 61
178 25.01 2 3 61
178 25.01 3 4 61
178 25.01 3 4 61
178 25.01 3 4 61
178 25.01 3 4 61
178 25.01 3 4 61
178 25.01 3 4 61
178 25.01 3 4 61
178 25.01 3 4 61
178 25.01 3 4 61
178 25.01 3 4 61
178 25.01 4 5 61
178 25.01 4 5 61
178 25.01 5 6 61
178 25.01 6 7 61
178 25.01 6 7 61
178 25.01 7 8 61
178 25.01 7 8 61
178 25.01 8 9 61
178 25.01 8 9 61
178 25.01 9 10 61
178 25.01 11 12 61
178 25.01 12 13 61
178 25.01 13 14 61
178 25.01 13 14 61
178 25.01 14 15 61
178 25.01 15 16 61
178 25.01 17 18 61
179 25.01 1 1.01 72
179 25.01 1 1.01 72
179 25.01 1 2 72
179 25.01 1 2 72
179 25.01 2 3 72
179 25.01 3 4 72
179 25.01 4 5 72
179 25.01 5 6 72
179 25.01 6 7 72
179 25.01 6 7 72
179 25.01 7 8 72
179 25.01 9 10 72
179 25.01 10 11 72
179 25.01 11 12 72
179 25.01 14 15 72
179 25.01 14 15 72
179 25.01 14 15 72
179 25.01 14 15 72
179 25.01 14 15 72
179 25.01 15 16 72
179 25.01 15 16 72
179 25.01 15 16 72
179 25.01 15 16 72
179 25.01 16 17 72
179 25.01 16 17 72
179 25.01 16 17 72
179 25.01 16 17 72
179 25.01 17 18 72
179 25.01 17 18 72
179 25.01 17 18 72
179 25.01 17 18 72
179 25.01 17 18 72
179 25.01 21 22 72
179 25.01 21 22 72
179 25.01 22 23 72
179 25.01 22 23 72
179 25.01 22 23 72
179 25.01 23 24 72
179 25.01 23 24 72
179 25.01 23 24 72
179 25.01 24 25 72
179 25.01 24 25 72
179 25.01 25 26 72
179 25.01 25 26 72
179 25.01 25 26 72
179 25.01 25 26 72
179 25.01 26 27 72
179 25.01 26 27 72
179 25.01 26 27 72
179 25.01 26 27 72
179 25.01 27 28 72
179 25.01 27 28 72
179 25.01 27 28 72
179 25.01 28 29 72
179 25.01 28 29 72
179 25.01 28 29 72
179 25.01 28 29 72
179 25.01 29 30 72
179 25.01 29 30 72
179 25.01 30 31 72
179 25.01 30 31 72
179 25.01 30 31 72
179 25.01 31 32 72
179 25.01 31 32 72
179 25.01 31 32 72
179 25.01 31 32 72
179 25.01 32 33 72
179 25.01 34 35 72
179 25.01 37 38 72
179 25.01 37 38 72
179 25.01 38 39 72
179 25.01 39 40 72
180 25.01 1 1.01 49
180 25.01 1 2 49
180 25.01 2 3 49
180 25.01 3 4 49
180 25.01 6 7 49
180 25.01 7 8 49
180 25.01 7 8 49
180 25.01 7 8 49
180 25.01 7 8 49
180 25.01 8 9 49
180 25.01 8 9 49
180 25.01 8 9 49
180 25.01 9 10 49
180 25.01 9 10 49
180 25.01 9 10 49
180 25.01 10 11 49
180 25.01 10 11 49
180 25.01 10 11 49
180 25.01 10 11 49
180 25.01 11 12 49
180 25.01 11 12 49
180 25.01 11 12 49
180 25.01 12 13 49
180 25.01 12 13 49
180 25.01 12 13 49
180 25.01 13 14 49
180 25.01 13 14 49
180 25.01 13 14 49
180 25.01 14 15 49
180 25.01 14 15 49
180 25.01 15 16 49
180 25.01 15 16 49
180 25.01 15 16 49
180 25.01 16 17 49
180 25.01 16 17 49
180 25.01 16 17 49
180 25.01 16 17 49
180 25.01 17 18 49
180 25.01 17 18 49
180 25.01 17 18 49
180 25.01 17 18 49
180 25.01 18 19 49
180 25.01 18 19 49
180 25.01 18 19 49
180 25.01 19 20 49
180 25.01 19 20 49
180 25.01 19 20 49
180 25.01 20 21 49
180 25.01 20 21 49
181 25.01 4 5 118
181 25.01 4 5 118
181 25.01 4 5 118
181 25.01 4 5 118
181 25.01 4 5 118
181 25.01 4 5 118
181 25.01 4 5 118
181 25.01 4 5 118
181 25.01 4 5 118
181 25.01 4 5 118
181 25.01 4 5 118
181 25.01 4 5 118
181 25.01 4 5 118
181 25.01 4 5 118
181 25.01 4 5 118
181 25.01 4 5 118
181 25.01 4 5 118
181 25.01 4 5 118
181 25.01 4 5 118
181 25.01 4 5 118
181 25.01 4 5 118
181 25.01 4 5 118
181 25.01 4 5 118
181 25.01 4 5 118
181 25.01 4 5 118
181 25.01 4 5 118
181 25.01 4 5 118
181 25.01 4 5 118
181 25.01 4 5 118
181 25.01 4 5 118
181 25.01 4 5 118
181 25.01 5 6 118
181 25.01 5 6 118
181 25.01 5 6 118
181 25.01 5 6 118
181 25.01 5 6 118
181 25.01 5 6 118
181 25.01 5 6 118
181 25.01 5 6 118
181 25.01 5 6 118
181 25.01 5 6 118
181 25.01 5 6 118
181 25.01 5 6 118
181 25.01 5 6 118
181 25.01 5 6 118
181 25.01 5 6 118
181 25.01 5 6 118
181 25.01 5 6 118
181 25.01 5 6 118
181 25.01 5 6 118
181 25.01 5 6 118
181 25.01 5 6 118
181 25.01 5 6 118
181 25.01 5 6 118
181 25.01 5 6 118
181 25.01 5 6 118
181 25.01 5 6 118
181 25.01 5 6 118
181 25.01 5 6 118
181 25.01 5 6 118
181 25.01 6 7 118
181 25.01 6 7 118
181 25.01 6 7 118
181 25.01 6 7 118
181 25.01 6 7 118
181 25.01 6 7 118
181 25.01 6 7 118
181 25.01 6 7 118
181 25.01 6 7 118
181 25.01 6 7 118
181 25.01 6 7 118
181 25.01 6 7 118
181 25.01 6 7 118
181 25.01 6 7 118
181 25.01 6 7 118
181 25.01 6 7 118
181 25.01 6 7 118
181 25.01 6 7 118
181 25.01 6 7 118
181 25.01 6 7 118
181 25.01 6 7 118
181 25.01 6 7 118
181 25.01 6 7 118
181 25.01 6 7 118
181 25.01 6 7 118
181 25.01 6 7 118
181 25.01 6 7 118
181 25.01 6 7 118
181 25.01 6 7 118
181 25.01 6 7 118
181 25.01 6 7 118
181 25.01 7 8 118
181 25.01 7 8 118
181 25.01 7 8 118
181 25.01 8 9 118
181 25.01 8 9 118
181 25.01 8 9 118
181 25.01 9 10 118
181 25.01 9 10 118
181 25.01 10 11 118
181 25.01 10 11 118
181 25.01 10 11 118
181 25.01 10 11 118
181 25.01 11 12 118
181 25.01 11 12 118
181 25.01 11 12 118
181 25.01 12 13 118
181 25.01 12 13 118
181 25.01 13 14 118
181 25.01 13 14 118
181 25.01 13 14 118
181 25.01 14 15 118
181 25.01 14 15 118
181 25.01 15 16 118
181 25.01 16 17 118
181 25.01 16 17 118
181 25.01 17 18 118
181 25.01 17 18 118
182 25.01 4 5 125
182 25.01 4 5 125
182 25.01 4 5 125
182 25.01 4 5 125
182 25.01 4 5 125
182 25.01 4 5 125
182 25.01 4 5 125
182 25.01 4 5 125
182 25.01 4 5 125
182 25.01 4 5 125
182 25.01 4 5 125
182 25.01 4 5 125
182 25.01 4 5 125
182 25.01 4 5 125
182 25.01 4 5 125
182 25.01 4 5 125
182 25.01 4 5 125
182 25.01 4 5 125
182 25.01 4 5 125
182 25.01 4 5 125
182 25.01 4 5 125
182 25.01 4 5 125
182 25.01 4 5 125
182 25.01 4 5 125
182 25.01 4 5 125
182 25.01 4 5 125
182 25.01 4 5 125
182 25.01 5 6 125
182 25.01 5 6 125
182 25.01 5 6 125
182 25.01 5 6 125
182 25.01 5 6 125
182 25.01 5 6 125
182 25.01 5 6 125
182 25.01 5 6 125
182 25.01 5 6 125
182 25.01 5 6 125
182 25.01 5 6 125
182 25.01 5 6 125
182 25.01 5 6 125
182 25.01 5 6 125
182 25.01 5 6 125
182 25.01 5 6 125
182 25.01 5 6 125
182 25.01 5 6 125
182 25.01 5 6 125
182 25.01 5 6 125
182 25.01 5 6 125
182 25.01 5 6 125
182 25.01 5 6 125
182 25.01 5 6 125
182 25.01 5 6 125
182 25.01 5 6 125
182 25.01 5 6 125
182 25.01 5 6 125
182 25.01 6 7 125
182 25.01 6 7 125
182 25.01 6 7 125
182 25.01 6 7 125
182 25.01 6 7 125
182 25.01 6 7 125
182 25.01 6 7 125
182 25.01 6 7 125
182 25.01 6 7 125
182 25.01 6 7 125
182 25.01 6 7 125
182 25.01 6 7 125
182 25.01 6 7 125
182 25.01 6 7 125
182 25.01 6 7 125
182 25.01 6 7 125
182 25.01 6 7 125
182 25.01 6 7 125
182 25.01 6 7 125
182 25.01 6 7 125
182 25.01 6 7 125
182 25.01 6 7 125
182 25.01 6 7 125
182 25.01 6 7 125
182 25.01 6 7 125
182 25.01 6 7 125
182 25.01 6 7 125
182 25.01 7 8 125
182 25.01 7 8 125
182 25.01 7 8 125
182 25.01 7 8 125
182 25.01 8 9 125
182 25.01 8 9 125
182 25.01 8 9 125
182 25.01 8 9 125
182 25.01 8 9 125
182 25.01 9 10 125
182 25.01 9 10 125
182 25.01 9 10 125
182 25.01 9 10 125
182 25.01 9 10 125
182 25.01 10 11 125
182 25.01 10 11 125
182 25.01 10 11 125
182 25.01 10 11 125
182 25.01 11 12 125
182 25.01 11 12 125
182 25.01 12 13 125
182 25.01 12 13 125
182 25.01 13 14 125
182 25.01 13 14 125
182 25.01 14 15 125
182 25.01 14 15 125
182 25.01 14 15 125
182 25.01 14 15 125
182 25.01 14 15 125
182 25.01 15 16 125
182 25.01 15 16 125
182 25.01 15 16 125
182 25.01 15 16 125
182 25.01 15 16 125
182 25.01 16 17 125
182 25.01 16 17 125
182 25.01 16 17 125
182 25.01 16 17 125
182 25.01 17 18 125
182 25.01 17 18 125
182 25.01 17 18 125
182 25.01 17 18 125
182 25.01 17 18 125
183 25.01 1 1.01 98
183 25.01 1 1.01 98
183 25.01 1 1.01 98
183 25.01 1 1.01 98
183 25.01 1 1.01 98
183 25.01 1 1.01 98
183 25.01 1 1.01 98
183 25.01 1 1.01 98
183 25.01 1 1.01 98
183 25.01 1 1.01 98
183 25.01 1 1.01 98
183 25.01 1 1.01 98
183 25.01 1 1.01 98
183 25.01 1 1.01 98
183 25.01 1 1.01 98
183 25.01 1 1.01 98
183 25.01 1 1.01 98
183 25.01 1 1.01 98
183 25.01 1 1.01 98
183 25.01 1 1.01 98
183 25.01 1 2 98
183 25.01 1 2 98
183 25.01 1 2 98
183 25.01 1 2 98
183 25.01 1 2 98
183 25.01 1 2 98
183 25.01 1 2 98
183 25.01 1 2 98
183 25.01 1 2 98
183 25.01 1 2 98
183 25.01 1 2 98
183 25.01 1 2 98
183 25.01 1 2 98
183 25.01 1 2 98
183 25.01 1 2 98
183 25.01 1 2 98
183 25.01 1 2 98
183 25.01 1 2 98
183 25.01 1 2 98
183 25.01 1 2 98
183 25.01 2 3 98
183 25.01 2 3 98
183 25.01 2 3 98
183 25.01 2 3 98
183 25.01 2 3 98
183 25.01 2 3 98
183 25.01 2 3 98
183 25.01 2 3 98
183 25.01 2 3 98
183 25.01 2 3 98
183 25.01 2 3 98
183 25.01 2 3 98
183 25.01 2 3 98
183 25.01 2 3 98
183 25.01 2 3 98
183 25.01 2 3 98
183 25.01 2 3 98
183 25.01 2 3 98
183 25.01 2 3 98
183 25.01 3 4 98
183 25.01 3 4 98
183 25.01 3 4 98
183 25.01 3 4 98
183 25.01 3 4 98
183 25.01 3 4 98
183 25.01 3 4 98
183 25.01 3 4 98
183 25.01 3 4 98
183 25.01 3 4 98
183 25.01 3 4 98
183 25.01 3 4 98
183 25.01 3 4 98
183 25.01 3 4 98
183 25.01 3 4 98
183 25.01 3 4 98
183 25.01 3 4 98
183 25.01 3 4 98
183 25.01 3 4 98
183 25.01 4 5 98
183 25.01 4 5 98
183 25.01 4 5 98
183 25.01 4 5 98
183 25.01 4 5 98
183 25.01 5 6 98
183 25.01 5 6 98
183 25.01 5 6 98
183 25.01 5 6 98
183 25.01 5 6 98
183 25.01 6 7 98
183 25.01 6 7 98
183 25.01 6 7 98
183 25.01 6 7 98
183 25.01 6 7 98
183 25.01 7 8 98
183 25.01 7 8 98
183 25.01 7 8 98
183 25.01 7 8 98
183 25.01 7 8 98
184 25.01 1 1.01 102
184 25.01 1 1.01 102
184 25.01 1 1.01 102
184 25.01 1 1.01 102
184 25.01 1 1.01 102
184 25.01 1 1.01 102
184 25.01 1 1.01 102
184 25.01 1 1.01 102
184 25.01 1 1.01 102
184 25.01 1 1.01 102
184 25.01 1 1.01 102
184 25.01 1 1.01 102
184 25.01 1 1.01 102
184 25.01 1 1.01 102
184 25.01 1 2 102
184 25.01 1 2 102
184 25.01 1 2 102
184 25.01 1 2 102
184 25.01 1 2 102
184 25.01 1 2 102
184 25.01 1 2 102
184 25.01 1 2 102
184 25.01 1 2 102
184 25.01 1 2 102
184 25.01 1 2 102
184 25.01 1 2 102
184 25.01 1 2 102
184 25.01 2 3 102
184 25.01 2 3 102
184 25.01 2 3 102
184 25.01 2 3 102
184 25.01 2 3 102
184 25.01 2 3 102
184 25.01 2 3 102
184 25.01 2 3 102
184 25.01 2 3 102
184 25.01 2 3 102
184 25.01 2 3 102
184 25.01 2 3 102
184 25.01 3 4 102
184 25.01 3 4 102
184 25.01 3 4 102
184 25.01 3 4 102
184 25.01 3 4 102
184 25.01 3 4 102
184 25.01 3 4 102
184 25.01 3 4 102
184 25.01 3 4 102
184 25.01 3 4 102
184 25.01 3 4 102
184 25.01 3 4 102
184 25.01 3 4 102
184 25.01 4 5 102
184 25.01 4 5 102
184 25.01 4 5 102
184 25.01 4 5 102
184 25.01 4 5 102
184 25.01 4 5 102
184 25.01 5 6 102
184 25.01 5 6 102
184 25.01 5 6 102
184 25.01 5 6 102
184 25.01 5 6 102
184 25.01 5 6 102
184 25.01 6 7 102
184 25.01 6 7 102
184 25.01 6 7 102
184 25.01 6 7 102
184 25.01 6 7 102
184 25.01 7 8 102
184 25.01 7 8 102
184 25.01 7 8 102
184 25.01 7 8 102
184 25.01 7 8 102
184 25.01 7 8 102
184 25.01 8 9 102
184 25.01 8 9 102
184 25.01 8 9 102
184 25.01 9 10 102
184 25.01 9 10 102
184 25.01 9 10 102
184 25.01 9 10 102
184 25.01 10 11 102
184 25.01 10 11 102
184 25.01 10 11 102
184 25.01 11 12 102
184 25.01 11 12 102
184 25.01 11 12 102
184 25.01 11 12 102
184 25.01 12 13 102
184 25.01 12 13 102
184 25.01 12 13 102
184 25.01 12 13 102
184 25.01 13 14 102
184 25.01 13 14 102
184 25.01 13 14 102
184 25.01 14 15 102
184 25.01 14 15 102
184 25.01 15 16 102
184 25.01 16 17 102
184 25.01 17 18 102
184 25.01 17 18 102
185 25.01 1 1.01 88
185 25.01 1 1.01 88
185 25.01 1 1.01 88
185 25.01 1 1.01 88
185 25.01 1 1.01 88
185 25.01 1 1.01 88
185 25.01 1 1.01 88
185 25.01 1 1.01 88
185 25.01 1 1.01 88
185 25.01 1 1.01 88
185 25.01 1 1.01 88
185 25.01 1 1.01 88
185 25.01 1 1.01 88
185 25.01 1 1.01 88
185 25.01 1 1.01 88
185 25.01 1 1.01 88
185 25.01 1 2 88
185 25.01 1 2 88
185 25.01 1 2 88
185 25.01 1 2 88
185 25.01 1 2 88
185 25.01 1 2 88
185 25.01 1 2 88
185 25.01 1 2 88
185 25.01 1 2 88
185 25.01 1 2 88
185 25.01 1 2 88
185 25.01 1 2 88
185 25.01 1 2 88
185 25.01 1 2 88
185 25.01 1 2 88
185 25.01 1 2 88
185 25.01 1 2 88
185 25.01 1 2 88
185 25.01 2 3 88
185 25.01 2 3 88
185 25.01 2 3 88
185 25.01 2 3 88
185 25.01 2 3 88
185 25.01 2 3 88
185 25.01 2 3 88
185 25.01 2 3 88
185 25.01 2 3 88
185 25.01 2 3 88
185 25.01 2 3 88
185 25.01 2 3 88
185 25.01 2 3 88
185 25.01 2 3 88
185 25.01 2 3 88
185 25.01 2 3 88
185 25.01 2 3 88
185 25.01 2 3 88
185 25.01 3 4 88
185 25.01 3 4 88
185 25.01 3 4 88
185 25.01 3 4 88
185 25.01 3 4 88
185 25.01 3 4 88
185 25.01 3 4 88
185 25.01 3 4 88
185 25.01 3 4 88
185 25.01 3 4 88
185 25.01 3 4 88
185 25.01 3 4 88
185 25.01 3 4 88
185 25.01 3 4 88
185 25.01 3 4 88
185 25.01 3 4 88
185 25.01 3 4 88
185 25.01 4 5 88
185 25.01 4 5 88
185 25.01 4 5 88
185 25.01 4 5 88
185 25.01 4 5 88
185 25.01 5 6 88
185 25.01 5 6 88
185 25.01 5 6 88
185 25.01 5 6 88
185 25.01 6 7 88
185 25.01 6 7 88
185 25.01 6 7 88
185 25.01 6 7 88
185 25.01 6 7 88
185 25.01 7 8 88
185 25.01 7 8 88
185 25.01 7 8 88
185 25.01 7 8 88
185 25.01 7 8 88
186 25.01 1 1.01 102
186 25.01 1 1.01 102
186 25.01 1 1.01 102
186 25.01 1 1.01 102
186 25.01 1 1.01 102
186 25.01 1 1.01 102
186 25.01 1 1.01 102
186 25.01 1 1.01 102
186 25.01 1 1.01 102
186 25.01 1 1.01 102
186 25.01 1 1.01 102
186 25.01 1 1.01 102
186 25.01 1 2 102
186 25.01 1 2 102
186 25.01 1 2 102
186 25.01 1 2 102
186 25.01 1 2 102
186 25.01 1 2 102
186 25.01 1 2 102
186 25.01 1 2 102
186 25.01 1 2 102
186 25.01 1 2 102
186 25.01 1 2 102
186 25.01 1 2 102
186 25.01 2 3 102
186 25.01 2 3 102
186 25.01 2 3 102
186 25.01 2 3 102
186 25.01 2 3 102
186 25.01 2 3 102
186 25.01 2 3 102
186 25.01 2 3 102
186 25.01 2 3 102
186 25.01 2 3 102
186 25.01 2 3 102
186 25.01 2 3 102
186 25.01 2 3 102
186 25.01 3 4 102
186 25.01 3 4 102
186 25.01 3 4 102
186 25.01 3 4 102
186 25.01 3 4 102
186 25.01 3 4 102
186 25.01 3 4 102
186 25.01 3 4 102
186 25.01 3 4 102
186 25.01 3 4 102
186 25.01 3 4 102
186 25.01 3 4 102
186 25.01 4 5 102
186 25.01 4 5 102
186 25.01 4 5 102
186 25.01 4 5 102
186 25.01 4 5 102
186 25.01 4 5 102
186 25.01 4 5 102
186 25.01 5 6 102
186 25.01 5 6 102
186 25.01 5 6 102
186 25.01 5 6 102
186 25.01 5 6 102
186 25.01 6 7 102
186 25.01 6 7 102
186 25.01 6 7 102
186 25.01 6 7 102
186 25.01 6 7 102
186 25.01 6 7 102
186 25.01 6 7 102
186 25.01 7 8 102
186 25.01 7 8 102
186 25.01 7 8 102
186 25.01 7 8 102
186 25.01 7 8 102
186 25.01 8 9 102
186 25.01 8 9 102
186 25.01 8 9 102
186 25.01 8 9 102
186 25.01 9 10 102
186 25.01 9 10 102
186 25.01 9 10 102
186 25.01 9 10 102
186 25.01 9 10 102
186 25.01 10 11 102
186 25.01 10 11 102
186 25.01 10 11 102
186 25.01 10 11 102
186 25.01 11 12 102
186 25.01 11 12 102
186 25.01 11 12 102
186 25.01 12 13 102
186 25.01 12 13 102
186 25.01 13 14 102
186 25.01 13 14 102
186 25.01 14 15 102
186 25.01 14 15 102
186 25.01 15 16 102
186 25.01 16 17 102
186 25.01 16 17 102
186 25.01 17 18 102
186 25.01 19 20 102
186 25.01 20 21 102
186 25.01 21 22 102
187 25.01 1 1.01 119
187 25.01 1 1.01 119
187 25.01 1 1.01 119
187 25.01 1 1.01 119
187 25.01 1 1.01 119
187 25.01 1 1.01 119
187 25.01 1 1.01 119
187 25.01 1 1.01 119
187 25.01 1 1.01 119
187 25.01 1 1.01 119
187 25.01 1 1.01 119
187 25.01 1 1.01 119
187 25.01 1 2 119
187 25.01 1 2 119
187 25.01 1 2 119
187 25.01 1 2 119
187 25.01 1 2 119
187 25.01 1 2 119
187 25.01 1 2 119
187 25.01 1 2 119
187 25.01 1 2 119
187 25.01 1 2 119
187 25.01 1 2 119
187 25.01 1 2 119
187 25.01 2 3 119
187 25.01 2 3 119
187 25.01 2 3 119
187 25.01 2 3 119
187 25.01 2 3 119
187 25.01 2 3 119
187 25.01 2 3 119
187 25.01 2 3 119
187 25.01 2 3 119
187 25.01 2 3 119
187 25.01 2 3 119
187 25.01 2 3 119
187 25.01 3 4 119
187 25.01 3 4 119
187 25.01 3 4 119
187 25.01 3 4 119
187 25.01 3 4 119
187 25.01 3 4 119
187 25.01 3 4 119
187 25.01 3 4 119
187 25.01 3 4 119
187 25.01 3 4 119
187 25.01 3 4 119
187 25.01 3 4 119
187 25.01 4 5 119
187 25.01 4 5 119
187 25.01 4 5 119
187 25.01 4 5 119
187 25.01 4 5 119
187 25.01 4 5 119
187 25.01 4 5 119
187 25.01 4 5 119
187 25.01 4 5 119
187 25.01 4 5 119
187 25.01 4 5 119
187 25.01 5 6 119
187 25.01 5 6 119
187 25.01 5 6 119
187 25.01 5 6 119
187 25.01 5 6 119
187 25.01 5 6 119
187 25.01 5 6 119
187 25.01 5 6 119
187 25.01 5 6 119
187 25.01 5 6 119
187 25.01 5 6 119
187 25.01 5 6 119
187 25.01 6 7 119
187 25.01 6 7 119
187 25.01 6 7 119
187 25.01 6 7 119
187 25.01 6 7 119
187 25.01 6 7 119
187 25.01 6 7 119
187 25.01 6 7 119
187 25.01 6 7 119
187 25.01 6 7 119
187 25.01 6 7 119
187 25.01 7 8 119
187 25.01 7 8 119
187 25.01 7 8 119
187 25.01 7 8 119
187 25.01 7 8 119
187 25.01 7 8 119
187 25.01 7 8 119
187 25.01 7 8 119
187 25.01 7 8 119
187 25.01 7 8 119
187 25.01 7 8 119
187 25.01 7 8 119
187 25.01 8 9 119
187 25.01 8 9 119
187 25.01 8 9 119
187 25.01 8 9 119
187 25.01 9 10 119
187 25.01 9 10 119
187 25.01 9 10 119
187 25.01 9 10 119
187 25.01 9 10 119
187 25.01 9 10 119
187 25.01 10 11 119
187 25.01 10 11 119
187 25.01 10 11 119
187 25.01 10 11 119
187 25.01 10 11 119
187 25.01 11 12 119
187 25.01 12 13 119
187 25.01 12 13 119
187 25.01 13 14 119
187 25.01 13 14 119
187 25.01 14 15 119
187 25.01 14 15 119
187 25.01 15 16 119
187 25.01 16 17 119
187 25.01 17 18 119
188 25.01 8 9 5
188 25.01 9 10 5
188 25.01 13 14 5
188 25.01 14 15 5
188 25.01 17 18 5
189 25.01 4 5 97
189 25.01 4 5 97
189 25.01 4 5 97
189 25.01 4 5 97
189 25.01 4 5 97
189 25.01 4 5 97
189 25.01 4 5 97
189 25.01 4 5 97
189 25.01 4 5 97
189 25.01 4 5 97
189 25.01 4 5 97
189 25.01 4 5 97
189 25.01 4 5 97
189 25.01 4 5 97
189 25.01 4 5 97
189 25.01 4 5 97
189 25.01 4 5 97
189 25.01 4 5 97
189 25.01 4 5 97
189 25.01 5 6 97
189 25.01 5 6 97
189 25.01 5 6 97
189 25.01 5 6 97
189 25.01 5 6 97
189 25.01 5 6 97
189 25.01 5 6 97
189 25.01 5 6 97
189 25.01 5 6 97
189 25.01 5 6 97
189 25.01 5 6 97
189 25.01 5 6 97
189 25.01 5 6 97
189 25.01 5 6 97
189 25.01 5 6 97
189 25.01 5 6 97
189 25.01 5 6 97
189 25.01 6 7 97
189 25.01 6 7 97
189 25.01 6 7 97
189 25.01 6 7 97
189 25.01 6 7 97
189 25.01 6 7 97
189 25.01 6 7 97
189 25.01 6 7 97
189 25.01 6 7 97
189 25.01 6 7 97
189 25.01 6 7 97
189 25.01 6 7 97
189 25.01 6 7 97
189 25.01 6 7 97
189 25.01 6 7 97
189 25.01 6 7 97
189 25.01 6 7 97
189 25.01 6 7 97
189 25.01 6 7 97
189 25.01 7 8 97
189 25.01 7 8 97
189 25.01 7 8 97
189 25.01 7 8 97
189 25.01 7 8 97
189 25.01 7 8 97
189 25.01 7 8 97
189 25.01 7 8 97
189 25.01 7 8 97
189 25.01 7 8 97
189 25.01 7 8 97
189 25.01 7 8 97
189 25.01 7 8 97
189 25.01 7 8 97
189 25.01 7 8 97
189 25.01 7 8 97
189 25.01 7 8 97
189 25.01 7 8 97
189 25.01 8 9 97
189 25.01 8 9 97
189 25.01 8 9 97
189 25.01 8 9 97
189 25.01 8 9 97
189 25.01 8 9 97
189 25.01 8 9 97
189 25.01 8 9 97
189 25.01 9 10 97
189 25.01 9 10 97
189 25.01 9 10 97
189 25.01 9 10 97
189 25.01 9 10 97
189 25.01 9 10 97
189 25.01 9 10 97
189 25.01 10 11 97
189 25.01 10 11 97
189 25.01 10 11 97
189 25.01 10 11 97
189 25.01 10 11 97
189 25.01 10 11 97
189 25.01 10 11 97
189 25.01 11 12 97
189 25.01 14 15 97
190 25.01 1 1.01 135
190 25.01 1 1.01 135
190 25.01 1 1.01 135
190 25.01 1 1.01 135
190 25.01 1 1.01 135
190 25.01 1 1.01 135
190 25.01 1 1.01 135
190 25.01 1 1.01 135
190 25.01 1 1.01 135
190 25.01 1 1.01 135
190 25.01 1 1.01 135
190 25.01 1 1.01 135
190 25.01 1 1.01 135
190 25.01 1 1.01 135
190 25.01 1 1.01 135
190 25.01 1 1.01 135
190 25.01 1 1.01 135
190 25.01 1 1.01 135
190 25.01 1 1.01 135
190 25.01 1 1.01 135
190 25.01 1 1.01 135
190 25.01 1 1.01 135
190 25.01 1 1.01 135
190 25.01 1 1.01 135
190 25.01 1 2 135
190 25.01 1 2 135
190 25.01 1 2 135
190 25.01 1 2 135
190 25.01 1 2 135
190 25.01 1 2 135
190 25.01 1 2 135
190 25.01 1 2 135
190 25.01 1 2 135
190 25.01 1 2 135
190 25.01 1 2 135
190 25.01 1 2 135
190 25.01 1 2 135
190 25.01 1 2 135
190 25.01 1 2 135
190 25.01 1 2 135
190 25.01 1 2 135
190 25.01 1 2 135
190 25.01 1 2 135
190 25.01 1 2 135
190 25.01 1 2 135
190 25.01 1 2 135
190 25.01 1 2 135
190 25.01 2 3 135
190 25.01 2 3 135
190 25.01 2 3 135
190 25.01 2 3 135
190 25.01 2 3 135
190 25.01 2 3 135
190 25.01 2 3 135
190 25.01 2 3 135
190 25.01 2 3 135
190 25.01 2 3 135
190 25.01 2 3 135
190 25.01 2 3 135
190 25.01 2 3 135
190 25.01 2 3 135
190 25.01 2 3 135
190 25.01 2 3 135
190 25.01 2 3 135
190 25.01 2 3 135
190 25.01 2 3 135
190 25.01 2 3 135
190 25.01 2 3 135
190 25.01 2 3 135
190 25.01 2 3 135
190 25.01 2 3 135
190 25.01 3 4 135
190 25.01 3 4 135
190 25.01 3 4 135
190 25.01 3 4 135
190 25.01 3 4 135
190 25.01 3 4 135
190 25.01 3 4 135
190 25.01 3 4 135
190 25.01 3 4 135
190 25.01 3 4 135
190 25.01 3 4 135
190 25.01 3 4 135
190 25.01 3 4 135
190 25.01 3 4 135
190 25.01 3 4 135
190 25.01 3 4 135
190 25.01 3 4 135
190 25.01 3 4 135
190 25.01 3 4 135
190 25.01 3 4 135
190 25.01 3 4 135
190 25.01 3 4 135
190 25.01 3 4 135
190 25.01 3 4 135
190 25.01 4 5 135
190 25.01 4 5 135
190 25.01 4 5 135
190 25.01 4 5 135
190 25.01 4 5 135
190 25.01 4 5 135
190 25.01 4 5 135
190 25.01 4 5 135
190 25.01 5 6 135
190 25.01 5 6 135
190 25.01 5 6 135
190 25.01 5 6 135
190 25.01 5 6 135
190 25.01 5 6 135
190 25.01 5 6 135
190 25.01 5 6 135
190 25.01 6 7 135
190 25.01 6 7 135
190 25.01 6 7 135
190 25.01 6 7 135
190 25.01 6 7 135
190 25.01 6 7 135
190 25.01 6 7 135
190 25.01 6 7 135
190 25.01 7 8 135
190 25.01 7 8 135
190 25.01 7 8 135
190 25.01 7 8 135
190 25.01 7 8 135
190 25.01 7 8 135
190 25.01 7 8 135
190 25.01 8 9 135
190 25.01 8 9 135
190 25.01 9 10 135
190 25.01 9 10 135
190 25.01 9 10 135
190 25.01 9 10 135
190 25.01 10 11 135
190 25.01 10 11 135
190 25.01 10 11 135
191 25.01 1 1.01 76
191 25.01 1 1.01 76
191 25.01 1 2 76
191 25.01 1 2 76
191 25.01 2 3 76
191 25.01 2 3 76
191 25.01 2 3 76
191 25.01 2 3 76
191 25.01 3 4 76
191 25.01 3 4 76
191 25.01 3 4 76
191 25.01 3 4 76
191 25.01 4 5 76
191 25.01 4 5 76
191 25.01 4 5 76
191 25.01 4 5 76
191 25.01 4 5 76
191 25.01 4 5 76
191 25.01 4 5 76
191 25.01 4 5 76
191 25.01 4 5 76
191 25.01 4 5 76
191 25.01 4 5 76
191 25.01 4 5 76
191 25.01 5 6 76
191 25.01 5 6 76
191 25.01 5 6 76
191 25.01 5 6 76
191 25.01 5 6 76
191 25.01 5 6 76
191 25.01 5 6 76
191 25.01 5 6 76
191 25.01 5 6 76
191 25.01 5 6 76
191 25.01 5 6 76
191 25.01 5 6 76
191 25.01 5 6 76
191 25.01 6 7 76
191 25.01 6 7 76
191 25.01 6 7 76
191 25.01 6 7 76
191 25.01 6 7 76
191 25.01 6 7 76
191 25.01 6 7 76
191 25.01 6 7 76
191 25.01 6 7 76
191 25.01 6 7 76
191 25.01 6 7 76
191 25.01 7 8 76
191 25.01 7 8 76
191 25.01 7 8 76
191 25.01 7 8 76
191 25.01 7 8 76
191 25.01 7 8 76
191 25.01 7 8 76
191 25.01 7 8 76
191 25.01 7 8 76
191 25.01 7 8 76
191 25.01 7 8 76
191 25.01 7 8 76
191 25.01 8 9 76
191 25.01 8 9 76
191 25.01 8 9 76
191 25.01 8 9 76
191 25.01 8 9 76
191 25.01 9 10 76
191 25.01 9 10 76
191 25.01 9 10 76
191 25.01 9 10 76
191 25.01 9 10 76
191 25.01 10 11 76
191 25.01 10 11 76
191 25.01 10 11 76
191 25.01 10 11 76
191 25.01 15 16 76
191 25.01 16 17 76
192 25.01 1 1.01 135
192 25.01 1 1.01 135
192 25.01 1 1.01 135
192 25.01 1 1.01 135
192 25.01 1 1.01 135
192 25.01 1 1.01 135
192 25.01 1 1.01 135
192 25.01 1 1.01 135
192 25.01 1 1.01 135
192 25.01 1 1.01 135
192 25.01 1 1.01 135
192 25.01 1 1.01 135
192 25.01 1 1.01 135
192 25.01 1 1.01 135
192 25.01 1 1.01 135
192 25.01 1 1.01 135
192 25.01 1 1.01 135
192 25.01 1 1.01 135
192 25.01 1 1.01 135
192 25.01 1 1.01 135
192 25.01 1 1.01 135
192 25.01 1 1.01 135
192 25.01 1 1.01 135
192 25.01 1 1.01 135
192 25.01 1 1.01 135
192 25.01 1 1.01 135
192 25.01 1 1.01 135
192 25.01 1 1.01 135
192 25.01 1 1.01 135
192 25.01 1 1.01 135
192 25.01 1 2 135
192 25.01 1 2 135
192 25.01 1 2 135
192 25.01 1 2 135
192 25.01 1 2 135
192 25.01 1 2 135
192 25.01 1 2 135
192 25.01 1 2 135
192 25.01 1 2 135
192 25.01 1 2 135
192 25.01 1 2 135
192 25.01 1 2 135
192 25.01 1 2 135
192 25.01 1 2 135
192 25.01 1 2 135
192 25.01 1 2 135
192 25.01 1 2 135
192 25.01 1 2 135
192 25.01 1 2 135
192 25.01 1 2 135
192 25.01 1 2 135
192 25.01 1 2 135
192 25.01 1 2 135
192 25.01 1 2 135
192 25.01 1 2 135
192 25.01 1 2 135
192 25.01 1 2 135
192 25.01 1 2 135
192 25.01 1 2 135
192 25.01 1 2 135
192 25.01 2 3 135
192 25.01 2 3 135
192 25.01 2 3 135
192 25.01 2 3 135
192 25.01 2 3 135
192 25.01 2 3 135
192 25.01 2 3 135
192 25.01 2 3 135
192 25.01 2 3 135
192 25.01 2 3 135
192 25.01 2 3 135
192 25.01 2 3 135
192 25.01 2 3 135
192 25.01 2 3 135
192 25.01 2 3 135
192 25.01 2 3 135
192 25.01 2 3 135
192 25.01 2 3 135
192 25.01 2 3 135
192 25.01 2 3 135
192 25.01 2 3 135
192 25.01 2 3 135
192 25.01 2 3 135
192 25.01 2 3 135
192 25.01 2 3 135
192 25.01 2 3 135
192 25.01 2 3 135
192 25.01 3 4 135
192 25.01 3 4 135
192 25.01 3 4 135
192 25.01 3 4 135
192 25.01 3 4 135
192 25.01 3 4 135
192 25.01 3 4 135
192 25.01 3 4 135
192 25.01 3 4 135
192 25.01 3 4 135
192 25.01 3 4 135
192 25.01 3 4 135
192 25.01 3 4 135
192 25.01 3 4 135
192 25.01 3 4 135
192 25.01 3 4 135
192 25.01 3 4 135
192 25.01 3 4 135
192 25.01 3 4 135
192 25.01 3 4 135
192 25.01 3 4 135
192 25.01 3 4 135
192 25.01 3 4 135
192 25.01 3 4 135
192 25.01 3 4 135
192 25.01 3 4 135
192 25.01 3 4 135
192 25.01 3 4 135
192 25.01 3 4 135
192 25.01 3 4 135
192 25.01 4 5 135
192 25.01 4 5 135
192 25.01 4 5 135
192 25.01 4 5 135
192 25.01 5 6 135
192 25.01 5 6 135
192 25.01 5 6 135
192 25.01 6 7 135
192 25.01 6 7 135
192 25.01 6 7 135
192 25.01 6 7 135
192 25.01 6 7 135
192 25.01 7 8 135
192 25.01 7 8 135
192 25.01 7 8 135
192 25.01 7 8 135
192 25.01 7 8 135
192 25.01 8 9 135
193 25.01 1 1.01 35
193 25.01 1 1.01 35
193 25.01 1 1.01 35
193 25.01 1 1.01 35
193 25.01 1 1.01 35
193 25.01 1 2 35
193 25.01 1 2 35
193 25.01 1 2 35
193 25.01 1 2 35
193 25.01 2 3 35
193 25.01 2 3 35
193 25.01 2 3 35
193 25.01 2 3 35
193 25.01 2 3 35
193 25.01 3 4 35
193 25.01 3 4 35
193 25.01 3 4 35
193 25.01 3 4 35
193 25.01 3 4 35
193 25.01 4 5 35
193 25.01 4 5 35
193 25.01 4 5 35
193 25.01 4 5 35
193 25.01 5 6 35
193 25.01 5 6 35
193 25.01 5 6 35
193 25.01 5 6 35
193 25.01 6 7 35
193 25.01 6 7 35
193 25.01 6 7 35
193 25.01 6 7 35
193 25.01 7 8 35
193 25.01 7 8 35
193 25.01 7 8 35
193 25.01 7 8 35
194 25.01 1 1.01 68
194 25.01 1 1.01 68
194 25.01 1 1.01 68
194 25.01 1 1.01 68
194 25.01 1 1.01 68
194 25.01 1 1.01 68
194 25.01 1 1.01 68
194 25.01 1 1.01 68
194 25.01 1 1.01 68
194 25.01 1 2 68
194 25.01 1 2 68
194 25.01 1 2 68
194 25.01 1 2 68
194 25.01 1 2 68
194 25.01 1 2 68
194 25.01 1 2 68
194 25.01 1 2 68
194 25.01 1 2 68
194 25.01 1 2 68
194 25.01 2 3 68
194 25.01 2 3 68
194 25.01 2 3 68
194 25.01 2 3 68
194 25.01 2 3 68
194 25.01 2 3 68
194 25.01 2 3 68
194 25.01 2 3 68
194 25.01 2 3 68
194 25.01 2 3 68
194 25.01 3 4 68
194 25.01 3 4 68
194 25.01 3 4 68
194 25.01 3 4 68
194 25.01 3 4 68
194 25.01 3 4 68
194 25.01 3 4 68
194 25.01 3 4 68
194 25.01 3 4 68
194 25.01 3 4 68
194 25.01 4 5 68
194 25.01 4 5 68
194 25.01 4 5 68
194 25.01 4 5 68
194 25.01 5 6 68
194 25.01 5 6 68
194 25.01 6 7 68
194 25.01 6 7 68
194 25.01 6 7 68
194 25.01 7 8 68
194 25.01 7 8 68
194 25.01 7 8 68
194 25.01 8 9 68
194 25.01 8 9 68
194 25.01 9 10 68
194 25.01 10 11 68
194 25.01 11 12 68
194 25.01 13 14 68
194 25.01 13 14 68
194 25.01 14 15 68
194 25.01 15 16 68
194 25.01 15 16 68
194 25.01 16 17 68
194 25.01 17 18 68
194 25.01 17 18 68
194 25.01 17 18 68
194 25.01 18 19 68
194 25.01 19 20 68
194 25.01 22 23 68
195 25.01 1 1.01 139
195 25.01 1 1.01 139
195 25.01 1 1.01 139
195 25.01 1 1.01 139
195 25.01 1 1.01 139
195 25.01 1 1.01 139
195 25.01 1 1.01 139
195 25.01 1 1.01 139
195 25.01 1 1.01 139
195 25.01 1 1.01 139
195 25.01 1 1.01 139
195 25.01 1 1.01 139
195 25.01 1 1.01 139
195 25.01 1 1.01 139
195 25.01 1 1.01 139
195 25.01 1 1.01 139
195 25.01 1 1.01 139
195 25.01 1 1.01 139
195 25.01 1 1.01 139
195 25.01 1 1.01 139
195 25.01 1 1.01 139
195 25.01 1 1.01 139
195 25.01 1 1.01 139
195 25.01 1 1.01 139
195 25.01 1 1.01 139
195 25.01 1 1.01 139
195 25.01 1 1.01 139
195 25.01 1 2 139
195 25.01 1 2 139
195 25.01 1 2 139
195 25.01 1 2 139
195 25.01 1 2 139
195 25.01 1 2 139
195 25.01 1 2 139
195 25.01 1 2 139
195 25.01 1 2 139
195 25.01 1 2 139
195 25.01 1 2 139
195 25.01 1 2 139
195 25.01 1 2 139
195 25.01 1 2 139
195 25.01 1 2 139
195 25.01 1 2 139
195 25.01 1 2 139
195 25.01 1 2 139
195 25.01 1 2 139
195 25.01 1 2 139
195 25.01 1 2 139
195 25.01 1 2 139
195 25.01 1 2 139
195 25.01 1 2 139
195 25.01 1 2 139
195 25.01 1 2 139
195 25.01 1 2 139
195 25.01 2 3 139
195 25.01 2 3 139
195 25.01 2 3 139
195 25.01 2 3 139
195 25.01 2 3 139
195 25.01 2 3 139
195 25.01 2 3 139
195 25.01 2 3 139
195 25.01 2 3 139
195 25.01 2 3 139
195 25.01 2 3 139
195 25.01 2 3 139
195 25.01 2 3 139
195 25.01 2 3 139
195 25.01 2 3 139
195 25.01 2 3 139
195 25.01 2 3 139
195 25.01 2 3 139
195 25.01 2 3 139
195 25.01 2 3 139
195 25.01 2 3 139
195 25.01 2 3 139
195 25.01 2 3 139
195 25.01 2 3 139
195 25.01 2 3 139
195 25.01 2 3 139
195 25.01 2 3 139
195 25.01 3 4 139
195 25.01 3 4 139
195 25.01 3 4 139
195 25.01 3 4 139
195 25.01 3 4 139
195 25.01 3 4 139
195 25.01 3 4 139
195 25.01 3 4 139
195 25.01 3 4 139
195 25.01 3 4 139
195 25.01 3 4 139
195 25.01 3 4 139
195 25.01 3 4 139
195 25.01 3 4 139
195 25.01 3 4 139
195 25.01 3 4 139
195 25.01 3 4 139
195 25.01 3 4 139
195 25.01 3 4 139
195 25.01 3 4 139
195 25.01 3 4 139
195 25.01 3 4 139
195 25.01 3 4 139
195 25.01 3 4 139
195 25.01 3 4 139
195 25.01 3 4 139
195 25.01 3 4 139
195 25.01 3 4 139
195 25.01 4 5 139
195 25.01 4 5 139
195 25.01 4 5 139
195 25.01 4 5 139
195 25.01 4 5 139
195 25.01 4 5 139
195 25.01 4 5 139
195 25.01 4 5 139
195 25.01 5 6 139
195 25.01 5 6 139
195 25.01 5 6 139
195 25.01 5 6 139
195 25.01 5 6 139
195 25.01 5 6 139
195 25.01 5 6 139
195 25.01 6 7 139
195 25.01 6 7 139
195 25.01 6 7 139
195 25.01 6 7 139
195 25.01 6 7 139
195 25.01 6 7 139
195 25.01 6 7 139
195 25.01 7 8 139
195 25.01 7 8 139
195 25.01 7 8 139
195 25.01 7 8 139
195 25.01 7 8 139
195 25.01 7 8 139
195 25.01 7 8 139
195 25.01 7 8 139
196 25.01 4 5 11
196 25.01 4 5 11
196 25.01 5 6 11
196 25.01 6 7 11
196 25.01 6 7 11
196 25.01 7 8 11
196 25.01 7 8 11
196 25.01 7 8 11
196 25.01 8 9 11
196 25.01 8 9 11
196 25.01 9 10 11
197 25.01 1 1.01 129
197 25.01 1 1.01 129
197 25.01 1 1.01 129
197 25.01 1 1.01 129
197 25.01 1 1.01 129
197 25.01 1 1.01 129
197 25.01 1 1.01 129
197 25.01 1 1.01 129
197 25.01 1 1.01 129
197 25.01 1 1.01 129
197 25.01 1 1.01 129
197 25.01 1 1.01 129
197 25.01 1 1.01 129
197 25.01 1 1.01 129
197 25.01 1 1.01 129
197 25.01 1 1.01 129
197 25.01 1 1.01 129
197 25.01 1 1.01 129
197 25.01 1 1.01 129
197 25.01 1 1.01 129
197 25.01 1 1.01 129
197 25.01 1 1.01 129
197 25.01 1 1.01 129
197 25.01 1 1.01 129
197 25.01 1 1.01 129
197 25.01 1 1.01 129
197 25.01 1 1.01 129
197 25.01 1 2 129
197 25.01 1 2 129
197 25.01 1 2 129
197 25.01 1 2 129
197 25.01 1 2 129
197 25.01 1 2 129
197 25.01 1 2 129
197 25.01 1 2 129
197 25.01 1 2 129
197 25.01 1 2 129
197 25.01 1 2 129
197 25.01 1 2 129
197 25.01 1 2 129
197 25.01 1 2 129
197 25.01 1 2 129
197 25.01 1 2 129
197 25.01 1 2 129
197 25.01 1 2 129
197 25.01 1 2 129
197 25.01 1 2 129
197 25.01 1 2 129
197 25.01 1 2 129
197 25.01 1 2 129
197 25.01 1 2 129
197 25.01 1 2 129
197 25.01 1 2 129
197 25.01 2 3 129
197 25.01 2 3 129
197 25.01 2 3 129
197 25.01 2 3 129
197 25.01 2 3 129
197 25.01 2 3 129
197 25.01 2 3 129
197 25.01 2 3 129
197 25.01 2 3 129
197 25.01 2 3 129
197 25.01 2 3 129
197 25.01 2 3 129
197 25.01 2 3 129
197 25.01 2 3 129
197 25.01 2 3 129
197 25.01 2 3 129
197 25.01 2 3 129
197 25.01 2 3 129
197 25.01 2 3 129
197 25.01 2 3 129
197 25.01 2 3 129
197 25.01 2 3 129
197 25.01 2 3 129
197 25.01 2 3 129
197 25.01 2 3 129
197 25.01 2 3 129
197 25.01 3 4 129
197 25.01 3 4 129
197 25.01 3 4 129
197 25.01 3 4 129
197 25.01 3 4 129
197 25.01 3 4 129
197 25.01 3 4 129
197 25.01 3 4 129
197 25.01 3 4 129
197 25.01 3 4 129
197 25.01 3 4 129
197 25.01 3 4 129
197 25.01 3 4 129
197 25.01 3 4 129
197 25.01 3 4 129
197 25.01 3 4 129
197 25.01 3 4 129
197 25.01 3 4 129
197 25.01 3 4 129
197 25.01 3 4 129
197 25.01 3 4 129
197 25.01 3 4 129
197 25.01 3 4 129
197 25.01 3 4 129
197 25.01 3 4 129
197 25.01 3 4 129
197 25.01 3 4 129
197 25.01 4 5 129
197 25.01 4 5 129
197 25.01 4 5 129
197 25.01 4 5 129
197 25.01 4 5 129
197 25.01 4 5 129
197 25.01 5 6 129
197 25.01 5 6 129
197 25.01 5 6 129
197 25.01 5 6 129
197 25.01 5 6 129
197 25.01 5 6 129
197 25.01 6 7 129
197 25.01 6 7 129
197 25.01 6 7 129
197 25.01 6 7 129
197 25.01 6 7 129
197 25.01 6 7 129
197 25.01 7 8 129
197 25.01 7 8 129
197 25.01 7 8 129
197 25.01 7 8 129
197 25.01 7 8 129
198 25.01 1 1.01 86
198 25.01 1 1.01 86
198 25.01 1 1.01 86
198 25.01 1 1.01 86
198 25.01 1 1.01 86
198 25.01 1 1.01 86
198 25.01 1 1.01 86
198 25.01 1 1.01 86
198 25.01 1 1.01 86
198 25.01 1 1.01 86
198 25.01 1 1.01 86
198 25.01 1 1.01 86
198 25.01 1 1.01 86
198 25.01 1 1.01 86
198 25.01 1 1.01 86
198 25.01 1 2 86
198 25.01 1 2 86
198 25.01 1 2 86
198 25.01 1 2 86
198 25.01 1 2 86
198 25.01 1 2 86
198 25.01 1 2 86
198 25.01 1 2 86
198 25.01 1 2 86
198 25.01 1 2 86
198 25.01 1 2 86
198 25.01 1 2 86
198 25.01 1 2 86
198 25.01 2 3 86
198 25.01 2 3 86
198 25.01 2 3 86
198 25.01 2 3 86
198 25.01 2 3 86
198 25.01 2 3 86
198 25.01 2 3 86
198 25.01 2 3 86
198 25.01 2 3 86
198 25.01 2 3 86
198 25.01 2 3 86
198 25.01 2 3 86
198 25.01 2 3 86
198 25.01 2 3 86
198 25.01 2 3 86
198 25.01 2 3 86
198 25.01 3 4 86
198 25.01 3 4 86
198 25.01 3 4 86
198 25.01 3 4 86
198 25.01 3 4 86
198 25.01 3 4 86
198 25.01 3 4 86
198 25.01 3 4 86
198 25.01 3 4 86
198 25.01 3 4 86
198 25.01 3 4 86
198 25.01 3 4 86
198 25.01 3 4 86
198 25.01 3 4 86
198 25.01 3 4 86
198 25.01 3 4 86
198 25.01 4 5 86
198 25.01 4 5 86
198 25.01 4 5 86
198 25.01 4 5 86
198 25.01 4 5 86
198 25.01 4 5 86
198 25.01 4 5 86
198 25.01 5 6 86
198 25.01 5 6 86
198 25.01 5 6 86
198 25.01 5 6 86
198 25.01 5 6 86
198 25.01 6 7 86
198 25.01 6 7 86
198 25.01 6 7 86
198 25.01 6 7 86
198 25.01 6 7 86
198 25.01 6 7 86
198 25.01 6 7 86
198 25.01 7 8 86
198 25.01 7 8 86
198 25.01 7 8 86
198 25.01 7 8 86
198 25.01 7 8 86
198 25.01 7 8 86
198 25.01 7 8 86
199 25.01 1 1.01 34
199 25.01 1 1.01 34
199 25.01 1 1.01 34
199 25.01 1 1.01 34
199 25.01 1 1.01 34
199 25.01 1 1.01 34
199 25.01 1 1.01 34
199 25.01 1 1.01 34
199 25.01 1 1.01 34
199 25.01 1 2 34
199 25.01 1 2 34
199 25.01 1 2 34
199 25.01 1 2 34
199 25.01 1 2 34
199 25.01 1 2 34
199 25.01 1 2 34
199 25.01 1 2 34
199 25.01 1 2 34
199 25.01 2 3 34
199 25.01 2 3 34
199 25.01 2 3 34
199 25.01 2 3 34
199 25.01 2 3 34
199 25.01 2 3 34
199 25.01 2 3 34
199 25.01 2 3 34
199 25.01 3 4 34
199 25.01 3 4 34
199 25.01 3 4 34
199 25.01 3 4 34
199 25.01 3 4 34
199 25.01 3 4 34
199 25.01 3 4 34
199 25.01 3 4 34
200 25.01 6 7 31
200 25.01 8 9 31
200 25.01 9 10 31
200 25.01 10 11 31
200 25.01 11 12 31
200 25.01 11 12 31
200 25.01 11 12 31
200 25.01 12 13 31
200 25.01 12 13 31
200 25.01 12 13 31
200 25.01 13 14 31
200 25.01 13 14 31
200 25.01 13 14 31
200 25.01 13 14 31
200 25.01 14 15 31
200 25.01 14 15 31
200 25.01 14 15 31
200 25.01 15 16 31
200 25.01 15 16 31
200 25.01 15 16 31
200 25.01 16 17 31
200 25.01 16 17 31
200 25.01 16 17 31
200 25.01 17 18 31
200 25.01 17 18 31
200 25.01 17 18 31
200 25.01 17 18 31
200 25.01 19 20 31
200 25.01 20 21 31
200 25.01 21 22 31
200 25.01 21 22 31
201 25.01 1 1.01 7
201 25.01 1 2 7
201 25.01 2 3 7
201 25.01 2 3 7
201 25.01 3 4 7
201 25.01 4 5 7
201 25.01 6 7 7
202 25.01 1 1.01 25
202 25.01 8 9 25
202 25.01 8 9 25
202 25.01 9 10 25
202 25.01 9 10 25
202 25.01 10 11 25
202 25.01 10 11 25
202 25.01 10 11 25
202 25.01 11 12 25
202 25.01 11 12 25
202 25.01 11 12 25
202 25.01 12 13 25
202 25.01 12 13 25
202 25.01 13 14 25
202 25.01 13 14 25
202 25.01 13 14 25
202 25.01 14 15 25
202 25.01 14 15 25
202 25.01 14 15 25
202 25.01 18 19 25
202 25.01 18 19 25
202 25.01 19 20 25
202 25.01 20 21 25
202 25.01 20 21 25
202 25.01 21 22 25
203 25.01 1 2 70
203 25.01 1 2 70
203 25.01 2 3 70
203 25.01 3 4 70
203 25.01 3 4 70
203 25.01 4 5 70
203 25.01 4 5 70
203 25.01 4 5 70
203 25.01 4 5 70
203 25.01 4 5 70
203 25.01 4 5 70
203 25.01 5 6 70
203 25.01 5 6 70
203 25.01 5 6 70
203 25.01 5 6 70
203 25.01 5 6 70
203 25.01 5 6 70
203 25.01 6 7 70
203 25.01 6 7 70
203 25.01 6 7 70
203 25.01 6 7 70
203 25.01 6 7 70
203 25.01 7 8 70
203 25.01 7 8 70
203 25.01 7 8 70
203 25.01 7 8 70
203 25.01 7 8 70
203 25.01 8 9 70
203 25.01 8 9 70
203 25.01 8 9 70
203 25.01 8 9 70
203 25.01 8 9 70
203 25.01 8 9 70
203 25.01 8 9 70
203 25.01 8 9 70
203 25.01 8 9 70
203 25.01 9 10 70
203 25.01 9 10 70
203 25.01 9 10 70
203 25.01 9 10 70
203 25.01 9 10 70
203 25.01 9 10 70
203 25.01 9 10 70
203 25.01 9 10 70
203 25.01 10 11 70
203 25.01 10 11 70
203 25.01 10 11 70
203 25.01 10 11 70
203 25.01 10 11 70
203 25.01 10 11 70
203 25.01 10 11 70
203 25.01 10 11 70
203 25.01 10 11 70
203 25.01 10 11 70
203 25.01 11 12 70
203 25.01 11 12 70
203 25.01 11 12 70
203 25.01 11 12 70
203 25.01 12 13 70
203 25.01 12 13 70
203 25.01 13 14 70
203 25.01 13 14 70
203 25.01 14 15 70
203 25.01 14 15 70
203 25.01 14 15 70
203 25.01 14 15 70
203 25.01 15 16 70
203 25.01 15 16 70
203 25.01 16 17 70
203 25.01 17 18 70
204 25.01 1 1.01 44
204 25.01 1 1.01 44
204 25.01 1 1.01 44
204 25.01 1 1.01 44
204 25.01 1 1.01 44
204 25.01 1 1.01 44
204 25.01 1 1.01 44
204 25.01 1 1.01 44
204 25.01 1 1.01 44
204 25.01 1 1.01 44
204 25.01 1 2 44
204 25.01 1 2 44
204 25.01 1 2 44
204 25.01 1 2 44
204 25.01 1 2 44
204 25.01 1 2 44
204 25.01 1 2 44
204 25.01 1 2 44
204 25.01 1 2 44
204 25.01 1 2 44
204 25.01 2 3 44
204 25.01 2 3 44
204 25.01 2 3 44
204 25.01 2 3 44
204 25.01 2 3 44
204 25.01 2 3 44
204 25.01 2 3 44
204 25.01 2 3 44
204 25.01 2 3 44
204 25.01 2 3 44
204 25.01 3 4 44
204 25.01 3 4 44
204 25.01 3 4 44
204 25.01 3 4 44
204 25.01 3 4 44
204 25.01 3 4 44
204 25.01 3 4 44
204 25.01 3 4 44
204 25.01 3 4 44
204 25.01 3 4 44
204 25.01 4 5 44
204 25.01 5 6 44
204 25.01 5 6 44
204 25.01 7 8 44
205 25.01 1 1.01 99
205 25.01 1 1.01 99
205 25.01 1 1.01 99
205 25.01 1 1.01 99
205 25.01 1 1.01 99
205 25.01 1 1.01 99
205 25.01 1 1.01 99
205 25.01 1 1.01 99
205 25.01 1 1.01 99
205 25.01 1 1.01 99
205 25.01 1 1.01 99
205 25.01 1 1.01 99
205 25.01 1 1.01 99
205 25.01 1 1.01 99
205 25.01 1 1.01 99
205 25.01 1 1.01 99
205 25.01 1 1.01 99
205 25.01 1 1.01 99
205 25.01 1 1.01 99
205 25.01 1 1.01 99
205 25.01 1 1.01 99
205 25.01 1 1.01 99
205 25.01 1 1.01 99
205 25.01 1 1.01 99
205 25.01 1 1.01 99
205 25.01 1 2 99
205 25.01 1 2 99
205 25.01 1 2 99
205 25.01 1 2 99
205 25.01 1 2 99
205 25.01 1 2 99
205 25.01 1 2 99
205 25.01 1 2 99
205 25.01 1 2 99
205 25.01 1 2 99
205 25.01 1 2 99
205 25.01 1 2 99
205 25.01 1 2 99
205 25.01 1 2 99
205 25.01 1 2 99
205 25.01 1 2 99
205 25.01 1 2 99
205 25.01 1 2 99
205 25.01 1 2 99
205 25.01 1 2 99
205 25.01 1 2 99
205 25.01 1 2 99
205 25.01 1 2 99
205 25.01 1 2 99
205 25.01 1 2 99
205 25.01 2 3 99
205 25.01 2 3 99
205 25.01 2 3 99
205 25.01 2 3 99
205 25.01 2 3 99
205 25.01 2 3 99
205 25.01 2 3 99
205 25.01 2 3 99
205 25.01 2 3 99
205 25.01 2 3 99
205 25.01 2 3 99
205 25.01 2 3 99
205 25.01 2 3 99
205 25.01 2 3 99
205 25.01 2 3 99
205 25.01 2 3 99
205 25.01 2 3 99
205 25.01 2 3 99
205 25.01 2 3 99
205 25.01 2 3 99
205 25.01 2 3 99
205 25.01 2 3 99
205 25.01 2 3 99
205 25.01 2 3 99
205 25.01 2 3 99
205 25.01 3 4 99
205 25.01 3 4 99
205 25.01 3 4 99
205 25.01 3 4 99
205 25.01 3 4 99
205 25.01 3 4 99
205 25.01 3 4 99
205 25.01 3 4 99
205 25.01 3 4 99
205 25.01 3 4 99
205 25.01 3 4 99
205 25.01 3 4 99
205 25.01 3 4 99
205 25.01 3 4 99
205 25.01 3 4 99
205 25.01 3 4 99
205 25.01 3 4 99
205 25.01 3 4 99
205 25.01 3 4 99
205 25.01 3 4 99
205 25.01 3 4 99
205 25.01 3 4 99
205 25.01 3 4 99
205 25.01 3 4 99
206 25.01 1 1.01 68
206 25.01 1 1.01 68
206 25.01 1 1.01 68
206 25.01 1 1.01 68
206 25.01 1 1.01 68
206 25.01 1 1.01 68
206 25.01 1 1.01 68
206 25.01 1 1.01 68
206 25.01 1 1.01 68
206 25.01 1 1.01 68
206 25.01 1 1.01 68
206 25.01 1 1.01 68
206 25.01 1 1.01 68
206 25.01 1 2 68
206 25.01 1 2 68
206 25.01 1 2 68
206 25.01 1 2 68
206 25.01 1 2 68
206 25.01 1 2 68
206 25.01 1 2 68
206 25.01 1 2 68
206 25.01 1 2 68
206 25.01 1 2 68
206 25.01 1 2 68
206 25.01 1 2 68
206 25.01 1 2 68
206 25.01 2 3 68
206 25.01 2 3 68
206 25.01 2 3 68
206 25.01 2 3 68
206 25.01 2 3 68
206 25.01 2 3 68
206 25.01 2 3 68
206 25.01 2 3 68
206 25.01 2 3 68
206 25.01 2 3 68
206 25.01 2 3 68
206 25.01 3 4 68
206 25.01 3 4 68
206 25.01 3 4 68
206 25.01 3 4 68
206 25.01 3 4 68
206 25.01 3 4 68
206 25.01 3 4 68
206 25.01 3 4 68
206 25.01 3 4 68
206 25.01 3 4 68
206 25.01 3 4 68
206 25.01 3 4 68
206 25.01 3 4 68
206 25.01 4 5 68
206 25.01 4 5 68
206 25.01 4 5 68
206 25.01 4 5 68
206 25.01 5 6 68
206 25.01 5 6 68
206 25.01 5 6 68
206 25.01 5 6 68
206 25.01 5 6 68
206 25.01 6 7 68
206 25.01 6 7 68
206 25.01 6 7 68
206 25.01 6 7 68
206 25.01 6 7 68
206 25.01 7 8 68
206 25.01 7 8 68
206 25.01 7 8 68
206 25.01 7 8 68
207 25.01 4 5 52
207 25.01 4 5 52
207 25.01 4 5 52
207 25.01 4 5 52
207 25.01 4 5 52
207 25.01 4 5 52
207 25.01 4 5 52
207 25.01 5 6 52
207 25.01 5 6 52
207 25.01 5 6 52
207 25.01 5 6 52
207 25.01 5 6 52
207 25.01 5 6 52
207 25.01 5 6 52
207 25.01 5 6 52
207 25.01 5 6 52
207 25.01 6 7 52
207 25.01 6 7 52
207 25.01 6 7 52
207 25.01 6 7 52
207 25.01 6 7 52
207 25.01 6 7 52
207 25.01 6 7 52
207 25.01 6 7 52
207 25.01 7 8 52
207 25.01 7 8 52
207 25.01 7 8 52
207 25.01 7 8 52
207 25.01 7 8 52
207 25.01 7 8 52
207 25.01 7 8 52
207 25.01 7 8 52
207 25.01 8 9 52
207 25.01 8 9 52
207 25.01 8 9 52
207 25.01 8 9 52
207 25.01 8 9 52
207 25.01 8 9 52
207 25.01 8 9 52
207 25.01 9 10 52
207 25.01 9 10 52
207 25.01 9 10 52
207 25.01 9 10 52
207 25.01 9 10 52
207 25.01 9 10 52
207 25.01 10 11 52
207 25.01 10 11 52
207 25.01 10 11 52
207 25.01 10 11 52
207 25.01 10 11 52
207 25.01 10 11 52
207 25.01 10 11 52
208 25.01 1 1.01 188
208 25.01 1 1.01 188
208 25.01 1 1.01 188
208 25.01 1 1.01 188
208 25.01 1 1.01 188
208 25.01 1 1.01 188
208 25.01 1 1.01 188
208 25.01 1 1.01 188
208 25.01 1 1.01 188
208 25.01 1 1.01 188
208 25.01 1 1.01 188
208 25.01 1 1.01 188
208 25.01 1 1.01 188
208 25.01 1 1.01 188
208 25.01 1 1.01 188
208 25.01 1 1.01 188
208 25.01 1 2 188
208 25.01 1 2 188
208 25.01 1 2 188
208 25.01 1 2 188
208 25.01 1 2 188
208 25.01 1 2 188
208 25.01 1 2 188
208 25.01 1 2 188
208 25.01 1 2 188
208 25.01 1 2 188
208 25.01 1 2 188
208 25.01 1 2 188
208 25.01 1 2 188
208 25.01 1 2 188
208 25.01 1 2 188
208 25.01 1 2 188
208 25.01 2 3 188
208 25.01 2 3 188
208 25.01 2 3 188
208 25.01 2 3 188
208 25.01 2 3 188
208 25.01 2 3 188
208 25.01 2 3 188
208 25.01 2 3 188
208 25.01 2 3 188
208 25.01 2 3 188
208 25.01 2 3 188
208 25.01 2 3 188
208 25.01 2 3 188
208 25.01 2 3 188
208 25.01 2 3 188
208 25.01 2 3 188
208 25.01 3 4 188
208 25.01 3 4 188
208 25.01 3 4 188
208 25.01 3 4 188
208 25.01 3 4 188
208 25.01 3 4 188
208 25.01 3 4 188
208 25.01 3 4 188
208 25.01 3 4 188
208 25.01 3 4 188
208 25.01 3 4 188
208 25.01 3 4 188
208 25.01 3 4 188
208 25.01 3 4 188
208 25.01 3 4 188
208 25.01 3 4 188
208 25.01 4 5 188
208 25.01 4 5 188
208 25.01 4 5 188
208 25.01 4 5 188
208 25.01 4 5 188
208 25.01 4 5 188
208 25.01 4 5 188
208 25.01 4 5 188
208 25.01 4 5 188
208 25.01 4 5 188
208 25.01 4 5 188
208 25.01 4 5 188
208 25.01 4 5 188
208 25.01 4 5 188
208 25.01 4 5 188
208 25.01 4 5 188
208 25.01 5 6 188
208 25.01 5 6 188
208 25.01 5 6 188
208 25.01 5 6 188
208 25.01 5 6 188
208 25.01 5 6 188
208 25.01 5 6 188
208 25.01 5 6 188
208 25.01 5 6 188
208 25.01 5 6 188
208 25.01 5 6 188
208 25.01 5 6 188
208 25.01 5 6 188
208 25.01 5 6 188
208 25.01 5 6 188
208 25.01 5 6 188
208 25.01 5 6 188
208 25.01 6 7 188
208 25.01 6 7 188
208 25.01 6 7 188
208 25.01 6 7 188
208 25.01 6 7 188
208 25.01 6 7 188
208 25.01 6 7 188
208 25.01 6 7 188
208 25.01 6 7 188
208 25.01 6 7 188
208 25.01 6 7 188
208 25.01 6 7 188
208 25.01 6 7 188
208 25.01 6 7 188
208 25.01 6 7 188
208 25.01 6 7 188
208 25.01 7 8 188
208 25.01 7 8 188
208 25.01 7 8 188
208 25.01 7 8 188
208 25.01 7 8 188
208 25.01 7 8 188
208 25.01 7 8 188
208 25.01 7 8 188
208 25.01 7 8 188
208 25.01 7 8 188
208 25.01 7 8 188
208 25.01 7 8 188
208 25.01 7 8 188
208 25.01 7 8 188
208 25.01 7 8 188
208 25.01 7 8 188
208 25.01 7 8 188
208 25.01 8 9 188
208 25.01 8 9 188
208 25.01 8 9 188
208 25.01 8 9 188
208 25.01 8 9 188
208 25.01 8 9 188
208 25.01 8 9 188
208 25.01 8 9 188
208 25.01 8 9 188
208 25.01 8 9 188
208 25.01 9 10 188
208 25.01 9 10 188
208 25.01 9 10 188
208 25.01 9 10 188
208 25.01 9 10 188
208 25.01 9 10 188
208 25.01 9 10 188
208 25.01 9 10 188
208 25.01 9 10 188
208 25.01 10 11 188
208 25.01 10 11 188
208 25.01 10 11 188
208 25.01 10 11 188
208 25.01 10 11 188
208 25.01 10 11 188
208 25.01 10 11 188
208 25.01 10 11 188
208 25.01 10 11 188
208 25.01 11 12 188
208 25.01 11 12 188
208 25.01 11 12 188
208 25.01 11 12 188
208 25.01 12 13 188
208 25.01 12 13 188
208 25.01 12 13 188
208 25.01 12 13 188
208 25.01 13 14 188
208 25.01 13 14 188
208 25.01 13 14 188
208 25.01 14 15 188
208 25.01 14 15 188
208 25.01 14 15 188
208 25.01 14 15 188
208 25.01 15 16 188
208 25.01 15 16 188
208 25.01 16 17 188
208 25.01 16 17 188
208 25.01 17 18 188
208 25.01 17 18 188
208 25.01 18 19 188
208 25.01 18 19 188
208 25.01 19 20 188
208 25.01 19 20 188
208 25.01 20 21 188
208 25.01 20 21 188
208 25.01 20 21 188
208 25.01 21 22 188
208 25.01 21 22 188
209 25.01 1 1.01 102
209 25.01 1 1.01 102
209 25.01 1 1.01 102
209 25.01 1 1.01 102
209 25.01 1 1.01 102
209 25.01 1 1.01 102
209 25.01 1 1.01 102
209 25.01 1 1.01 102
209 25.01 1 1.01 102
209 25.01 1 2 102
209 25.01 1 2 102
209 25.01 1 2 102
209 25.01 1 2 102
209 25.01 1 2 102
209 25.01 1 2 102
209 25.01 1 2 102
209 25.01 1 2 102
209 25.01 1 2 102
209 25.01 1 2 102
209 25.01 2 3 102
209 25.01 2 3 102
209 25.01 2 3 102
209 25.01 2 3 102
209 25.01 2 3 102
209 25.01 2 3 102
209 25.01 2 3 102
209 25.01 2 3 102
209 25.01 2 3 102
209 25.01 2 3 102
209 25.01 3 4 102
209 25.01 3 4 102
209 25.01 3 4 102
209 25.01 3 4 102
209 25.01 3 4 102
209 25.01 3 4 102
209 25.01 3 4 102
209 25.01 3 4 102
209 25.01 3 4 102
209 25.01 4 5 102
209 25.01 4 5 102
209 25.01 4 5 102
209 25.01 4 5 102
209 25.01 4 5 102
209 25.01 4 5 102
209 25.01 4 5 102
209 25.01 5 6 102
209 25.01 5 6 102
209 25.01 5 6 102
209 25.01 5 6 102
209 25.01 5 6 102
209 25.01 5 6 102
209 25.01 6 7 102
209 25.01 6 7 102
209 25.01 6 7 102
209 25.01 6 7 102
209 25.01 6 7 102
209 25.01 6 7 102
209 25.01 6 7 102
209 25.01 7 8 102
209 25.01 7 8 102
209 25.01 7 8 102
209 25.01 7 8 102
209 25.01 7 8 102
209 25.01 7 8 102
209 25.01 7 8 102
209 25.01 8 9 102
209 25.01 8 9 102
209 25.01 8 9 102
209 25.01 8 9 102
209 25.01 8 9 102
209 25.01 8 9 102
209 25.01 8 9 102
209 25.01 9 10 102
209 25.01 9 10 102
209 25.01 9 10 102
209 25.01 9 10 102
209 25.01 9 10 102
209 25.01 9 10 102
209 25.01 10 11 102
209 25.01 10 11 102
209 25.01 10 11 102
209 25.01 10 11 102
209 25.01 10 11 102
209 25.01 10 11 102
209 25.01 10 11 102
209 25.01 11 12 102
209 25.01 11 12 102
209 25.01 12 13 102
209 25.01 12 13 102
209 25.01 13 14 102
209 25.01 13 14 102
209 25.01 13 14 102
209 25.01 14 15 102
209 25.01 14 15 102
209 25.01 15 16 102
209 25.01 15 16 102
209 25.01 16 17 102
209 25.01 16 17 102
209 25.01 17 18 102
209 25.01 18 19 102
209 25.01 20 21 102
209 25.01 21 22 102
210 25.01 1 1.01 99
210 25.01 1 1.01 99
210 25.01 1 1.01 99
210 25.01 1 1.01 99
210 25.01 1 1.01 99
210 25.01 1 1.01 99
210 25.01 1 1.01 99
210 25.01 1 1.01 99
210 25.01 1 1.01 99
210 25.01 1 1.01 99
210 25.01 1 1.01 99
210 25.01 1 1.01 99
210 25.01 1 1.01 99
210 25.01 1 1.01 99
210 25.01 1 1.01 99
210 25.01 1 1.01 99
210 25.01 1 1.01 99
210 25.01 1 1.01 99
210 25.01 1 1.01 99
210 25.01 1 2 99
210 25.01 1 2 99
210 25.01 1 2 99
210 25.01 1 2 99
210 25.01 1 2 99
210 25.01 1 2 99
210 25.01 1 2 99
210 25.01 1 2 99
210 25.01 1 2 99
210 25.01 1 2 99
210 25.01 1 2 99
210 25.01 1 2 99
210 25.01 1 2 99
210 25.01 1 2 99
210 25.01 1 2 99
210 25.01 1 2 99
210 25.01 1 2 99
210 25.01 1 2 99
210 25.01 2 3 99
210 25.01 2 3 99
210 25.01 2 3 99
210 25.01 2 3 99
210 25.01 2 3 99
210 25.01 2 3 99
210 25.01 2 3 99
210 25.01 2 3 99
210 25.01 2 3 99
210 25.01 2 3 99
210 25.01 2 3 99
210 25.01 2 3 99
210 25.01 2 3 99
210 25.01 2 3 99
210 25.01 2 3 99
210 25.01 2 3 99
210 25.01 2 3 99
210 25.01 3 4 99
210 25.01 3 4 99
210 25.01 3 4 99
210 25.01 3 4 99
210 25.01 3 4 99
210 25.01 3 4 99
210 25.01 3 4 99
210 25.01 3 4 99
210 25.01 3 4 99
210 25.01 3 4 99
210 25.01 3 4 99
210 25.01 3 4 99
210 25.01 3 4 99
210 25.01 3 4 99
210 25.01 3 4 99
210 25.01 3 4 99
210 25.01 3 4 99
210 25.01 3 4 99
210 25.01 4 5 99
210 25.01 4 5 99
210 25.01 4 5 99
210 25.01 5 6 99
210 25.01 5 6 99
210 25.01 5 6 99
210 25.01 6 7 99
210 25.01 6 7 99
210 25.01 6 7 99
210 25.01 7 8 99
210 25.01 7 8 99
210 25.01 8 9 99
210 25.01 9 10 99
210 25.01 9 10 99
210 25.01 10 11 99
210 25.01 10 11 99
210 25.01 11 12 99
210 25.01 11 12 99
210 25.01 12 13 99
210 25.01 13 14 99
210 25.01 14 15 99
210 25.01 14 15 99
210 25.01 15 16 99
210 25.01 16 17 99
210 25.01 17 18 99
210 25.01 26 27 99
210 25.01 27 28 99
211 25.01 1 1.01 59
211 25.01 1 1.01 59
211 25.01 1 1.01 59
211 25.01 1 1.01 59
211 25.01 1 1.01 59
211 25.01 1 1.01 59
211 25.01 1 1.01 59
211 25.01 1 1.01 59
211 25.01 1 1.01 59
211 25.01 1 1.01 59
211 25.01 1 2 59
211 25.01 1 2 59
211 25.01 1 2 59
211 25.01 1 2 59
211 25.01 1 2 59
211 25.01 1 2 59
211 25.01 1 2 59
211 25.01 1 2 59
211 25.01 1 2 59
211 25.01 1 2 59
211 25.01 1 2 59
211 25.01 1 2 59
211 25.01 1 2 59
211 25.01 2 3 59
211 25.01 2 3 59
211 25.01 2 3 59
211 25.01 2 3 59
211 25.01 2 3 59
211 25.01 2 3 59
211 25.01 2 3 59
211 25.01 2 3 59
211 25.01 2 3 59
211 25.01 2 3 59
211 25.01 2 3 59
211 25.01 2 3 59
211 25.01 2 3 59
211 25.01 3 4 59
211 25.01 3 4 59
211 25.01 3 4 59
211 25.01 3 4 59
211 25.01 3 4 59
211 25.01 3 4 59
211 25.01 3 4 59
211 25.01 3 4 59
211 25.01 3 4 59
211 25.01 3 4 59
211 25.01 3 4 59
211 25.01 3 4 59
211 25.01 4 5 59
211 25.01 4 5 59
211 25.01 4 5 59
211 25.01 5 6 59
211 25.01 5 6 59
211 25.01 5 6 59
211 25.01 6 7 59
211 25.01 6 7 59
211 25.01 7 8 59
211 25.01 7 8 59
211 25.01 7 8 59
212 25.01 1 1.01 62
212 25.01 1 1.01 62
212 25.01 1 1.01 62
212 25.01 1 1.01 62
212 25.01 1 1.01 62
212 25.01 1 2 62
212 25.01 1 2 62
212 25.01 1 2 62
212 25.01 1 2 62
212 25.01 1 2 62
212 25.01 1 2 62
212 25.01 1 2 62
212 25.01 2 3 62
212 25.01 2 3 62
212 25.01 2 3 62
212 25.01 2 3 62
212 25.01 2 3 62
212 25.01 2 3 62
212 25.01 3 4 62
212 25.01 3 4 62
212 25.01 3 4 62
212 25.01 3 4 62
212 25.01 3 4 62
212 25.01 3 4 62
212 25.01 3 4 62
212 25.01 4 5 62
212 25.01 4 5 62
212 25.01 4 5 62
212 25.01 4 5 62
212 25.01 4 5 62
212 25.01 5 6 62
212 25.01 5 6 62
212 25.01 5 6 62
212 25.01 5 6 62
212 25.01 5 6 62
212 25.01 5 6 62
212 25.01 6 7 62
212 25.01 6 7 62
212 25.01 6 7 62
212 25.01 6 7 62
212 25.01 6 7 62
212 25.01 7 8 62
212 25.01 7 8 62
212 25.01 7 8 62
212 25.01 7 8 62
212 25.01 7 8 62
212 25.01 7 8 62
212 25.01 8 9 62
212 25.01 8 9 62
212 25.01 8 9 62
212 25.01 9 10 62
212 25.01 9 10 62
212 25.01 9 10 62
212 25.01 10 11 62
212 25.01 10 11 62
212 25.01 10 11 62
212 25.01 10 11 62
212 25.01 11 12 62
212 25.01 12 13 62
212 25.01 13 14 62
212 25.01 13 14 62
212 25.01 14 15 62
213 25.01 1 1.01 99
213 25.01 1 1.01 99
213 25.01 1 1.01 99
213 25.01 1 1.01 99
213 25.01 1 1.01 99
213 25.01 1 1.01 99
213 25.01 1 1.01 99
213 25.01 1 1.01 99
213 25.01 1 1.01 99
213 25.01 1 1.01 99
213 25.01 1 1.01 99
213 25.01 1 1.01 99
213 25.01 1 1.01 99
213 25.01 1 1.01 99
213 25.01 1 1.01 99
213 25.01 1 1.01 99
213 25.01 1 1.01 99
213 25.01 1 1.01 99
213 25.01 1 1.01 99
213 25.01 1 1.01 99
213 25.01 1 1.01 99
213 25.01 1 2 99
213 25.01 1 2 99
213 25.01 1 2 99
213 25.01 1 2 99
213 25.01 1 2 99
213 25.01 1 2 99
213 25.01 1 2 99
213 25.01 1 2 99
213 25.01 1 2 99
213 25.01 1 2 99
213 25.01 1 2 99
213 25.01 1 2 99
213 25.01 1 2 99
213 25.01 1 2 99
213 25.01 1 2 99
213 25.01 1 2 99
213 25.01 1 2 99
213 25.01 1 2 99
213 25.01 1 2 99
213 25.01 1 2 99
213 25.01 1 2 99
213 25.01 2 3 99
213 25.01 2 3 99
213 25.01 2 3 99
213 25.01 2 3 99
213 25.01 2 3 99
213 25.01 2 3 99
213 25.01 2 3 99
213 25.01 2 3 99
213 25.01 2 3 99
213 25.01 2 3 99
213 25.01 2 3 99
213 25.01 2 3 99
213 25.01 2 3 99
213 25.01 2 3 99
213 25.01 2 3 99
213 25.01 2 3 99
213 25.01 2 3 99
213 25.01 2 3 99
213 25.01 2 3 99
213 25.01 2 3 99
213 25.01 2 3 99
213 25.01 3 4 99
213 25.01 3 4 99
213 25.01 3 4 99
213 25.01 3 4 99
213 25.01 3 4 99
213 25.01 3 4 99
213 25.01 3 4 99
213 25.01 3 4 99
213 25.01 3 4 99
213 25.01 3 4 99
213 25.01 3 4 99
213 25.01 3 4 99
213 25.01 3 4 99
213 25.01 3 4 99
213 25.01 3 4 99
213 25.01 3 4 99
213 25.01 3 4 99
213 25.01 3 4 99
213 25.01 3 4 99
213 25.01 3 4 99
213 25.01 4 5 99
213 25.01 4 5 99
213 25.01 4 5 99
213 25.01 4 5 99
213 25.01 5 6 99
213 25.01 5 6 99
213 25.01 5 6 99
213 25.01 5 6 99
213 25.01 6 7 99
213 25.01 6 7 99
213 25.01 6 7 99
213 25.01 7 8 99
213 25.01 7 8 99
213 25.01 7 8 99
213 25.01 7 8 99
213 25.01 7 8 99
214 25.01 1 1.01 148
214 25.01 1 1.01 148
214 25.01 1 1.01 148
214 25.01 1 1.01 148
214 25.01 1 1.01 148
214 25.01 1 1.01 148
214 25.01 1 1.01 148
214 25.01 1 1.01 148
214 25.01 1 1.01 148
214 25.01 1 1.01 148
214 25.01 1 1.01 148
214 25.01 1 1.01 148
214 25.01 1 1.01 148
214 25.01 1 1.01 148
214 25.01 1 1.01 148
214 25.01 1 1.01 148
214 25.01 1 1.01 148
214 25.01 1 1.01 148
214 25.01 1 1.01 148
214 25.01 1 1.01 148
214 25.01 1 1.01 148
214 25.01 1 2 148
214 25.01 1 2 148
214 25.01 1 2 148
214 25.01 1 2 148
214 25.01 1 2 148
214 25.01 1 2 148
214 25.01 1 2 148
214 25.01 1 2 148
214 25.01 1 2 148
214 25.01 1 2 148
214 25.01 1 2 148
214 25.01 1 2 148
214 25.01 1 2 148
214 25.01 1 2 148
214 25.01 1 2 148
214 25.01 1 2 148
214 25.01 1 2 148
214 25.01 1 2 148
214 25.01 1 2 148
214 25.01 1 2 148
214 25.01 1 2 148
214 25.01 1 2 148
214 25.01 2 3 148
214 25.01 2 3 148
214 25.01 2 3 148
214 25.01 2 3 148
214 25.01 2 3 148
214 25.01 2 3 148
214 25.01 2 3 148
214 25.01 2 3 148
214 25.01 2 3 148
214 25.01 2 3 148
214 25.01 2 3 148
214 25.01 2 3 148
214 25.01 2 3 148
214 25.01 2 3 148
214 25.01 2 3 148
214 25.01 2 3 148
214 25.01 2 3 148
214 25.01 2 3 148
214 25.01 2 3 148
214 25.01 2 3 148
214 25.01 2 3 148
214 25.01 2 3 148
214 25.01 3 4 148
214 25.01 3 4 148
214 25.01 3 4 148
214 25.01 3 4 148
214 25.01 3 4 148
214 25.01 3 4 148
214 25.01 3 4 148
214 25.01 3 4 148
214 25.01 3 4 148
214 25.01 3 4 148
214 25.01 3 4 148
214 25.01 3 4 148
214 25.01 3 4 148
214 25.01 3 4 148
214 25.01 3 4 148
214 25.01 3 4 148
214 25.01 3 4 148
214 25.01 3 4 148
214 25.01 3 4 148
214 25.01 3 4 148
214 25.01 3 4 148
214 25.01 3 4 148
214 25.01 3 4 148
214 25.01 4 5 148
214 25.01 4 5 148
214 25.01 4 5 148
214 25.01 4 5 148
214 25.01 4 5 148
214 25.01 4 5 148
214 25.01 4 5 148
214 25.01 4 5 148
214 25.01 5 6 148
214 25.01 5 6 148
214 25.01 5 6 148
214 25.01 5 6 148
214 25.01 5 6 148
214 25.01 5 6 148
214 25.01 5 6 148
214 25.01 5 6 148
214 25.01 5 6 148
214 25.01 6 7 148
214 25.01 6 7 148
214 25.01 6 7 148
214 25.01 6 7 148
214 25.01 6 7 148
214 25.01 6 7 148
214 25.01 6 7 148
214 25.01 6 7 148
214 25.01 7 8 148
214 25.01 7 8 148
214 25.01 7 8 148
214 25.01 7 8 148
214 25.01 7 8 148
214 25.01 7 8 148
214 25.01 7 8 148
214 25.01 7 8 148
214 25.01 7 8 148
214 25.01 8 9 148
214 25.01 8 9 148
214 25.01 8 9 148
214 25.01 9 10 148
214 25.01 9 10 148
214 25.01 9 10 148
214 25.01 10 11 148
214 25.01 10 11 148
214 25.01 10 11 148
214 25.01 10 11 148
214 25.01 11 12 148
214 25.01 11 12 148
214 25.01 12 13 148
214 25.01 12 13 148
214 25.01 12 13 148
214 25.01 13 14 148
214 25.01 13 14 148
214 25.01 13 14 148
214 25.01 14 15 148
214 25.01 14 15 148
214 25.01 14 15 148
214 25.01 15 16 148
214 25.01 16 17 148
214 25.01 16 17 148
214 25.01 17 18 148
214 25.01 19 20 148
215 25.01 1 1.01 147
215 25.01 1 1.01 147
215 25.01 1 1.01 147
215 25.01 1 1.01 147
215 25.01 1 1.01 147
215 25.01 1 1.01 147
215 25.01 1 1.01 147
215 25.01 1 1.01 147
215 25.01 1 1.01 147
215 25.01 1 1.01 147
215 25.01 1 1.01 147
215 25.01 1 1.01 147
215 25.01 1 1.01 147
215 25.01 1 1.01 147
215 25.01 1 1.01 147
215 25.01 1 1.01 147
215 25.01 1 1.01 147
215 25.01 1 1.01 147
215 25.01 1 1.01 147
215 25.01 1 1.01 147
215 25.01 1 1.01 147
215 25.01 1 1.01 147
215 25.01 1 1.01 147
215 25.01 1 1.01 147
215 25.01 1 1.01 147
215 25.01 1 2 147
215 25.01 1 2 147
215 25.01 1 2 147
215 25.01 1 2 147
215 25.01 1 2 147
215 25.01 1 2 147
215 25.01 1 2 147
215 25.01 1 2 147
215 25.01 1 2 147
215 25.01 1 2 147
215 25.01 1 2 147
215 25.01 1 2 147
215 25.01 1 2 147
215 25.01 1 2 147
215 25.01 1 2 147
215 25.01 1 2 147
215 25.01 1 2 147
215 25.01 1 2 147
215 25.01 1 2 147
215 25.01 1 2 147
215 25.01 1 2 147
215 25.01 1 2 147
215 25.01 1 2 147
215 25.01 1 2 147
215 25.01 1 2 147
215 25.01 2 3 147
215 25.01 2 3 147
215 25.01 2 3 147
215 25.01 2 3 147
215 25.01 2 3 147
215 25.01 2 3 147
215 25.01 2 3 147
215 25.01 2 3 147
215 25.01 2 3 147
215 25.01 2 3 147
215 25.01 2 3 147
215 25.01 2 3 147
215 25.01 2 3 147
215 25.01 2 3 147
215 25.01 2 3 147
215 25.01 2 3 147
215 25.01 2 3 147
215 25.01 2 3 147
215 25.01 2 3 147
215 25.01 2 3 147
215 25.01 2 3 147
215 25.01 2 3 147
215 25.01 2 3 147
215 25.01 2 3 147
215 25.01 3 4 147
215 25.01 3 4 147
215 25.01 3 4 147
215 25.01 3 4 147
215 25.01 3 4 147
215 25.01 3 4 147
215 25.01 3 4 147
215 25.01 3 4 147
215 25.01 3 4 147
215 25.01 3 4 147
215 25.01 3 4 147
215 25.01 3 4 147
215 25.01 3 4 147
215 25.01 3 4 147
215 25.01 3 4 147
215 25.01 3 4 147
215 25.01 3 4 147
215 25.01 3 4 147
215 25.01 3 4 147
215 25.01 3 4 147
215 25.01 3 4 147
215 25.01 3 4 147
215 25.01 3 4 147
215 25.01 3 4 147
215 25.01 4 5 147
215 25.01 4 5 147
215 25.01 4 5 147
215 25.01 4 5 147
215 25.01 4 5 147
215 25.01 4 5 147
215 25.01 5 6 147
215 25.01 5 6 147
215 25.01 5 6 147
215 25.01 5 6 147
215 25.01 5 6 147
215 25.01 5 6 147
215 25.01 6 7 147
215 25.01 6 7 147
215 25.01 6 7 147
215 25.01 6 7 147
215 25.01 6 7 147
215 25.01 6 7 147
215 25.01 7 8 147
215 25.01 7 8 147
215 25.01 7 8 147
215 25.01 7 8 147
215 25.01 7 8 147
215 25.01 8 9 147
215 25.01 8 9 147
215 25.01 8 9 147
215 25.01 9 10 147
215 25.01 9 10 147
215 25.01 10 11 147
215 25.01 10 11 147
215 25.01 10 11 147
215 25.01 11 12 147
215 25.01 11 12 147
215 25.01 11 12 147
215 25.01 12 13 147
215 25.01 12 13 147
215 25.01 12 13 147
215 25.01 12 13 147
215 25.01 13 14 147
215 25.01 13 14 147
215 25.01 13 14 147
215 25.01 14 15 147
215 25.01 14 15 147
215 25.01 14 15 147
215 25.01 15 16 147
215 25.01 15 16 147
215 25.01 16 17 147
215 25.01 17 18 147
215 25.01 17 18 147
216 25.02 1 1.01 173
216 25.02 1 1.01 173
216 25.02 1 1.01 173
216 25.02 1 1.01 173
216 25.02 1 1.01 173
216 25.02 1 1.01 173
216 25.02 1 1.01 173
216 25.02 1 1.01 173
216 25.02 1 1.01 173
216 25.02 1 1.01 173
216 25.02 1 1.01 173
216 25.02 1 1.01 173
216 25.02 1 1.01 173
216 25.02 1 1.01 173
216 25.02 1 1.01 173
216 25.02 1 1.01 173
216 25.02 1 1.01 173
216 25.02 1 1.01 173
216 25.02 1 1.01 173
216 25.02 1 1.01 173
216 25.02 1 1.01 173
216 25.02 1 1.01 173
216 25.02 1 1.01 173
216 25.02 1 1.01 173
216 25.02 1 1.01 173
216 25.02 1 1.01 173
216 25.02 1 1.01 173
216 25.02 1 1.01 173
216 25.02 1 1.01 173
216 25.02 1 1.01 173
216 25.02 1 1.01 173
216 25.02 1 2 173
216 25.02 1 2 173
216 25.02 1 2 173
216 25.02 1 2 173
216 25.02 1 2 173
216 25.02 1 2 173
216 25.02 1 2 173
216 25.02 1 2 173
216 25.02 1 2 173
216 25.02 1 2 173
216 25.02 1 2 173
216 25.02 1 2 173
216 25.02 1 2 173
216 25.02 1 2 173
216 25.02 1 2 173
216 25.02 1 2 173
216 25.02 1 2 173
216 25.02 1 2 173
216 25.02 1 2 173
216 25.02 1 2 173
216 25.02 1 2 173
216 25.02 1 2 173
216 25.02 1 2 173
216 25.02 1 2 173
216 25.02 1 2 173
216 25.02 1 2 173
216 25.02 1 2 173
216 25.02 1 2 173
216 25.02 1 2 173
216 25.02 2 3 173
216 25.02 2 3 173
216 25.02 2 3 173
216 25.02 2 3 173
216 25.02 2 3 173
216 25.02 2 3 173
216 25.02 2 3 173
216 25.02 2 3 173
216 25.02 2 3 173
216 25.02 2 3 173
216 25.02 2 3 173
216 25.02 2 3 173
216 25.02 2 3 173
216 25.02 2 3 173
216 25.02 2 3 173
216 25.02 2 3 173
216 25.02 2 3 173
216 25.02 2 3 173
216 25.02 2 3 173
216 25.02 2 3 173
216 25.02 2 3 173
216 25.02 2 3 173
216 25.02 2 3 173
216 25.02 2 3 173
216 25.02 2 3 173
216 25.02 2 3 173
216 25.02 2 3 173
216 25.02 2 3 173
216 25.02 2 3 173
216 25.02 2 3 173
216 25.02 2 3 173
216 25.02 3 4 173
216 25.02 3 4 173
216 25.02 3 4 173
216 25.02 3 4 173
216 25.02 3 4 173
216 25.02 3 4 173
216 25.02 3 4 173
216 25.02 3 4 173
216 25.02 3 4 173
216 25.02 3 4 173
216 25.02 4 5 173
216 25.02 4 5 173
216 25.02 4 5 173
216 25.02 4 5 173
216 25.02 4 5 173
216 25.02 4 5 173
216 25.02 4 5 173
216 25.02 4 5 173
216 25.02 4 5 173
216 25.02 4 5 173
216 25.02 5 6 173
216 25.02 5 6 173
216 25.02 5 6 173
216 25.02 5 6 173
216 25.02 5 6 173
216 25.02 5 6 173
216 25.02 5 6 173
216 25.02 5 6 173
216 25.02 5 6 173
216 25.02 5 6 173
216 25.02 6 7 173
216 25.02 6 7 173
216 25.02 6 7 173
216 25.02 6 7 173
216 25.02 6 7 173
216 25.02 6 7 173
216 25.02 6 7 173
216 25.02 6 7 173
216 25.02 6 7 173
216 25.02 6 7 173
216 25.02 7 8 173
216 25.02 7 8 173
216 25.02 7 8 173
216 25.02 7 8 173
216 25.02 7 8 173
216 25.02 7 8 173
216 25.02 7 8 173
216 25.02 7 8 173
216 25.02 7 8 173
216 25.02 7 8 173
216 25.02 8 9 173
216 25.02 8 9 173
216 25.02 8 9 173
216 25.02 8 9 173
216 25.02 8 9 173
216 25.02 8 9 173
216 25.02 8 9 173
216 25.02 8 9 173
216 25.02 8 9 173
216 25.02 8 9 173
216 25.02 9 10 173
216 25.02 9 10 173
216 25.02 9 10 173
216 25.02 9 10 173
216 25.02 9 10 173
216 25.02 9 10 173
216 25.02 9 10 173
216 25.02 9 10 173
216 25.02 9 10 173
216 25.02 9 10 173
216 25.02 9 10 173
216 25.02 12 13 173
216 25.02 16 17 173
216 25.02 18 19 173
216 25.02 18 19 173
216 25.02 19 20 173
216 25.02 20 21 173
216 25.02 20 21 173
216 25.02 21 22 173
216 25.02 21 22 173
216 25.02 22 23 173
216 25.02 23 24 173
217 25.02 1 1.01 118
217 25.02 1 1.01 118
217 25.02 1 1.01 118
217 25.02 1 1.01 118
217 25.02 1 1.01 118
217 25.02 1 1.01 118
217 25.02 1 1.01 118
217 25.02 1 1.01 118
217 25.02 1 1.01 118
217 25.02 1 1.01 118
217 25.02 1 1.01 118
217 25.02 1 1.01 118
217 25.02 1 1.01 118
217 25.02 1 1.01 118
217 25.02 1 1.01 118
217 25.02 1 1.01 118
217 25.02 1 1.01 118
217 25.02 1 1.01 118
217 25.02 1 1.01 118
217 25.02 1 1.01 118
217 25.02 1 2 118
217 25.02 1 2 118
217 25.02 1 2 118
217 25.02 1 2 118
217 25.02 1 2 118
217 25.02 1 2 118
217 25.02 1 2 118
217 25.02 1 2 118
217 25.02 1 2 118
217 25.02 1 2 118
217 25.02 1 2 118
217 25.02 1 2 118
217 25.02 1 2 118
217 25.02 1 2 118
217 25.02 1 2 118
217 25.02 1 2 118
217 25.02 1 2 118
217 25.02 1 2 118
217 25.02 1 2 118
217 25.02 1 2 118
217 25.02 1 2 118
217 25.02 2 3 118
217 25.02 2 3 118
217 25.02 2 3 118
217 25.02 2 3 118
217 25.02 2 3 118
217 25.02 2 3 118
217 25.02 2 3 118
217 25.02 2 3 118
217 25.02 2 3 118
217 25.02 2 3 118
217 25.02 2 3 118
217 25.02 2 3 118
217 25.02 2 3 118
217 25.02 2 3 118
217 25.02 2 3 118
217 25.02 2 3 118
217 25.02 2 3 118
217 25.02 2 3 118
217 25.02 2 3 118
217 25.02 2 3 118
217 25.02 3 4 118
217 25.02 3 4 118
217 25.02 3 4 118
217 25.02 3 4 118
217 25.02 3 4 118
217 25.02 4 5 118
217 25.02 4 5 118
217 25.02 4 5 118
217 25.02 4 5 118
217 25.02 4 5 118
217 25.02 4 5 118
217 25.02 4 5 118
217 25.02 5 6 118
217 25.02 5 6 118
217 25.02 5 6 118
217 25.02 5 6 118
217 25.02 5 6 118
217 25.02 5 6 118
217 25.02 6 7 118
217 25.02 6 7 118
217 25.02 6 7 118
217 25.02 6 7 118
217 25.02 6 7 118
217 25.02 6 7 118
217 25.02 6 7 118
217 25.02 7 8 118
217 25.02 7 8 118
217 25.02 7 8 118
217 25.02 7 8 118
217 25.02 7 8 118
217 25.02 7 8 118
217 25.02 8 9 118
217 25.02 8 9 118
217 25.02 8 9 118
217 25.02 8 9 118
217 25.02 9 10 118
217 25.02 9 10 118
217 25.02 9 10 118
217 25.02 9 10 118
217 25.02 9 10 118
217 25.02 9 10 118
217 25.02 10 11 118
217 25.02 10 11 118
217 25.02 10 11 118
217 25.02 11 12 118
217 25.02 11 12 118
217 25.02 12 13 118
217 25.02 12 13 118
217 25.02 12 13 118
217 25.02 13 14 118
217 25.02 13 14 118
217 25.02 13 14 118
217 25.02 14 15 118
217 25.02 15 16 118
217 25.02 16 17 118
217 25.02 16 17 118
217 25.02 19 20 118
218 25.02 1 1.01 119
218 25.02 1 1.01 119
218 25.02 1 1.01 119
218 25.02 1 1.01 119
218 25.02 1 1.01 119
218 25.02 1 1.01 119
218 25.02 1 1.01 119
218 25.02 1 1.01 119
218 25.02 1 1.01 119
218 25.02 1 1.01 119
218 25.02 1 1.01 119
218 25.02 1 1.01 119
218 25.02 1 1.01 119
218 25.02 1 1.01 119
218 25.02 1 1.01 119
218 25.02 1 1.01 119
218 25.02 1 1.01 119
218 25.02 1 1.01 119
218 25.02 1 1.01 119
218 25.02 1 1.01 119
218 25.02 1 1.01 119
218 25.02 1 1.01 119
218 25.02 1 1.01 119
218 25.02 1 1.01 119
218 25.02 1 2 119
218 25.02 1 2 119
218 25.02 1 2 119
218 25.02 1 2 119
218 25.02 1 2 119
218 25.02 1 2 119
218 25.02 1 2 119
218 25.02 1 2 119
218 25.02 1 2 119
218 25.02 1 2 119
218 25.02 1 2 119
218 25.02 1 2 119
218 25.02 1 2 119
218 25.02 1 2 119
218 25.02 1 2 119
218 25.02 1 2 119
218 25.02 1 2 119
218 25.02 1 2 119
218 25.02 1 2 119
218 25.02 1 2 119
218 25.02 1 2 119
218 25.02 1 2 119
218 25.02 2 3 119
218 25.02 2 3 119
218 25.02 2 3 119
218 25.02 2 3 119
218 25.02 2 3 119
218 25.02 2 3 119
218 25.02 2 3 119
218 25.02 2 3 119
218 25.02 2 3 119
218 25.02 2 3 119
218 25.02 2 3 119
218 25.02 2 3 119
218 25.02 2 3 119
218 25.02 2 3 119
218 25.02 2 3 119
218 25.02 2 3 119
218 25.02 2 3 119
218 25.02 2 3 119
218 25.02 2 3 119
218 25.02 2 3 119
218 25.02 2 3 119
218 25.02 2 3 119
218 25.02 2 3 119
218 25.02 2 3 119
218 25.02 3 4 119
218 25.02 3 4 119
218 25.02 3 4 119
218 25.02 3 4 119
218 25.02 3 4 119
218 25.02 3 4 119
218 25.02 3 4 119
218 25.02 3 4 119
218 25.02 3 4 119
218 25.02 3 4 119
218 25.02 4 5 119
218 25.02 4 5 119
218 25.02 4 5 119
218 25.02 4 5 119
218 25.02 4 5 119
218 25.02 4 5 119
218 25.02 4 5 119
218 25.02 4 5 119
218 25.02 4 5 119
218 25.02 5 6 119
218 25.02 5 6 119
218 25.02 5 6 119
218 25.02 5 6 119
218 25.02 5 6 119
218 25.02 5 6 119
218 25.02 5 6 119
218 25.02 5 6 119
218 25.02 5 6 119
218 25.02 6 7 119
218 25.02 6 7 119
218 25.02 6 7 119
218 25.02 6 7 119
218 25.02 6 7 119
218 25.02 6 7 119
218 25.02 6 7 119
218 25.02 6 7 119
218 25.02 6 7 119
218 25.02 7 8 119
218 25.02 7 8 119
218 25.02 7 8 119
218 25.02 8 9 119
218 25.02 8 9 119
218 25.02 8 9 119
218 25.02 8 9 119
218 25.02 9 10 119
218 25.02 9 10 119
218 25.02 17 18 119
218 25.02 18 19 119
218 25.02 19 20 119
219 25.02 1 1.01 68
219 25.02 1 1.01 68
219 25.02 1 1.01 68
219 25.02 1 1.01 68
219 25.02 1 1.01 68
219 25.02 1 1.01 68
219 25.02 1 1.01 68
219 25.02 1 2 68
219 25.02 1 2 68
219 25.02 1 2 68
219 25.02 1 2 68
219 25.02 1 2 68
219 25.02 1 2 68
219 25.02 1 2 68
219 25.02 1 2 68
219 25.02 2 3 68
219 25.02 2 3 68
219 25.02 2 3 68
219 25.02 2 3 68
219 25.02 2 3 68
219 25.02 2 3 68
219 25.02 2 3 68
219 25.02 3 4 68
219 25.02 3 4 68
219 25.02 3 4 68
219 25.02 3 4 68
219 25.02 3 4 68
219 25.02 3 4 68
219 25.02 3 4 68
219 25.02 3 4 68
219 25.02 3 4 68
219 25.02 4 5 68
219 25.02 4 5 68
219 25.02 4 5 68
219 25.02 4 5 68
219 25.02 4 5 68
219 25.02 4 5 68
219 25.02 4 5 68
219 25.02 4 5 68
219 25.02 4 5 68
219 25.02 5 6 68
219 25.02 5 6 68
219 25.02 5 6 68
219 25.02 5 6 68
219 25.02 5 6 68
219 25.02 5 6 68
219 25.02 5 6 68
219 25.02 5 6 68
219 25.02 6 7 68
219 25.02 6 7 68
219 25.02 6 7 68
219 25.02 6 7 68
219 25.02 6 7 68
219 25.02 6 7 68
219 25.02 6 7 68
219 25.02 7 8 68
219 25.02 7 8 68
219 25.02 7 8 68
219 25.02 8 9 68
219 25.02 8 9 68
219 25.02 8 9 68
219 25.02 9 10 68
219 25.02 9 10 68
219 25.02 9 10 68
219 25.02 9 10 68
219 25.02 10 11 68
219 25.02 11 12 68
219 25.02 13 14 68
220 25.02 1 1.01 83
220 25.02 1 1.01 83
220 25.02 1 1.01 83
220 25.02 1 1.01 83
220 25.02 1 1.01 83
220 25.02 1 1.01 83
220 25.02 1 1.01 83
220 25.02 1 1.01 83
220 25.02 1 1.01 83
220 25.02 1 1.01 83
220 25.02 1 1.01 83
220 25.02 1 1.01 83
220 25.02 1 1.01 83
220 25.02 1 1.01 83
220 25.02 1 1.01 83
220 25.02 1 1.01 83
220 25.02 1 1.01 83
220 25.02 1 1.01 83
220 25.02 1 1.01 83
220 25.02 1 1.01 83
220 25.02 1 2 83
220 25.02 1 2 83
220 25.02 1 2 83
220 25.02 1 2 83
220 25.02 1 2 83
220 25.02 1 2 83
220 25.02 1 2 83
220 25.02 1 2 83
220 25.02 1 2 83
220 25.02 1 2 83
220 25.02 1 2 83
220 25.02 1 2 83
220 25.02 1 2 83
220 25.02 1 2 83
220 25.02 1 2 83
220 25.02 1 2 83
220 25.02 1 2 83
220 25.02 1 2 83
220 25.02 1 2 83
220 25.02 1 2 83
220 25.02 2 3 83
220 25.02 2 3 83
220 25.02 2 3 83
220 25.02 2 3 83
220 25.02 2 3 83
220 25.02 2 3 83
220 25.02 2 3 83
220 25.02 2 3 83
220 25.02 2 3 83
220 25.02 2 3 83
220 25.02 2 3 83
220 25.02 2 3 83
220 25.02 2 3 83
220 25.02 2 3 83
220 25.02 2 3 83
220 25.02 2 3 83
220 25.02 2 3 83
220 25.02 2 3 83
220 25.02 2 3 83
220 25.02 2 3 83
220 25.02 2 3 83
220 25.02 3 4 83
220 25.02 3 4 83
220 25.02 3 4 83
220 25.02 3 4 83
220 25.02 3 4 83
220 25.02 3 4 83
220 25.02 4 5 83
220 25.02 4 5 83
220 25.02 4 5 83
220 25.02 4 5 83
220 25.02 4 5 83
220 25.02 4 5 83
220 25.02 5 6 83
220 25.02 5 6 83
220 25.02 5 6 83
220 25.02 5 6 83
220 25.02 5 6 83
220 25.02 6 7 83
220 25.02 6 7 83
220 25.02 6 7 83
220 25.02 6 7 83
220 25.02 6 7 83
221 25.02 1 1.01 101
221 25.02 1 1.01 101
221 25.02 1 1.01 101
221 25.02 1 1.01 101
221 25.02 1 1.01 101
221 25.02 1 1.01 101
221 25.02 1 1.01 101
221 25.02 1 1.01 101
221 25.02 1 1.01 101
221 25.02 1 2 101
221 25.02 1 2 101
221 25.02 1 2 101
221 25.02 1 2 101
221 25.02 1 2 101
221 25.02 1 2 101
221 25.02 1 2 101
221 25.02 1 2 101
221 25.02 2 3 101
221 25.02 2 3 101
221 25.02 2 3 101
221 25.02 2 3 101
221 25.02 2 3 101
221 25.02 2 3 101
221 25.02 2 3 101
221 25.02 2 3 101
221 25.02 2 3 101
221 25.02 3 4 101
221 25.02 3 4 101
221 25.02 3 4 101
221 25.02 3 4 101
221 25.02 3 4 101
221 25.02 3 4 101
221 25.02 3 4 101
221 25.02 4 5 101
221 25.02 4 5 101
221 25.02 4 5 101
221 25.02 4 5 101
221 25.02 4 5 101
221 25.02 4 5 101
221 25.02 4 5 101
221 25.02 5 6 101
221 25.02 5 6 101
221 25.02 5 6 101
221 25.02 5 6 101
221 25.02 5 6 101
221 25.02 5 6 101
221 25.02 6 7 101
221 25.02 6 7 101
221 25.02 6 7 101
221 25.02 6 7 101
221 25.02 6 7 101
221 25.02 6 7 101
221 25.02 6 7 101
221 25.02 6 7 101
221 25.02 7 8 101
221 25.02 7 8 101
221 25.02 7 8 101
221 25.02 7 8 101
221 25.02 7 8 101
221 25.02 7 8 101
221 25.02 7 8 101
221 25.02 7 8 101
221 25.02 8 9 101
221 25.02 8 9 101
221 25.02 8 9 101
221 25.02 8 9 101
221 25.02 8 9 101
221 25.02 8 9 101
221 25.02 8 9 101
221 25.02 9 10 101
221 25.02 9 10 101
221 25.02 9 10 101
221 25.02 9 10 101
221 25.02 9 10 101
221 25.02 9 10 101
221 25.02 9 10 101
221 25.02 9 10 101
221 25.02 9 10 101
221 25.02 10 11 101
221 25.02 10 11 101
221 25.02 10 11 101
221 25.02 11 12 101
221 25.02 11 12 101
221 25.02 11 12 101
221 25.02 12 13 101
221 25.02 12 13 101
221 25.02 12 13 101
221 25.02 13 14 101
221 25.02 13 14 101
221 25.02 13 14 101
221 25.02 14 15 101
221 25.02 15 16 101
221 25.02 15 16 101
221 25.02 16 17 101
221 25.02 16 17 101
221 25.02 17 18 101
221 25.02 17 18 101
221 25.02 18 19 101
221 25.02 19 20 101
221 25.02 19 20 101
221 25.02 20 21 101
222 25.02 1 1.01 101
222 25.02 1 1.01 101
222 25.02 1 1.01 101
222 25.02 1 1.01 101
222 25.02 1 1.01 101
222 25.02 1 1.01 101
222 25.02 1 1.01 101
222 25.02 1 1.01 101
222 25.02 1 1.01 101
222 25.02 1 1.01 101
222 25.02 1 1.01 101
222 25.02 1 1.01 101
222 25.02 1 1.01 101
222 25.02 1 1.01 101
222 25.02 1 1.01 101
222 25.02 1 1.01 101
222 25.02 1 1.01 101
222 25.02 1 2 101
222 25.02 1 2 101
222 25.02 1 2 101
222 25.02 1 2 101
222 25.02 1 2 101
222 25.02 1 2 101
222 25.02 1 2 101
222 25.02 1 2 101
222 25.02 1 2 101
222 25.02 1 2 101
222 25.02 1 2 101
222 25.02 1 2 101
222 25.02 1 2 101
222 25.02 1 2 101
222 25.02 1 2 101
222 25.02 1 2 101
222 25.02 1 2 101
222 25.02 2 3 101
222 25.02 2 3 101
222 25.02 2 3 101
222 25.02 2 3 101
222 25.02 2 3 101
222 25.02 2 3 101
222 25.02 2 3 101
222 25.02 2 3 101
222 25.02 2 3 101
222 25.02 2 3 101
222 25.02 2 3 101
222 25.02 2 3 101
222 25.02 2 3 101
222 25.02 2 3 101
222 25.02 2 3 101
222 25.02 2 3 101
222 25.02 3 4 101
222 25.02 3 4 101
222 25.02 3 4 101
222 25.02 3 4 101
222 25.02 3 4 101
222 25.02 3 4 101
222 25.02 3 4 101
222 25.02 3 4 101
222 25.02 4 5 101
222 25.02 4 5 101
222 25.02 4 5 101
222 25.02 4 5 101
222 25.02 4 5 101
222 25.02 4 5 101
222 25.02 4 5 101
222 25.02 4 5 101
222 25.02 5 6 101
222 25.02 5 6 101
222 25.02 5 6 101
222 25.02 5 6 101
222 25.02 5 6 101
222 25.02 5 6 101
222 25.02 5 6 101
222 25.02 5 6 101
222 25.02 6 7 101
222 25.02 6 7 101
222 25.02 6 7 101
222 25.02 6 7 101
222 25.02 6 7 101
222 25.02 6 7 101
222 25.02 6 7 101
222 25.02 6 7 101
222 25.02 7 8 101
222 25.02 7 8 101
222 25.02 7 8 101
222 25.02 7 8 101
222 25.02 7 8 101
222 25.02 7 8 101
222 25.02 8 9 101
222 25.02 8 9 101
222 25.02 8 9 101
222 25.02 8 9 101
222 25.02 8 9 101
222 25.02 8 9 101
222 25.02 9 10 101
222 25.02 9 10 101
222 25.02 9 10 101
222 25.02 9 10 101
222 25.02 9 10 101
222 25.02 9 10 101
222 25.02 9 10 101
223 25.02 1 1.01 66
223 25.02 1 1.01 66
223 25.02 1 1.01 66
223 25.02 1 1.01 66
223 25.02 1 1.01 66
223 25.02 1 1.01 66
223 25.02 1 1.01 66
223 25.02 1 1.01 66
223 25.02 1 1.01 66
223 25.02 1 1.01 66
223 25.02 1 2 66
223 25.02 1 2 66
223 25.02 1 2 66
223 25.02 1 2 66
223 25.02 1 2 66
223 25.02 1 2 66
223 25.02 1 2 66
223 25.02 1 2 66
223 25.02 1 2 66
223 25.02 1 2 66
223 25.02 2 3 66
223 25.02 2 3 66
223 25.02 2 3 66
223 25.02 2 3 66
223 25.02 2 3 66
223 25.02 2 3 66
223 25.02 2 3 66
223 25.02 2 3 66
223 25.02 2 3 66
223 25.02 2 3 66
223 25.02 2 3 66
223 25.02 3 4 66
223 25.02 3 4 66
223 25.02 3 4 66
223 25.02 3 4 66
223 25.02 3 4 66
223 25.02 3 4 66
223 25.02 3 4 66
223 25.02 4 5 66
223 25.02 4 5 66
223 25.02 4 5 66
223 25.02 4 5 66
223 25.02 4 5 66
223 25.02 4 5 66
223 25.02 5 6 66
223 25.02 5 6 66
223 25.02 5 6 66
223 25.02 5 6 66
223 25.02 5 6 66
223 25.02 6 7 66
223 25.02 6 7 66
223 25.02 6 7 66
223 25.02 6 7 66
223 25.02 6 7 66
223 25.02 6 7 66
223 25.02 6 7 66
223 25.02 7 8 66
223 25.02 7 8 66
223 25.02 7 8 66
223 25.02 7 8 66
223 25.02 8 9 66
223 25.02 8 9 66
223 25.02 9 10 66
223 25.02 9 10 66
223 25.02 9 10 66
223 25.02 9 10 66
224 25.02 1 1.01 211
224 25.02 1 1.01 211
224 25.02 1 1.01 211
224 25.02 1 1.01 211
224 25.02 1 1.01 211
224 25.02 1 1.01 211
224 25.02 1 1.01 211
224 25.02 1 1.01 211
224 25.02 1 1.01 211
224 25.02 1 1.01 211
224 25.02 1 1.01 211
224 25.02 1 1.01 211
224 25.02 1 1.01 211
224 25.02 1 1.01 211
224 25.02 1 1.01 211
224 25.02 1 1.01 211
224 25.02 1 1.01 211
224 25.02 1 1.01 211
224 25.02 1 1.01 211
224 25.02 1 1.01 211
224 25.02 1 1.01 211
224 25.02 1 1.01 211
224 25.02 1 1.01 211
224 25.02 1 1.01 211
224 25.02 1 1.01 211
224 25.02 1 1.01 211
224 25.02 1 1.01 211
224 25.02 1 1.01 211
224 25.02 1 1.01 211
224 25.02 1 1.01 211
224 25.02 1 1.01 211
224 25.02 1 1.01 211
224 25.02 1 1.01 211
224 25.02 1 1.01 211
224 25.02 1 2 211
224 25.02 1 2 211
224 25.02 1 2 211
224 25.02 1 2 211
224 25.02 1 2 211
224 25.02 1 2 211
224 25.02 1 2 211
224 25.02 1 2 211
224 25.02 1 2 211
224 25.02 1 2 211
224 25.02 1 2 211
224 25.02 1 2 211
224 25.02 1 2 211
224 25.02 1 2 211
224 25.02 1 2 211
224 25.02 1 2 211
224 25.02 1 2 211
224 25.02 1 2 211
224 25.02 1 2 211
224 25.02 1 2 211
224 25.02 1 2 211
224 25.02 1 2 211
224 25.02 1 2 211
224 25.02 1 2 211
224 25.02 1 2 211
224 25.02 1 2 211
224 25.02 1 2 211
224 25.02 1 2 211
224 25.02 1 2 211
224 25.02 1 2 211
224 25.02 1 2 211
224 25.02 1 2 211
224 25.02 1 2 211
224 25.02 1 2 211
224 25.02 1 2 211
224 25.02 2 3 211
224 25.02 2 3 211
224 25.02 2 3 211
224 25.02 2 3 211
224 25.02 2 3 211
224 25.02 2 3 211
224 25.02 2 3 211
224 25.02 2 3 211
224 25.02 2 3 211
224 25.02 2 3 211
224 25.02 2 3 211
224 25.02 2 3 211
224 25.02 2 3 211
224 25.02 2 3 211
224 25.02 2 3 211
224 25.02 2 3 211
224 25.02 2 3 211
224 25.02 2 3 211
224 25.02 2 3 211
224 25.02 2 3 211
224 25.02 2 3 211
224 25.02 2 3 211
224 25.02 2 3 211
224 25.02 2 3 211
224 25.02 2 3 211
224 25.02 2 3 211
224 25.02 2 3 211
224 25.02 2 3 211
224 25.02 2 3 211
224 25.02 2 3 211
224 25.02 2 3 211
224 25.02 2 3 211
224 25.02 2 3 211
224 25.02 2 3 211
224 25.02 3 4 211
224 25.02 3 4 211
224 25.02 3 4 211
224 25.02 3 4 211
224 25.02 3 4 211
224 25.02 3 4 211
224 25.02 3 4 211
224 25.02 3 4 211
224 25.02 3 4 211
224 25.02 3 4 211
224 25.02 3 4 211
224 25.02 4 5 211
224 25.02 4 5 211
224 25.02 4 5 211
224 25.02 4 5 211
224 25.02 4 5 211
224 25.02 4 5 211
224 25.02 4 5 211
224 25.02 4 5 211
224 25.02 4 5 211
224 25.02 4 5 211
224 25.02 4 5 211
224 25.02 4 5 211
224 25.02 5 6 211
224 25.02 5 6 211
224 25.02 5 6 211
224 25.02 5 6 211
224 25.02 5 6 211
224 25.02 5 6 211
224 25.02 5 6 211
224 25.02 5 6 211
224 25.02 5 6 211
224 25.02 5 6 211
224 25.02 6 7 211
224 25.02 6 7 211
224 25.02 6 7 211
224 25.02 6 7 211
224 25.02 6 7 211
224 25.02 6 7 211
224 25.02 6 7 211
224 25.02 6 7 211
224 25.02 6 7 211
224 25.02 6 7 211
224 25.02 6 7 211
224 25.02 7 8 211
224 25.02 7 8 211
224 25.02 7 8 211
224 25.02 7 8 211
224 25.02 7 8 211
224 25.02 7 8 211
224 25.02 7 8 211
224 25.02 7 8 211
224 25.02 7 8 211
224 25.02 7 8 211
224 25.02 7 8 211
224 25.02 8 9 211
224 25.02 8 9 211
224 25.02 8 9 211
224 25.02 8 9 211
224 25.02 8 9 211
224 25.02 8 9 211
224 25.02 8 9 211
224 25.02 8 9 211
224 25.02 8 9 211
224 25.02 8 9 211
224 25.02 8 9 211
224 25.02 9 10 211
224 25.02 9 10 211
224 25.02 9 10 211
224 25.02 9 10 211
224 25.02 9 10 211
224 25.02 9 10 211
224 25.02 9 10 211
224 25.02 9 10 211
224 25.02 9 10 211
224 25.02 9 10 211
224 25.02 9 10 211
224 25.02 9 10 211
224 25.02 10 11 211
224 25.02 10 11 211
224 25.02 10 11 211
224 25.02 10 11 211
224 25.02 10 11 211
224 25.02 11 12 211
224 25.02 11 12 211
224 25.02 11 12 211
224 25.02 11 12 211
224 25.02 12 13 211
224 25.02 12 13 211
224 25.02 12 13 211
224 25.02 12 13 211
224 25.02 12 13 211
224 25.02 13 14 211
224 25.02 13 14 211
224 25.02 13 14 211
224 25.02 13 14 211
224 25.02 13 14 211
224 25.02 13 14 211
224 25.02 14 15 211
224 25.02 14 15 211
224 25.02 15 16 211
224 25.02 15 16 211
224 25.02 15 16 211
224 25.02 16 17 211
224 25.02 16 17 211
224 25.02 17 18 211
224 25.02 18 19 211
224 25.02 19 20 211
225 25.02 3 4 113
225 25.02 3 4 113
225 25.02 3 4 113
225 25.02 3 4 113
225 25.02 3 4 113
225 25.02 3 4 113
225 25.02 3 4 113
225 25.02 3 4 113
225 25.02 4 5 113
225 25.02 4 5 113
225 25.02 4 5 113
225 25.02 4 5 113
225 25.02 4 5 113
225 25.02 4 5 113
225 25.02 4 5 113
225 25.02 5 6 113
225 25.02 5 6 113
225 25.02 5 6 113
225 25.02 5 6 113
225 25.02 5 6 113
225 25.02 5 6 113
225 25.02 5 6 113
225 25.02 5 6 113
225 25.02 6 7 113
225 25.02 6 7 113
225 25.02 6 7 113
225 25.02 6 7 113
225 25.02 6 7 113
225 25.02 6 7 113
225 25.02 6 7 113
225 25.02 6 7 113
225 25.02 7 8 113
225 25.02 7 8 113
225 25.02 7 8 113
225 25.02 7 8 113
225 25.02 8 9 113
225 25.02 8 9 113
225 25.02 8 9 113
225 25.02 9 10 113
225 25.02 9 10 113
225 25.02 9 10 113
225 25.02 9 10 113
225 25.02 9 10 113
225 25.02 10 11 113
225 25.02 10 11 113
225 25.02 10 11 113
225 25.02 10 11 113
225 25.02 10 11 113
225 25.02 10 11 113
225 25.02 10 11 113
225 25.02 10 11 113
225 25.02 10 11 113
225 25.02 10 11 113
225 25.02 10 11 113
225 25.02 10 11 113
225 25.02 11 12 113
225 25.02 11 12 113
225 25.02 11 12 113
225 25.02 11 12 113
225 25.02 11 12 113
225 25.02 11 12 113
225 25.02 11 12 113
225 25.02 11 12 113
225 25.02 11 12 113
225 25.02 11 12 113
225 25.02 11 12 113
225 25.02 11 12 113
225 25.02 12 13 113
225 25.02 12 13 113
225 25.02 12 13 113
225 25.02 12 13 113
225 25.02 12 13 113
225 25.02 12 13 113
225 25.02 12 13 113
225 25.02 12 13 113
225 25.02 12 13 113
225 25.02 12 13 113
225 25.02 12 13 113
225 25.02 12 13 113
225 25.02 13 14 113
225 25.02 13 14 113
225 25.02 13 14 113
225 25.02 13 14 113
225 25.02 13 14 113
225 25.02 13 14 113
225 25.02 13 14 113
225 25.02 13 14 113
225 25.02 13 14 113
225 25.02 13 14 113
225 25.02 13 14 113
225 25.02 13 14 113
225 25.02 14 15 113
225 25.02 14 15 113
225 25.02 14 15 113
225 25.02 14 15 113
225 25.02 15 16 113
225 25.02 15 16 113
225 25.02 15 16 113
225 25.02 15 16 113
225 25.02 15 16 113
225 25.02 16 17 113
225 25.02 16 17 113
225 25.02 16 17 113
225 25.02 16 17 113
225 25.02 16 17 113
225 25.02 17 18 113
225 25.02 17 18 113
225 25.02 18 19 113
225 25.02 19 20 113
225 25.02 20 21 113
225 25.02 24 25 113
225 25.02 25 26 113
225 25.02 27 28 113
226 25.02 1 1.01 81
226 25.02 1 1.01 81
226 25.02 1 1.01 81
226 25.02 1 1.01 81
226 25.02 1 1.01 81
226 25.02 1 1.01 81
226 25.02 1 1.01 81
226 25.02 1 1.01 81
226 25.02 1 1.01 81
226 25.02 1 2 81
226 25.02 1 2 81
226 25.02 1 2 81
226 25.02 1 2 81
226 25.02 1 2 81
226 25.02 1 2 81
226 25.02 1 2 81
226 25.02 1 2 81
226 25.02 1 2 81
226 25.02 2 3 81
226 25.02 2 3 81
226 25.02 2 3 81
226 25.02 2 3 81
226 25.02 2 3 81
226 25.02 2 3 81
226 25.02 2 3 81
226 25.02 2 3 81
226 25.02 3 4 81
226 25.02 3 4 81
226 25.02 3 4 81
226 25.02 3 4 81
226 25.02 3 4 81
226 25.02 3 4 81
226 25.02 3 4 81
226 25.02 3 4 81
226 25.02 3 4 81
226 25.02 3 4 81
226 25.02 3 4 81
226 25.02 4 5 81
226 25.02 4 5 81
226 25.02 4 5 81
226 25.02 4 5 81
226 25.02 4 5 81
226 25.02 4 5 81
226 25.02 4 5 81
226 25.02 4 5 81
226 25.02 4 5 81
226 25.02 4 5 81
226 25.02 4 5 81
226 25.02 5 6 81
226 25.02 5 6 81
226 25.02 5 6 81
226 25.02 5 6 81
226 25.02 5 6 81
226 25.02 5 6 81
226 25.02 5 6 81
226 25.02 5 6 81
226 25.02 5 6 81
226 25.02 5 6 81
226 25.02 5 6 81
226 25.02 6 7 81
226 25.02 6 7 81
226 25.02 6 7 81
226 25.02 6 7 81
226 25.02 6 7 81
226 25.02 6 7 81
226 25.02 6 7 81
226 25.02 6 7 81
226 25.02 6 7 81
226 25.02 6 7 81
226 25.02 7 8 81
226 25.02 7 8 81
226 25.02 7 8 81
226 25.02 8 9 81
226 25.02 8 9 81
226 25.02 9 10 81
226 25.02 9 10 81
226 25.02 10 11 81
226 25.02 14 15 81
226 25.02 15 16 81
226 25.02 15 16 81
226 25.02 16 17 81
227 25.02 1 1.01 156
227 25.02 1 1.01 156
227 25.02 1 1.01 156
227 25.02 1 1.01 156
227 25.02 1 1.01 156
227 25.02 1 1.01 156
227 25.02 1 1.01 156
227 25.02 1 1.01 156
227 25.02 1 1.01 156
227 25.02 1 1.01 156
227 25.02 1 1.01 156
227 25.02 1 1.01 156
227 25.02 1 1.01 156
227 25.02 1 1.01 156
227 25.02 1 1.01 156
227 25.02 1 1.01 156
227 25.02 1 1.01 156
227 25.02 1 1.01 156
227 25.02 1 1.01 156
227 25.02 1 1.01 156
227 25.02 1 1.01 156
227 25.02 1 1.01 156
227 25.02 1 1.01 156
227 25.02 1 1.01 156
227 25.02 1 1.01 156
227 25.02 1 1.01 156
227 25.02 1 1.01 156
227 25.02 1 1.01 156
227 25.02 1 2 156
227 25.02 1 2 156
227 25.02 1 2 156
227 25.02 1 2 156
227 25.02 1 2 156
227 25.02 1 2 156
227 25.02 1 2 156
227 25.02 1 2 156
227 25.02 1 2 156
227 25.02 1 2 156
227 25.02 1 2 156
227 25.02 1 2 156
227 25.02 1 2 156
227 25.02 1 2 156
227 25.02 1 2 156
227 25.02 1 2 156
227 25.02 1 2 156
227 25.02 1 2 156
227 25.02 1 2 156
227 25.02 1 2 156
227 25.02 1 2 156
227 25.02 1 2 156
227 25.02 1 2 156
227 25.02 1 2 156
227 25.02 1 2 156
227 25.02 1 2 156
227 25.02 1 2 156
227 25.02 1 2 156
227 25.02 2 3 156
227 25.02 2 3 156
227 25.02 2 3 156
227 25.02 2 3 156
227 25.02 2 3 156
227 25.02 2 3 156
227 25.02 2 3 156
227 25.02 2 3 156
227 25.02 2 3 156
227 25.02 2 3 156
227 25.02 2 3 156
227 25.02 2 3 156
227 25.02 2 3 156
227 25.02 2 3 156
227 25.02 2 3 156
227 25.02 2 3 156
227 25.02 2 3 156
227 25.02 2 3 156
227 25.02 2 3 156
227 25.02 2 3 156
227 25.02 2 3 156
227 25.02 2 3 156
227 25.02 2 3 156
227 25.02 2 3 156
227 25.02 2 3 156
227 25.02 2 3 156
227 25.02 2 3 156
227 25.02 3 4 156
227 25.02 3 4 156
227 25.02 3 4 156
227 25.02 3 4 156
227 25.02 3 4 156
227 25.02 3 4 156
227 25.02 3 4 156
227 25.02 3 4 156
227 25.02 4 5 156
227 25.02 4 5 156
227 25.02 4 5 156
227 25.02 4 5 156
227 25.02 4 5 156
227 25.02 4 5 156
227 25.02 4 5 156
227 25.02 4 5 156
227 25.02 5 6 156
227 25.02 5 6 156
227 25.02 5 6 156
227 25.02 5 6 156
227 25.02 5 6 156
227 25.02 5 6 156
227 25.02 6 7 156
227 25.02 6 7 156
227 25.02 6 7 156
227 25.02 6 7 156
227 25.02 6 7 156
227 25.02 6 7 156
227 25.02 6 7 156
227 25.02 7 8 156
227 25.02 7 8 156
227 25.02 7 8 156
227 25.02 7 8 156
227 25.02 7 8 156
227 25.02 7 8 156
227 25.02 7 8 156
227 25.02 8 9 156
227 25.02 8 9 156
227 25.02 8 9 156
227 25.02 8 9 156
227 25.02 8 9 156
227 25.02 8 9 156
227 25.02 8 9 156
227 25.02 9 10 156
227 25.02 9 10 156
227 25.02 9 10 156
227 25.02 9 10 156
227 25.02 9 10 156
227 25.02 9 10 156
227 25.02 9 10 156
227 25.02 10 11 156
227 25.02 10 11 156
227 25.02 11 12 156
227 25.02 11 12 156
227 25.02 12 13 156
227 25.02 12 13 156
227 25.02 12 13 156
227 25.02 13 14 156
227 25.02 13 14 156
227 25.02 13 14 156
227 25.02 14 15 156
227 25.02 14 15 156
227 25.02 15 16 156
227 25.02 15 16 156
227 25.02 15 16 156
227 25.02 16 17 156
227 25.02 16 17 156
227 25.02 17 18 156
227 25.02 18 19 156
227 25.02 18 19 156
227 25.02 19 20 156
227 25.02 20 21 156
227 25.02 20 21 156
228 25.03 1 2 39
228 25.03 1 2 39
228 25.03 1 2 39
228 25.03 1 2 39
228 25.03 1 2 39
228 25.03 1 2 39
228 25.03 1 2 39
228 25.03 1 2 39
228 25.03 1 2 39
228 25.03 1 2 39
228 25.03 1 2 39
228 25.03 1 2 39
228 25.03 1 2 39
228 25.03 1 2 39
228 25.03 1 2 39
228 25.03 1 2 39
228 25.03 1 2 39
228 25.03 2 3 39
228 25.03 2 3 39
228 25.03 2 3 39
228 25.03 2 3 39
228 25.03 2 3 39
228 25.03 2 3 39
228 25.03 2 3 39
228 25.03 2 3 39
228 25.03 2 3 39
228 25.03 2 3 39
228 25.03 3 4 39
228 25.03 3 4 39
228 25.03 3 4 39
228 25.03 3 4 39
228 25.03 4 5 39
228 25.03 4 5 39
228 25.03 4 5 39
228 25.03 4 5 39
228 25.03 5 6 39
228 25.03 5 6 39
228 25.03 5 6 39
228 25.03 5 6 39
229 25.03 1 2 103
229 25.03 1 2 103
229 25.03 1 2 103
229 25.03 1 2 103
229 25.03 1 2 103
229 25.03 1 2 103
229 25.03 2 3 103
229 25.03 2 3 103
229 25.03 2 3 103
229 25.03 2 3 103
229 25.03 2 3 103
229 25.03 2 3 103
229 25.03 2 3 103
229 25.03 2 3 103
229 25.03 2 3 103
229 25.03 2 3 103
229 25.03 2 3 103
229 25.03 2 3 103
229 25.03 3 4 103
229 25.03 3 4 103
229 25.03 3 4 103
229 25.03 3 4 103
229 25.03 3 4 103
229 25.03 3 4 103
229 25.03 3 4 103
229 25.03 3 4 103
229 25.03 4 5 103
229 25.03 4 5 103
229 25.03 4 5 103
229 25.03 5 6 103
229 25.03 5 6 103
229 25.03 5 6 103
229 25.03 5 6 103
229 25.03 5 6 103
229 25.03 5 6 103
229 25.03 5 6 103
229 25.03 5 6 103
229 25.03 5 6 103
229 25.03 5 6 103
229 25.03 6 7 103
229 25.03 6 7 103
229 25.03 6 7 103
229 25.03 6 7 103
229 25.03 6 7 103
229 25.03 6 7 103
229 25.03 6 7 103
229 25.03 6 7 103
229 25.03 6 7 103
229 25.03 6 7 103
229 25.03 6 7 103
229 25.03 6 7 103
229 25.03 6 7 103
229 25.03 6 7 103
229 25.03 6 7 103
229 25.03 6 7 103
229 25.03 6 7 103
229 25.03 6 7 103
229 25.03 6 7 103
229 25.03 6 7 103
229 25.03 6 7 103
229 25.03 6 7 103
229 25.03 6 7 103
229 25.03 6 7 103
229 25.03 6 7 103
229 25.03 6 7 103
229 25.03 6 7 103
229 25.03 6 7 103
229 25.03 6 7 103
229 25.03 6 7 103
229 25.03 6 7 103
229 25.03 6 7 103
229 25.03 6 7 103
229 25.03 6 7 103
229 25.03 6 7 103
229 25.03 6 7 103
229 25.03 6 7 103
229 25.03 7 8 103
229 25.03 7 8 103
229 25.03 7 8 103
229 25.03 7 8 103
229 25.03 7 8 103
229 25.03 7 8 103
229 25.03 7 8 103
229 25.03 7 8 103
229 25.03 7 8 103
229 25.03 7 8 103
229 25.03 7 8 103
229 25.03 8 9 103
229 25.03 9 10 103
229 25.03 9 10 103
229 25.03 9 10 103
229 25.03 9 10 103
229 25.03 9 10 103
229 25.03 9 10 103
229 25.03 9 10 103
229 25.03 9 10 103
229 25.03 10 11 103
229 25.03 10 11 103
229 25.03 10 11 103
229 25.03 10 11 103
229 25.03 12 13 103
229 25.03 12 13 103
229 25.03 13 14 103
230 25.03 1 2 68
230 25.03 1 2 68
230 25.03 1 2 68
230 25.03 1 2 68
230 25.03 1 2 68
230 25.03 2 3 68
230 25.03 2 3 68
230 25.03 2 3 68
230 25.03 2 3 68
230 25.03 2 3 68
230 25.03 2 3 68
230 25.03 2 3 68
230 25.03 2 3 68
230 25.03 2 3 68
230 25.03 2 3 68
230 25.03 2 3 68
230 25.03 2 3 68
230 25.03 2 3 68
230 25.03 2 3 68
230 25.03 2 3 68
230 25.03 2 3 68
230 25.03 2 3 68
230 25.03 2 3 68
230 25.03 3 4 68
230 25.03 3 4 68
230 25.03 3 4 68
230 25.03 3 4 68
230 25.03 3 4 68
230 25.03 3 4 68
230 25.03 4 5 68
230 25.03 4 5 68
230 25.03 4 5 68
230 25.03 4 5 68
230 25.03 4 5 68
230 25.03 4 5 68
230 25.03 5 6 68
230 25.03 5 6 68
230 25.03 5 6 68
230 25.03 5 6 68
230 25.03 5 6 68
230 25.03 5 6 68
230 25.03 5 6 68
230 25.03 6 7 68
230 25.03 6 7 68
230 25.03 6 7 68
230 25.03 6 7 68
230 25.03 6 7 68
230 25.03 6 7 68
230 25.03 6 7 68
230 25.03 6 7 68
230 25.03 6 7 68
230 25.03 7 8 68
230 25.03 7 8 68
230 25.03 7 8 68
230 25.03 7 8 68
230 25.03 8 9 68
230 25.03 9 10 68
230 25.03 9 10 68
230 25.03 9 10 68
230 25.03 9 10 68
230 25.03 10 11 68
230 25.03 12 13 68
230 25.03 13 14 68
230 25.03 14 15 68
230 25.03 14 15 68
230 25.03 15 16 68
230 25.03 15 16 68
230 25.03 16 17 68
231 25.03 1 1.01 176
231 25.03 1 1.01 176
231 25.03 1 1.01 176
231 25.03 1 1.01 176
231 25.03 1 2 176
231 25.03 1 2 176
231 25.03 1 2 176
231 25.03 1 2 176
231 25.03 1 2 176
231 25.03 1 2 176
231 25.03 1 2 176
231 25.03 1 2 176
231 25.03 1 2 176
231 25.03 1 2 176
231 25.03 1 2 176
231 25.03 1 2 176
231 25.03 1 2 176
231 25.03 1 2 176
231 25.03 1 2 176
231 25.03 1 2 176
231 25.03 1 2 176
231 25.03 1 2 176
231 25.03 1 2 176
231 25.03 1 2 176
231 25.03 1 2 176
231 25.03 1 2 176
231 25.03 1 2 176
231 25.03 1 2 176
231 25.03 1 2 176
231 25.03 1 2 176
231 25.03 1 2 176
231 25.03 1 2 176
231 25.03 1 2 176
231 25.03 1 2 176
231 25.03 1 2 176
231 25.03 1 2 176
231 25.03 1 2 176
231 25.03 2 3 176
231 25.03 2 3 176
231 25.03 2 3 176
231 25.03 2 3 176
231 25.03 2 3 176
231 25.03 2 3 176
231 25.03 2 3 176
231 25.03 2 3 176
231 25.03 2 3 176
231 25.03 2 3 176
231 25.03 2 3 176
231 25.03 2 3 176
231 25.03 2 3 176
231 25.03 2 3 176
231 25.03 2 3 176
231 25.03 2 3 176
231 25.03 2 3 176
231 25.03 3 4 176
231 25.03 3 4 176
231 25.03 3 4 176
231 25.03 3 4 176
231 25.03 3 4 176
231 25.03 3 4 176
231 25.03 3 4 176
231 25.03 3 4 176
231 25.03 4 5 176
231 25.03 5 6 176
231 25.03 6 7 176
231 25.03 6 7 176
231 25.03 6 7 176
231 25.03 6 7 176
231 25.03 6 7 176
231 25.03 6 7 176
231 25.03 6 7 176
231 25.03 7 8 176
231 25.03 7 8 176
231 25.03 7 8 176
231 25.03 7 8 176
231 25.03 7 8 176
231 25.03 7 8 176
231 25.03 7 8 176
231 25.03 7 8 176
231 25.03 7 8 176
231 25.03 7 8 176
231 25.03 7 8 176
231 25.03 7 8 176
231 25.03 7 8 176
231 25.03 7 8 176
231 25.03 7 8 176
231 25.03 7 8 176
231 25.03 7 8 176
231 25.03 7 8 176
231 25.03 7 8 176
231 25.03 7 8 176
231 25.03 7 8 176
231 25.03 7 8 176
231 25.03 7 8 176
231 25.03 8 9 176
231 25.03 8 9 176
231 25.03 8 9 176
231 25.03 8 9 176
231 25.03 8 9 176
231 25.03 8 9 176
231 25.03 8 9 176
231 25.03 8 9 176
231 25.03 8 9 176
231 25.03 8 9 176
231 25.03 8 9 176
231 25.03 9 10 176
231 25.03 9 10 176
231 25.03 9 10 176
231 25.03 9 10 176
231 25.03 9 10 176
231 25.03 9 10 176
231 25.03 9 10 176
231 25.03 9 10 176
231 25.03 9 10 176
231 25.03 9 10 176
231 25.03 9 10 176
231 25.03 9 10 176
231 25.03 9 10 176
231 25.03 9 10 176
231 25.03 9 10 176
231 25.03 9 10 176
231 25.03 9 10 176
231 25.03 9 10 176
231 25.03 9 10 176
231 25.03 9 10 176
231 25.03 9 10 176
231 25.03 9 10 176
231 25.03 9 10 176
231 25.03 10 11 176
231 25.03 10 11 176
231 25.03 10 11 176
231 25.03 10 11 176
231 25.03 10 11 176
231 25.03 10 11 176
231 25.03 10 11 176
231 25.03 10 11 176
231 25.03 10 11 176
231 25.03 10 11 176
231 25.03 10 11 176
231 25.03 10 11 176
231 25.03 10 11 176
231 25.03 10 11 176
231 25.03 10 11 176
231 25.03 10 11 176
231 25.03 10 11 176
231 25.03 10 11 176
231 25.03 11 12 176
231 25.03 11 12 176
231 25.03 11 12 176
231 25.03 11 12 176
231 25.03 11 12 176
231 25.03 11 12 176
231 25.03 12 13 176
231 25.03 12 13 176
231 25.03 12 13 176
231 25.03 12 13 176
231 25.03 12 13 176
231 25.03 12 13 176
231 25.03 12 13 176
231 25.03 13 14 176
231 25.03 13 14 176
231 25.03 13 14 176
231 25.03 13 14 176
231 25.03 13 14 176
231 25.03 13 14 176
231 25.03 13 14 176
231 25.03 15 16 176
231 25.03 15 16 176
231 25.03 16 17 176
231 25.03 16 17 176
231 25.03 17 18 176
231 25.03 17 18 176
231 25.03 18 19 176
231 25.03 19 20 176
231 25.03 20 21 176
231 25.03 20 21 176
232 25.03 1 2 133
232 25.03 1 2 133
232 25.03 1 2 133
232 25.03 1 2 133
232 25.03 1 2 133
232 25.03 1 2 133
232 25.03 1 2 133
232 25.03 1 2 133
232 25.03 1 2 133
232 25.03 1 2 133
232 25.03 1 2 133
232 25.03 1 2 133
232 25.03 1 2 133
232 25.03 1 2 133
232 25.03 1 2 133
232 25.03 1 2 133
232 25.03 1 2 133
232 25.03 1 2 133
232 25.03 1 2 133
232 25.03 1 2 133
232 25.03 1 2 133
232 25.03 1 2 133
232 25.03 1 2 133
232 25.03 1 2 133
232 25.03 1 2 133
232 25.03 1 2 133
232 25.03 1 2 133
232 25.03 1 2 133
232 25.03 2 3 133
232 25.03 2 3 133
232 25.03 2 3 133
232 25.03 2 3 133
232 25.03 2 3 133
232 25.03 2 3 133
232 25.03 2 3 133
232 25.03 2 3 133
232 25.03 2 3 133
232 25.03 2 3 133
232 25.03 2 3 133
232 25.03 2 3 133
232 25.03 2 3 133
232 25.03 2 3 133
232 25.03 2 3 133
232 25.03 2 3 133
232 25.03 2 3 133
232 25.03 2 3 133
232 25.03 2 3 133
232 25.03 2 3 133
232 25.03 2 3 133
232 25.03 2 3 133
232 25.03 2 3 133
232 25.03 2 3 133
232 25.03 2 3 133
232 25.03 2 3 133
232 25.03 3 4 133
232 25.03 3 4 133
232 25.03 3 4 133
232 25.03 3 4 133
232 25.03 3 4 133
232 25.03 3 4 133
232 25.03 3 4 133
232 25.03 3 4 133
232 25.03 3 4 133
232 25.03 4 5 133
232 25.03 4 5 133
232 25.03 4 5 133
232 25.03 4 5 133
232 25.03 4 5 133
232 25.03 4 5 133
232 25.03 4 5 133
232 25.03 4 5 133
232 25.03 4 5 133
232 25.03 4 5 133
232 25.03 4 5 133
232 25.03 5 6 133
232 25.03 5 6 133
232 25.03 5 6 133
232 25.03 5 6 133
232 25.03 5 6 133
232 25.03 5 6 133
232 25.03 5 6 133
232 25.03 5 6 133
232 25.03 5 6 133
232 25.03 5 6 133
232 25.03 5 6 133
232 25.03 5 6 133
232 25.03 5 6 133
232 25.03 5 6 133
232 25.03 5 6 133
232 25.03 5 6 133
232 25.03 6 7 133
232 25.03 6 7 133
232 25.03 6 7 133
232 25.03 6 7 133
232 25.03 6 7 133
232 25.03 6 7 133
232 25.03 6 7 133
232 25.03 6 7 133
232 25.03 6 7 133
232 25.03 6 7 133
232 25.03 6 7 133
232 25.03 6 7 133
232 25.03 7 8 133
232 25.03 7 8 133
232 25.03 7 8 133
232 25.03 7 8 133
232 25.03 7 8 133
232 25.03 7 8 133
232 25.03 7 8 133
232 25.03 7 8 133
232 25.03 8 9 133
232 25.03 8 9 133
232 25.03 8 9 133
232 25.03 8 9 133
232 25.03 8 9 133
232 25.03 8 9 133
232 25.03 8 9 133
232 25.03 9 10 133
232 25.03 9 10 133
232 25.03 10 11 133
232 25.03 10 11 133
232 25.03 10 11 133
232 25.03 10 11 133
232 25.03 10 11 133
232 25.03 12 13 133
232 25.03 12 13 133
232 25.03 12 13 133
232 25.03 13 14 133
232 25.03 13 14 133
232 25.03 15 16 133
232 25.03 16 17 133
232 25.03 17 18 133
232 25.03 18 19 133
233 25.03 1 2 143
233 25.03 1 2 143
233 25.03 1 2 143
233 25.03 1 2 143
233 25.03 1 2 143
233 25.03 1 2 143
233 25.03 1 2 143
233 25.03 1 2 143
233 25.03 1 2 143
233 25.03 1 2 143
233 25.03 1 2 143
233 25.03 1 2 143
233 25.03 1 2 143
233 25.03 1 2 143
233 25.03 1 2 143
233 25.03 1 2 143
233 25.03 1 2 143
233 25.03 1 2 143
233 25.03 1 2 143
233 25.03 1 2 143
233 25.03 1 2 143
233 25.03 1 2 143
233 25.03 1 2 143
233 25.03 1 2 143
233 25.03 2 3 143
233 25.03 2 3 143
233 25.03 2 3 143
233 25.03 2 3 143
233 25.03 2 3 143
233 25.03 2 3 143
233 25.03 2 3 143
233 25.03 2 3 143
233 25.03 2 3 143
233 25.03 2 3 143
233 25.03 2 3 143
233 25.03 2 3 143
233 25.03 2 3 143
233 25.03 2 3 143
233 25.03 2 3 143
233 25.03 2 3 143
233 25.03 2 3 143
233 25.03 2 3 143
233 25.03 2 3 143
233 25.03 2 3 143
233 25.03 2 3 143
233 25.03 2 3 143
233 25.03 2 3 143
233 25.03 2 3 143
233 25.03 2 3 143
233 25.03 2 3 143
233 25.03 2 3 143
233 25.03 2 3 143
233 25.03 2 3 143
233 25.03 2 3 143
233 25.03 2 3 143
233 25.03 2 3 143
233 25.03 2 3 143
233 25.03 3 4 143
233 25.03 3 4 143
233 25.03 3 4 143
233 25.03 3 4 143
233 25.03 3 4 143
233 25.03 3 4 143
233 25.03 4 5 143
233 25.03 4 5 143
233 25.03 4 5 143
233 25.03 4 5 143
233 25.03 4 5 143
233 25.03 4 5 143
233 25.03 4 5 143
233 25.03 4 5 143
233 25.03 4 5 143
233 25.03 4 5 143
233 25.03 4 5 143
233 25.03 4 5 143
233 25.03 4 5 143
233 25.03 4 5 143
233 25.03 4 5 143
233 25.03 4 5 143
233 25.03 5 6 143
233 25.03 5 6 143
233 25.03 5 6 143
233 25.03 5 6 143
233 25.03 5 6 143
233 25.03 5 6 143
233 25.03 5 6 143
233 25.03 5 6 143
233 25.03 6 7 143
233 25.03 6 7 143
233 25.03 6 7 143
233 25.03 6 7 143
233 25.03 6 7 143
233 25.03 6 7 143
233 25.03 6 7 143
233 25.03 6 7 143
233 25.03 6 7 143
233 25.03 6 7 143
233 25.03 6 7 143
233 25.03 6 7 143
233 25.03 6 7 143
233 25.03 6 7 143
233 25.03 7 8 143
233 25.03 7 8 143
233 25.03 7 8 143
233 25.03 7 8 143
233 25.03 7 8 143
233 25.03 7 8 143
233 25.03 7 8 143
233 25.03 7 8 143
233 25.03 7 8 143
233 25.03 7 8 143
233 25.03 7 8 143
233 25.03 8 9 143
233 25.03 8 9 143
233 25.03 8 9 143
233 25.03 8 9 143
233 25.03 8 9 143
233 25.03 9 10 143
233 25.03 9 10 143
233 25.03 9 10 143
233 25.03 9 10 143
233 25.03 9 10 143
233 25.03 9 10 143
233 25.03 9 10 143
233 25.03 10 11 143
233 25.03 10 11 143
233 25.03 10 11 143
233 25.03 10 11 143
233 25.03 11 12 143
233 25.03 11 12 143
233 25.03 11 12 143
233 25.03 14 15 143
233 25.03 15 16 143
233 25.03 16 17 143
233 25.03 18 19 143
233 25.03 18 19 143
233 25.03 19 20 143
233 25.03 20 21 143
233 25.03 20 21 143
233 25.03 21 22 143
233 25.03 21 22 143
233 25.03 24 25 143
233 25.03 24 25 143
234 25.03 1 2 162
234 25.03 1 2 162
234 25.03 1 2 162
234 25.03 1 2 162
234 25.03 1 2 162
234 25.03 1 2 162
234 25.03 1 2 162
234 25.03 1 2 162
234 25.03 1 2 162
234 25.03 1 2 162
234 25.03 1 2 162
234 25.03 1 2 162
234 25.03 1 2 162
234 25.03 1 2 162
234 25.03 1 2 162
234 25.03 1 2 162
234 25.03 1 2 162
234 25.03 1 2 162
234 25.03 1 2 162
234 25.03 1 2 162
234 25.03 1 2 162
234 25.03 1 2 162
234 25.03 1 2 162
234 25.03 1 2 162
234 25.03 1 2 162
234 25.03 1 2 162
234 25.03 1 2 162
234 25.03 1 2 162
234 25.03 1 2 162
234 25.03 1 2 162
234 25.03 1 2 162
234 25.03 1 2 162
234 25.03 1 2 162
234 25.03 1 2 162
234 25.03 1 2 162
234 25.03 1 2 162
234 25.03 1 2 162
234 25.03 1 2 162
234 25.03 1 2 162
234 25.03 1 2 162
234 25.03 1 2 162
234 25.03 1 2 162
234 25.03 1 2 162
234 25.03 1 2 162
234 25.03 1 2 162
234 25.03 1 2 162
234 25.03 1 2 162
234 25.03 1 2 162
234 25.03 2 3 162
234 25.03 2 3 162
234 25.03 2 3 162
234 25.03 2 3 162
234 25.03 2 3 162
234 25.03 2 3 162
234 25.03 2 3 162
234 25.03 2 3 162
234 25.03 2 3 162
234 25.03 2 3 162
234 25.03 2 3 162
234 25.03 2 3 162
234 25.03 2 3 162
234 25.03 2 3 162
234 25.03 2 3 162
234 25.03 2 3 162
234 25.03 2 3 162
234 25.03 2 3 162
234 25.03 2 3 162
234 25.03 2 3 162
234 25.03 2 3 162
234 25.03 2 3 162
234 25.03 2 3 162
234 25.03 3 4 162
234 25.03 3 4 162
234 25.03 3 4 162
234 25.03 3 4 162
234 25.03 3 4 162
234 25.03 3 4 162
234 25.03 3 4 162
234 25.03 3 4 162
234 25.03 3 4 162
234 25.03 3 4 162
234 25.03 3 4 162
234 25.03 3 4 162
234 25.03 3 4 162
234 25.03 3 4 162
234 25.03 3 4 162
234 25.03 3 4 162
234 25.03 3 4 162
234 25.03 3 4 162
234 25.03 3 4 162
234 25.03 3 4 162
234 25.03 3 4 162
234 25.03 3 4 162
234 25.03 3 4 162
234 25.03 3 4 162
234 25.03 3 4 162
234 25.03 3 4 162
234 25.03 3 4 162
234 25.03 3 4 162
234 25.03 3 4 162
234 25.03 4 5 162
234 25.03 4 5 162
234 25.03 4 5 162
234 25.03 4 5 162
234 25.03 4 5 162
234 25.03 4 5 162
234 25.03 4 5 162
234 25.03 4 5 162
234 25.03 4 5 162
234 25.03 4 5 162
234 25.03 4 5 162
234 25.03 4 5 162
234 25.03 4 5 162
234 25.03 4 5 162
234 25.03 4 5 162
234 25.03 4 5 162
234 25.03 5 6 162
234 25.03 5 6 162
234 25.03 5 6 162
234 25.03 5 6 162
234 25.03 5 6 162
234 25.03 5 6 162
234 25.03 5 6 162
234 25.03 5 6 162
234 25.03 5 6 162
234 25.03 5 6 162
234 25.03 5 6 162
234 25.03 5 6 162
234 25.03 5 6 162
234 25.03 5 6 162
234 25.03 5 6 162
234 25.03 6 7 162
234 25.03 6 7 162
234 25.03 6 7 162
234 25.03 6 7 162
234 25.03 6 7 162
234 25.03 6 7 162
234 25.03 6 7 162
234 25.03 6 7 162
234 25.03 7 8 162
234 25.03 7 8 162
234 25.03 8 9 162
234 25.03 8 9 162
234 25.03 8 9 162
234 25.03 8 9 162
234 25.03 8 9 162
234 25.03 9 10 162
234 25.03 9 10 162
234 25.03 9 10 162
234 25.03 9 10 162
234 25.03 9 10 162
234 25.03 10 11 162
234 25.03 10 11 162
234 25.03 10 11 162
234 25.03 10 11 162
234 25.03 12 13 162
234 25.03 13 14 162
234 25.03 14 15 162
234 25.03 14 15 162
234 25.03 14 15 162
234 25.03 14 15 162
234 25.03 14 15 162
235 25.03 1 2 87
235 25.03 1 2 87
235 25.03 1 2 87
235 25.03 1 2 87
235 25.03 1 2 87
235 25.03 1 2 87
235 25.03 1 2 87
235 25.03 1 2 87
235 25.03 1 2 87
235 25.03 1 2 87
235 25.03 1 2 87
235 25.03 2 3 87
235 25.03 2 3 87
235 25.03 2 3 87
235 25.03 2 3 87
235 25.03 2 3 87
235 25.03 2 3 87
235 25.03 2 3 87
235 25.03 2 3 87
235 25.03 2 3 87
235 25.03 2 3 87
235 25.03 2 3 87
235 25.03 2 3 87
235 25.03 2 3 87
235 25.03 2 3 87
235 25.03 2 3 87
235 25.03 2 3 87
235 25.03 2 3 87
235 25.03 2 3 87
235 25.03 2 3 87
235 25.03 3 4 87
235 25.03 3 4 87
235 25.03 3 4 87
235 25.03 3 4 87
235 25.03 3 4 87
235 25.03 3 4 87
235 25.03 3 4 87
235 25.03 3 4 87
235 25.03 3 4 87
235 25.03 3 4 87
235 25.03 3 4 87
235 25.03 3 4 87
235 25.03 3 4 87
235 25.03 3 4 87
235 25.03 3 4 87
235 25.03 3 4 87
235 25.03 4 5 87
235 25.03 4 5 87
235 25.03 4 5 87
235 25.03 4 5 87
235 25.03 4 5 87
235 25.03 5 6 87
235 25.03 5 6 87
235 25.03 5 6 87
235 25.03 5 6 87
235 25.03 5 6 87
235 25.03 5 6 87
235 25.03 5 6 87
235 25.03 5 6 87
235 25.03 5 6 87
235 25.03 5 6 87
235 25.03 6 7 87
235 25.03 6 7 87
235 25.03 6 7 87
235 25.03 6 7 87
235 25.03 6 7 87
235 25.03 6 7 87
235 25.03 7 8 87
235 25.03 7 8 87
235 25.03 7 8 87
235 25.03 8 9 87
235 25.03 8 9 87
235 25.03 8 9 87
235 25.03 8 9 87
235 25.03 8 9 87
235 25.03 11 12 87
235 25.03 12 13 87
235 25.03 12 13 87
235 25.03 12 13 87
235 25.03 12 13 87
235 25.03 13 14 87
235 25.03 13 14 87
235 25.03 14 15 87
235 25.03 14 15 87
235 25.03 17 18 87
235 25.03 18 19 87
235 25.03 20 21 87
236 25.03 1 1.01 45
236 25.03 1 1.01 45
236 25.03 1 1.01 45
236 25.03 1 1.01 45
236 25.03 1 1.01 45
236 25.03 1 1.01 45
236 25.03 1 1.01 45
236 25.03 1 1.01 45
236 25.03 1 1.01 45
236 25.03 1 1.01 45
236 25.03 1 1.01 45
236 25.03 1 1.01 45
236 25.03 1 1.01 45
236 25.03 1 1.01 45
236 25.03 1 1.01 45
236 25.03 1 1.01 45
236 25.03 1 1.01 45
236 25.03 1 1.01 45
236 25.03 1 1.01 45
236 25.03 1 1.01 45
236 25.03 1 1.01 45
236 25.03 1 1.01 45
236 25.03 1 1.01 45
236 25.03 1 1.01 45
236 25.03 1 1.01 45
236 25.03 1 1.01 45
236 25.03 1 1.01 45
236 25.03 1 1.01 45
236 25.03 1 1.01 45
236 25.03 1 1.01 45
236 25.03 1 1.01 45
236 25.03 1 1.01 45
236 25.03 1 1.01 45
236 25.03 1 1.01 45
236 25.03 1 1.01 45
236 25.03 1 1.01 45
236 25.03 1 1.01 45
236 25.03 1 1.01 45
236 25.03 1 1.01 45
236 25.03 1 2 45
236 25.03 1 2 45
236 25.03 1 2 45
236 25.03 1 2 45
236 25.03 1 2 45
236 25.03 1 2 45
237 25.03 1 1.01 92
237 25.03 1 1.01 92
237 25.03 1 1.01 92
237 25.03 1 1.01 92
237 25.03 1 1.01 92
237 25.03 1 1.01 92
237 25.03 1 1.01 92
237 25.03 1 1.01 92
237 25.03 1 1.01 92
237 25.03 1 1.01 92
237 25.03 1 1.01 92
237 25.03 1 1.01 92
237 25.03 1 1.01 92
237 25.03 1 1.01 92
237 25.03 1 1.01 92
237 25.03 1 1.01 92
237 25.03 1 1.01 92
237 25.03 1 1.01 92
237 25.03 1 1.01 92
237 25.03 1 2 92
237 25.03 1 2 92
237 25.03 1 2 92
237 25.03 1 2 92
237 25.03 1 2 92
237 25.03 1 2 92
237 25.03 1 2 92
237 25.03 1 2 92
237 25.03 1 2 92
237 25.03 1 2 92
237 25.03 1 2 92
237 25.03 1 2 92
237 25.03 1 2 92
237 25.03 1 2 92
237 25.03 1 2 92
237 25.03 1 2 92
237 25.03 1 2 92
237 25.03 2 3 92
237 25.03 2 3 92
237 25.03 2 3 92
237 25.03 2 3 92
237 25.03 2 3 92
237 25.03 2 3 92
237 25.03 2 3 92
237 25.03 2 3 92
237 25.03 2 3 92
237 25.03 2 3 92
237 25.03 2 3 92
237 25.03 2 3 92
237 25.03 2 3 92
237 25.03 3 4 92
237 25.03 3 4 92
237 25.03 3 4 92
237 25.03 3 4 92
237 25.03 3 4 92
237 25.03 3 4 92
237 25.03 3 4 92
237 25.03 4 5 92
237 25.03 4 5 92
237 25.03 4 5 92
237 25.03 4 5 92
237 25.03 4 5 92
237 25.03 4 5 92
237 25.03 5 6 92
237 25.03 5 6 92
237 25.03 5 6 92
237 25.03 5 6 92
237 25.03 5 6 92
237 25.03 5 6 92
237 25.03 5 6 92
237 25.03 5 6 92
237 25.03 5 6 92
237 25.03 5 6 92
237 25.03 5 6 92
237 25.03 5 6 92
237 25.03 5 6 92
237 25.03 6 7 92
237 25.03 6 7 92
237 25.03 6 7 92
237 25.03 6 7 92
237 25.03 6 7 92
237 25.03 6 7 92
237 25.03 6 7 92
237 25.03 6 7 92
237 25.03 6 7 92
237 25.03 6 7 92
237 25.03 7 8 92
237 25.03 7 8 92
237 25.03 7 8 92
237 25.03 7 8 92
237 25.03 8 9 92
237 25.03 8 9 92
237 25.03 8 9 92
238 25.03 1 2 10
238 25.03 1 2 10
238 25.03 1 2 10
238 25.03 1 2 10
238 25.03 1 2 10
238 25.03 1 2 10
238 25.03 1 2 10
238 25.03 2 3 10
238 25.03 3 4 10
238 25.03 7 8 10
239 25.03 1 1.01 139
239 25.03 1 1.01 139
239 25.03 1 1.01 139
239 25.03 1 1.01 139
239 25.03 1 1.01 139
239 25.03 1 2 139
239 25.03 1 2 139
239 25.03 1 2 139
239 25.03 1 2 139
239 25.03 1 2 139
239 25.03 1 2 139
239 25.03 1 2 139
239 25.03 1 2 139
239 25.03 1 2 139
239 25.03 1 2 139
239 25.03 1 2 139
239 25.03 1 2 139
239 25.03 1 2 139
239 25.03 1 2 139
239 25.03 1 2 139
239 25.03 1 2 139
239 25.03 1 2 139
239 25.03 1 2 139
239 25.03 1 2 139
239 25.03 1 2 139
239 25.03 1 2 139
239 25.03 1 2 139
239 25.03 1 2 139
239 25.03 1 2 139
239 25.03 1 2 139
239 25.03 1 2 139
239 25.03 1 2 139
239 25.03 1 2 139
239 25.03 1 2 139
239 25.03 2 3 139
239 25.03 2 3 139
239 25.03 2 3 139
239 25.03 2 3 139
239 25.03 2 3 139
239 25.03 2 3 139
239 25.03 2 3 139
239 25.03 2 3 139
239 25.03 2 3 139
239 25.03 2 3 139
239 25.03 2 3 139
239 25.03 2 3 139
239 25.03 2 3 139
239 25.03 2 3 139
239 25.03 2 3 139
239 25.03 2 3 139
239 25.03 2 3 139
239 25.03 2 3 139
239 25.03 2 3 139
239 25.03 2 3 139
239 25.03 2 3 139
239 25.03 2 3 139
239 25.03 2 3 139
239 25.03 2 3 139
239 25.03 2 3 139
239 25.03 2 3 139
239 25.03 2 3 139
239 25.03 2 3 139
239 25.03 3 4 139
239 25.03 3 4 139
239 25.03 3 4 139
239 25.03 3 4 139
239 25.03 3 4 139
239 25.03 3 4 139
239 25.03 3 4 139
239 25.03 4 5 139
239 25.03 4 5 139
239 25.03 4 5 139
239 25.03 4 5 139
239 25.03 4 5 139
239 25.03 4 5 139
239 25.03 4 5 139
239 25.03 4 5 139
239 25.03 4 5 139
239 25.03 4 5 139
239 25.03 4 5 139
239 25.03 4 5 139
239 25.03 4 5 139
239 25.03 4 5 139
239 25.03 5 6 139
239 25.03 5 6 139
239 25.03 5 6 139
239 25.03 5 6 139
239 25.03 5 6 139
239 25.03 5 6 139
239 25.03 5 6 139
239 25.03 5 6 139
239 25.03 5 6 139
239 25.03 6 7 139
239 25.03 6 7 139
239 25.03 6 7 139
239 25.03 6 7 139
239 25.03 6 7 139
239 25.03 6 7 139
239 25.03 6 7 139
239 25.03 6 7 139
239 25.03 6 7 139
239 25.03 6 7 139
239 25.03 7 8 139
239 25.03 7 8 139
239 25.03 7 8 139
239 25.03 7 8 139
239 25.03 7 8 139
239 25.03 7 8 139
239 25.03 7 8 139
239 25.03 7 8 139
239 25.03 7 8 139
239 25.03 7 8 139
239 25.03 8 9 139
239 25.03 8 9 139
239 25.03 8 9 139
239 25.03 8 9 139
239 25.03 8 9 139
239 25.03 9 10 139
239 25.03 9 10 139
239 25.03 9 10 139
239 25.03 10 11 139
239 25.03 10 11 139
239 25.03 11 12 139
239 25.03 11 12 139
239 25.03 11 12 139
239 25.03 12 13 139
239 25.03 12 13 139
239 25.03 13 14 139
239 25.03 13 14 139
239 25.03 13 14 139
239 25.03 14 15 139
239 25.03 14 15 139
239 25.03 14 15 139
239 25.03 15 16 139
239 25.03 15 16 139
239 25.03 15 16 139
239 25.03 15 16 139
239 25.03 16 17 139
239 25.03 16 17 139
240 25.03 1 1.01 118
240 25.03 1 1.01 118
240 25.03 1 2 118
240 25.03 1 2 118
240 25.03 1 2 118
240 25.03 1 2 118
240 25.03 1 2 118
240 25.03 1 2 118
240 25.03 1 2 118
240 25.03 1 2 118
240 25.03 2 3 118
240 25.03 2 3 118
240 25.03 2 3 118
240 25.03 2 3 118
240 25.03 2 3 118
240 25.03 2 3 118
240 25.03 2 3 118
240 25.03 2 3 118
240 25.03 2 3 118
240 25.03 2 3 118
240 25.03 2 3 118
240 25.03 2 3 118
240 25.03 2 3 118
240 25.03 2 3 118
240 25.03 2 3 118
240 25.03 2 3 118
240 25.03 2 3 118
240 25.03 2 3 118
240 25.03 2 3 118
240 25.03 2 3 118
240 25.03 2 3 118
240 25.03 2 3 118
240 25.03 2 3 118
240 25.03 2 3 118
240 25.03 2 3 118
240 25.03 2 3 118
240 25.03 2 3 118
240 25.03 2 3 118
240 25.03 2 3 118
240 25.03 2 3 118
240 25.03 2 3 118
240 25.03 3 4 118
240 25.03 3 4 118
240 25.03 3 4 118
240 25.03 3 4 118
240 25.03 3 4 118
240 25.03 3 4 118
240 25.03 3 4 118
240 25.03 3 4 118
240 25.03 3 4 118
240 25.03 3 4 118
240 25.03 3 4 118
240 25.03 3 4 118
240 25.03 3 4 118
240 25.03 4 5 118
240 25.03 4 5 118
240 25.03 4 5 118
240 25.03 4 5 118
240 25.03 4 5 118
240 25.03 4 5 118
240 25.03 4 5 118
240 25.03 4 5 118
240 25.03 5 6 118
240 25.03 5 6 118
240 25.03 5 6 118
240 25.03 5 6 118
240 25.03 5 6 118
240 25.03 5 6 118
240 25.03 5 6 118
240 25.03 5 6 118
240 25.03 5 6 118
240 25.03 5 6 118
240 25.03 5 6 118
240 25.03 5 6 118
240 25.03 5 6 118
240 25.03 5 6 118
240 25.03 5 6 118
240 25.03 6 7 118
240 25.03 6 7 118
240 25.03 6 7 118
240 25.03 6 7 118
240 25.03 6 7 118
240 25.03 6 7 118
240 25.03 7 8 118
240 25.03 7 8 118
240 25.03 7 8 118
240 25.03 7 8 118
240 25.03 7 8 118
240 25.03 7 8 118
240 25.03 7 8 118
240 25.03 7 8 118
240 25.03 7 8 118
240 25.03 7 8 118
240 25.03 7 8 118
240 25.03 8 9 118
240 25.03 8 9 118
240 25.03 8 9 118
240 25.03 8 9 118
240 25.03 9 10 118
240 25.03 9 10 118
240 25.03 9 10 118
240 25.03 9 10 118
240 25.03 9 10 118
240 25.03 9 10 118
240 25.03 9 10 118
240 25.03 10 11 118
240 25.03 10 11 118
240 25.03 11 12 118
240 25.03 11 12 118
240 25.03 12 13 118
240 25.03 12 13 118
240 25.03 13 14 118
240 25.03 13 14 118
240 25.03 14 15 118
240 25.03 14 15 118
240 25.03 15 16 118
240 25.03 15 16 118
240 25.03 16 17 118
241 25.03 1 2 88
241 25.03 1 2 88
241 25.03 1 2 88
241 25.03 1 2 88
241 25.03 1 2 88
241 25.03 1 2 88
241 25.03 2 3 88
241 25.03 2 3 88
241 25.03 2 3 88
241 25.03 2 3 88
241 25.03 2 3 88
241 25.03 2 3 88
241 25.03 2 3 88
241 25.03 2 3 88
241 25.03 2 3 88
241 25.03 2 3 88
241 25.03 2 3 88
241 25.03 2 3 88
241 25.03 2 3 88
241 25.03 2 3 88
241 25.03 2 3 88
241 25.03 2 3 88
241 25.03 2 3 88
241 25.03 2 3 88
241 25.03 3 4 88
241 25.03 3 4 88
241 25.03 3 4 88
241 25.03 3 4 88
241 25.03 3 4 88
241 25.03 3 4 88
241 25.03 3 4 88
241 25.03 3 4 88
241 25.03 4 5 88
241 25.03 4 5 88
241 25.03 5 6 88
241 25.03 5 6 88
241 25.03 5 6 88
241 25.03 5 6 88
241 25.03 5 6 88
241 25.03 5 6 88
241 25.03 5 6 88
241 25.03 5 6 88
241 25.03 5 6 88
241 25.03 5 6 88
241 25.03 5 6 88
241 25.03 5 6 88
241 25.03 5 6 88
241 25.03 5 6 88
241 25.03 5 6 88
241 25.03 5 6 88
241 25.03 6 7 88
241 25.03 6 7 88
241 25.03 6 7 88
241 25.03 6 7 88
241 25.03 6 7 88
241 25.03 6 7 88
241 25.03 6 7 88
241 25.03 6 7 88
241 25.03 6 7 88
241 25.03 6 7 88
241 25.03 6 7 88
241 25.03 7 8 88
241 25.03 7 8 88
241 25.03 7 8 88
241 25.03 7 8 88
241 25.03 7 8 88
241 25.03 7 8 88
241 25.03 7 8 88
241 25.03 7 8 88
241 25.03 8 9 88
241 25.03 8 9 88
241 25.03 8 9 88
241 25.03 8 9 88
241 25.03 9 10 88
241 25.03 9 10 88
241 25.03 9 10 88
241 25.03 10 11 88
241 25.03 10 11 88
241 25.03 10 11 88
241 25.03 12 13 88
241 25.03 12 13 88
241 25.03 13 14 88
241 25.03 13 14 88
241 25.03 13 14 88
241 25.03 14 15 88
241 25.03 16 17 88
241 25.03 18 19 88
241 25.03 19 20 88
242 25.03 2 3 15
242 25.03 2 3 15
242 25.03 2 3 15
242 25.03 2 3 15
242 25.03 2 3 15
242 25.03 2 3 15
242 25.03 2 3 15
242 25.03 2 3 15
242 25.03 2 3 15
242 25.03 2 3 15
242 25.03 2 3 15
242 25.03 2 3 15
242 25.03 2 3 15
242 25.03 3 4 15
242 25.03 3 4 15
243 25.03 2 3 89
243 25.03 2 3 89
243 25.03 2 3 89
243 25.03 2 3 89
243 25.03 2 3 89
243 25.03 2 3 89
243 25.03 2 3 89
243 25.03 2 3 89
243 25.03 2 3 89
243 25.03 2 3 89
243 25.03 2 3 89
243 25.03 2 3 89
243 25.03 2 3 89
243 25.03 2 3 89
243 25.03 2 3 89
243 25.03 3 4 89
243 25.03 3 4 89
243 25.03 3 4 89
243 25.03 4 5 89
243 25.03 4 5 89
243 25.03 5 6 89
243 25.03 6 7 89
243 25.03 6 7 89
243 25.03 6 7 89
243 25.03 7 8 89
243 25.03 7 8 89
243 25.03 7 8 89
243 25.03 7 8 89
243 25.03 7 8 89
243 25.03 7 8 89
243 25.03 7 8 89
243 25.03 7 8 89
243 25.03 7 8 89
243 25.03 7 8 89
243 25.03 7 8 89
243 25.03 7 8 89
243 25.03 8 9 89
243 25.03 8 9 89
243 25.03 8 9 89
243 25.03 8 9 89
243 25.03 8 9 89
243 25.03 8 9 89
243 25.03 8 9 89
243 25.03 8 9 89
243 25.03 8 9 89
243 25.03 8 9 89
243 25.03 8 9 89
243 25.03 8 9 89
243 25.03 8 9 89
243 25.03 8 9 89
243 25.03 8 9 89
243 25.03 9 10 89
243 25.03 9 10 89
243 25.03 9 10 89
243 25.03 9 10 89
243 25.03 9 10 89
243 25.03 9 10 89
243 25.03 9 10 89
243 25.03 9 10 89
243 25.03 9 10 89
243 25.03 9 10 89
243 25.03 9 10 89
243 25.03 9 10 89
243 25.03 10 11 89
243 25.03 10 11 89
243 25.03 10 11 89
243 25.03 10 11 89
243 25.03 11 12 89
243 25.03 11 12 89
243 25.03 12 13 89
243 25.03 12 13 89
243 25.03 12 13 89
243 25.03 13 14 89
243 25.03 13 14 89
243 25.03 13 14 89
243 25.03 13 14 89
243 25.03 14 15 89
243 25.03 14 15 89
243 25.03 14 15 89
243 25.03 14 15 89
243 25.03 14 15 89
243 25.03 14 15 89
243 25.03 15 16 89
243 25.03 15 16 89
243 25.03 15 16 89
243 25.03 15 16 89
243 25.03 16 17 89
243 25.03 16 17 89
243 25.03 16 17 89
244 25.03 2 3 75
244 25.03 2 3 75
244 25.03 2 3 75
244 25.03 2 3 75
244 25.03 2 3 75
244 25.03 2 3 75
244 25.03 2 3 75
244 25.03 2 3 75
244 25.03 2 3 75
244 25.03 2 3 75
244 25.03 2 3 75
244 25.03 2 3 75
244 25.03 2 3 75
244 25.03 2 3 75
244 25.03 2 3 75
244 25.03 2 3 75
244 25.03 2 3 75
244 25.03 2 3 75
244 25.03 2 3 75
244 25.03 2 3 75
244 25.03 2 3 75
244 25.03 2 3 75
244 25.03 2 3 75
244 25.03 3 4 75
244 25.03 3 4 75
244 25.03 3 4 75
244 25.03 3 4 75
244 25.03 3 4 75
244 25.03 3 4 75
244 25.03 4 5 75
244 25.03 5 6 75
244 25.03 5 6 75
244 25.03 5 6 75
244 25.03 5 6 75
244 25.03 5 6 75
244 25.03 5 6 75
244 25.03 5 6 75
244 25.03 5 6 75
244 25.03 5 6 75
244 25.03 6 7 75
244 25.03 6 7 75
244 25.03 6 7 75
244 25.03 6 7 75
244 25.03 6 7 75
244 25.03 6 7 75
244 25.03 6 7 75
244 25.03 6 7 75
244 25.03 7 8 75
244 25.03 7 8 75
244 25.03 7 8 75
244 25.03 7 8 75
244 25.03 7 8 75
244 25.03 7 8 75
244 25.03 7 8 75
244 25.03 7 8 75
244 25.03 7 8 75
244 25.03 7 8 75
244 25.03 7 8 75
244 25.03 7 8 75
244 25.03 7 8 75
244 25.03 8 9 75
244 25.03 8 9 75
244 25.03 8 9 75
244 25.03 8 9 75
244 25.03 8 9 75
244 25.03 8 9 75
244 25.03 8 9 75
244 25.03 8 9 75
244 25.03 9 10 75
244 25.03 9 10 75
244 25.03 9 10 75
244 25.03 10 11 75
244 25.03 10 11 75
244 25.03 10 11 75
244 25.03 10 11 75
245 25.03 1 2 151
245 25.03 1 2 151
245 25.03 1 2 151
245 25.03 1 2 151
245 25.03 1 2 151
245 25.03 1 2 151
245 25.03 1 2 151
245 25.03 1 2 151
245 25.03 1 2 151
245 25.03 1 2 151
245 25.03 1 2 151
245 25.03 1 2 151
245 25.03 1 2 151
245 25.03 1 2 151
245 25.03 1 2 151
245 25.03 1 2 151
245 25.03 1 2 151
245 25.03 1 2 151
245 25.03 1 2 151
245 25.03 1 2 151
245 25.03 1 2 151
245 25.03 1 2 151
245 25.03 1 2 151
245 25.03 1 2 151
245 25.03 2 3 151
245 25.03 2 3 151
245 25.03 2 3 151
245 25.03 2 3 151
245 25.03 2 3 151
245 25.03 2 3 151
245 25.03 2 3 151
245 25.03 2 3 151
245 25.03 2 3 151
245 25.03 2 3 151
245 25.03 2 3 151
245 25.03 2 3 151
245 25.03 2 3 151
245 25.03 2 3 151
245 25.03 2 3 151
245 25.03 2 3 151
245 25.03 2 3 151
245 25.03 2 3 151
245 25.03 2 3 151
245 25.03 2 3 151
245 25.03 2 3 151
245 25.03 2 3 151
245 25.03 2 3 151
245 25.03 2 3 151
245 25.03 2 3 151
245 25.03 2 3 151
245 25.03 2 3 151
245 25.03 2 3 151
245 25.03 2 3 151
245 25.03 2 3 151
245 25.03 2 3 151
245 25.03 3 4 151
245 25.03 3 4 151
245 25.03 3 4 151
245 25.03 3 4 151
245 25.03 3 4 151
245 25.03 3 4 151
245 25.03 3 4 151
245 25.03 3 4 151
245 25.03 3 4 151
245 25.03 3 4 151
245 25.03 3 4 151
245 25.03 3 4 151
245 25.03 3 4 151
245 25.03 3 4 151
245 25.03 3 4 151
245 25.03 3 4 151
245 25.03 3 4 151
245 25.03 3 4 151
245 25.03 3 4 151
245 25.03 4 5 151
245 25.03 4 5 151
245 25.03 4 5 151
245 25.03 4 5 151
245 25.03 4 5 151
245 25.03 4 5 151
245 25.03 4 5 151
245 25.03 4 5 151
245 25.03 4 5 151
245 25.03 4 5 151
245 25.03 4 5 151
245 25.03 4 5 151
245 25.03 4 5 151
245 25.03 4 5 151
245 25.03 4 5 151
245 25.03 5 6 151
245 25.03 5 6 151
245 25.03 5 6 151
245 25.03 5 6 151
245 25.03 5 6 151
245 25.03 5 6 151
245 25.03 5 6 151
245 25.03 5 6 151
245 25.03 5 6 151
245 25.03 5 6 151
245 25.03 5 6 151
245 25.03 5 6 151
245 25.03 5 6 151
245 25.03 5 6 151
245 25.03 5 6 151
245 25.03 5 6 151
245 25.03 5 6 151
245 25.03 5 6 151
245 25.03 5 6 151
245 25.03 6 7 151
245 25.03 6 7 151
245 25.03 6 7 151
245 25.03 6 7 151
245 25.03 6 7 151
245 25.03 6 7 151
245 25.03 6 7 151
245 25.03 6 7 151
245 25.03 7 8 151
245 25.03 7 8 151
245 25.03 7 8 151
245 25.03 7 8 151
245 25.03 7 8 151
245 25.03 7 8 151
245 25.03 7 8 151
245 25.03 7 8 151
245 25.03 7 8 151
245 25.03 7 8 151
245 25.03 7 8 151
245 25.03 8 9 151
245 25.03 8 9 151
245 25.03 9 10 151
245 25.03 9 10 151
245 25.03 9 10 151
245 25.03 9 10 151
245 25.03 9 10 151
245 25.03 9 10 151
245 25.03 9 10 151
245 25.03 10 11 151
245 25.03 10 11 151
245 25.03 10 11 151
245 25.03 10 11 151
245 25.03 10 11 151
245 25.03 10 11 151
245 25.03 12 13 151
245 25.03 12 13 151
245 25.03 13 14 151
245 25.03 13 14 151
245 25.03 15 16 151
245 25.03 15 16 151
245 25.03 15 16 151
245 25.03 16 17 151
245 25.03 17 18 151
246 25.03 1 1.01 142
246 25.03 1 1.01 142
246 25.03 1 1.01 142
246 25.03 1 1.01 142
246 25.03 1 1.01 142
246 25.03 1 1.01 142
246 25.03 1 1.01 142
246 25.03 1 2 142
246 25.03 1 2 142
246 25.03 1 2 142
246 25.03 1 2 142
246 25.03 1 2 142
246 25.03 1 2 142
246 25.03 1 2 142
246 25.03 1 2 142
246 25.03 1 2 142
246 25.03 1 2 142
246 25.03 1 2 142
246 25.03 1 2 142
246 25.03 1 2 142
246 25.03 1 2 142
246 25.03 1 2 142
246 25.03 1 2 142
246 25.03 1 2 142
246 25.03 2 3 142
246 25.03 2 3 142
246 25.03 2 3 142
246 25.03 2 3 142
246 25.03 2 3 142
246 25.03 2 3 142
246 25.03 2 3 142
246 25.03 2 3 142
246 25.03 2 3 142
246 25.03 2 3 142
246 25.03 2 3 142
246 25.03 2 3 142
246 25.03 2 3 142
246 25.03 2 3 142
246 25.03 2 3 142
246 25.03 2 3 142
246 25.03 2 3 142
246 25.03 2 3 142
246 25.03 2 3 142
246 25.03 2 3 142
246 25.03 2 3 142
246 25.03 2 3 142
246 25.03 2 3 142
246 25.03 2 3 142
246 25.03 2 3 142
246 25.03 2 3 142
246 25.03 2 3 142
246 25.03 2 3 142
246 25.03 2 3 142
246 25.03 2 3 142
246 25.03 2 3 142
246 25.03 2 3 142
246 25.03 2 3 142
246 25.03 2 3 142
246 25.03 2 3 142
246 25.03 3 4 142
246 25.03 3 4 142
246 25.03 3 4 142
246 25.03 3 4 142
246 25.03 3 4 142
246 25.03 3 4 142
246 25.03 3 4 142
246 25.03 3 4 142
246 25.03 3 4 142
246 25.03 3 4 142
246 25.03 3 4 142
246 25.03 3 4 142
246 25.03 3 4 142
246 25.03 3 4 142
246 25.03 3 4 142
246 25.03 3 4 142
246 25.03 3 4 142
246 25.03 3 4 142
246 25.03 4 5 142
246 25.03 4 5 142
246 25.03 4 5 142
246 25.03 4 5 142
246 25.03 4 5 142
246 25.03 4 5 142
246 25.03 4 5 142
246 25.03 5 6 142
246 25.03 5 6 142
246 25.03 5 6 142
246 25.03 5 6 142
246 25.03 5 6 142
246 25.03 5 6 142
246 25.03 5 6 142
246 25.03 5 6 142
246 25.03 5 6 142
246 25.03 6 7 142
246 25.03 6 7 142
246 25.03 6 7 142
246 25.03 6 7 142
246 25.03 6 7 142
246 25.03 6 7 142
246 25.03 6 7 142
246 25.03 6 7 142
246 25.03 6 7 142
246 25.03 6 7 142
246 25.03 6 7 142
246 25.03 6 7 142
246 25.03 6 7 142
246 25.03 6 7 142
246 25.03 6 7 142
246 25.03 6 7 142
246 25.03 6 7 142
246 25.03 6 7 142
246 25.03 6 7 142
246 25.03 6 7 142
246 25.03 6 7 142
246 25.03 7 8 142
246 25.03 8 9 142
246 25.03 8 9 142
246 25.03 8 9 142
246 25.03 8 9 142
246 25.03 8 9 142
246 25.03 8 9 142
246 25.03 9 10 142
246 25.03 9 10 142
246 25.03 9 10 142
246 25.03 9 10 142
246 25.03 9 10 142
246 25.03 9 10 142
246 25.03 9 10 142
246 25.03 9 10 142
246 25.03 9 10 142
246 25.03 9 10 142
246 25.03 9 10 142
246 25.03 9 10 142
246 25.03 9 10 142
246 25.03 10 11 142
246 25.03 10 11 142
246 25.03 10 11 142
246 25.03 10 11 142
246 25.03 10 11 142
246 25.03 10 11 142
246 25.03 11 12 142
246 25.03 11 12 142
247 25.03 1 2 103
247 25.03 1 2 103
247 25.03 1 2 103
247 25.03 1 2 103
247 25.03 1 2 103
247 25.03 1 2 103
247 25.03 1 2 103
247 25.03 1 2 103
247 25.03 1 2 103
247 25.03 1 2 103
247 25.03 1 2 103
247 25.03 1 2 103
247 25.03 1 2 103
247 25.03 1 2 103
247 25.03 1 2 103
247 25.03 1 2 103
247 25.03 2 3 103
247 25.03 2 3 103
247 25.03 2 3 103
247 25.03 2 3 103
247 25.03 2 3 103
247 25.03 2 3 103
247 25.03 2 3 103
247 25.03 2 3 103
247 25.03 2 3 103
247 25.03 2 3 103
247 25.03 2 3 103
247 25.03 3 4 103
247 25.03 3 4 103
247 25.03 3 4 103
247 25.03 3 4 103
247 25.03 3 4 103
247 25.03 3 4 103
247 25.03 3 4 103
247 25.03 3 4 103
247 25.03 3 4 103
247 25.03 3 4 103
247 25.03 4 5 103
247 25.03 4 5 103
247 25.03 4 5 103
247 25.03 4 5 103
247 25.03 4 5 103
247 25.03 4 5 103
247 25.03 4 5 103
247 25.03 4 5 103
247 25.03 4 5 103
247 25.03 4 5 103
247 25.03 4 5 103
247 25.03 4 5 103
247 25.03 4 5 103
247 25.03 4 5 103
247 25.03 4 5 103
247 25.03 4 5 103
247 25.03 5 6 103
247 25.03 5 6 103
247 25.03 5 6 103
247 25.03 5 6 103
247 25.03 5 6 103
247 25.03 5 6 103
247 25.03 5 6 103
247 25.03 5 6 103
247 25.03 6 7 103
247 25.03 6 7 103
247 25.03 6 7 103
247 25.03 6 7 103
247 25.03 6 7 103
247 25.03 7 8 103
247 25.03 7 8 103
247 25.03 7 8 103
247 25.03 7 8 103
247 25.03 7 8 103
247 25.03 7 8 103
247 25.03 7 8 103
247 25.03 7 8 103
247 25.03 7 8 103
247 25.03 7 8 103
247 25.03 7 8 103
247 25.03 7 8 103
247 25.03 7 8 103
247 25.03 7 8 103
247 25.03 7 8 103
247 25.03 8 9 103
247 25.03 8 9 103
247 25.03 8 9 103
247 25.03 9 10 103
247 25.03 9 10 103
247 25.03 9 10 103
247 25.03 9 10 103
247 25.03 9 10 103
247 25.03 10 11 103
247 25.03 10 11 103
247 25.03 10 11 103
247 25.03 11 12 103
247 25.03 11 12 103
247 25.03 12 13 103
247 25.03 12 13 103
247 25.03 12 13 103
247 25.03 13 14 103
247 25.03 13 14 103
247 25.03 13 14 103
247 25.03 15 16 103
247 25.03 15 16 103
247 25.03 16 17 103
248 30 1 1.01 7
248 30 1 1.01 7
248 30 1 2 7
248 30 1 2 7
248 30 1 2 7
248 30 2 3 7
248 30 2 3 7
249 30 1 1.01 65
249 30 1 1.01 65
249 30 1 1.01 65
249 30 1 2 65
249 30 1 2 65
249 30 1 2 65
249 30 1 2 65
249 30 2 3 65
249 30 2 3 65
249 30 2 3 65
249 30 2 3 65
249 30 3 4 65
249 30 3 4 65
249 30 3 4 65
249 30 3 4 65
249 30 3 4 65
249 30 3 4 65
249 30 4 5 65
249 30 4 5 65
249 30 4 5 65
249 30 4 5 65
249 30 4 5 65
249 30 4 5 65
249 30 4 5 65
249 30 5 6 65
249 30 7 8 65
249 30 7 8 65
249 30 7 8 65
249 30 7 8 65
249 30 7 8 65
249 30 7 8 65
249 30 7 8 65
249 30 7 8 65
249 30 7 8 65
249 30 7 8 65
249 30 8 9 65
249 30 8 9 65
249 30 8 9 65
249 30 8 9 65
249 30 8 9 65
249 30 8 9 65
249 30 8 9 65
249 30 8 9 65
249 30 8 9 65
249 30 8 9 65
249 30 8 9 65
249 30 8 9 65
249 30 9 10 65
249 30 9 10 65
249 30 9 10 65
249 30 9 10 65
249 30 9 10 65
249 30 9 10 65
249 30 9 10 65
249 30 9 10 65
249 30 9 10 65
249 30 9 10 65
249 30 9 10 65
249 30 10 11 65
249 30 10 11 65
249 30 10 11 65
249 30 10 11 65
249 30 11 12 65
249 30 11 12 65
249 30 11 12 65
250 30 1 1.01 10
250 30 1 1.01 10
250 30 1 1.01 10
250 30 1 2 10
250 30 1 2 10
250 30 1 2 10
250 30 2 3 10
250 30 2 3 10
250 30 2 3 10
250 30 2 3 10
252 30 1 1.01 11
252 30 1 1.01 11
252 30 1 1.01 11
252 30 1 1.01 11
252 30 1 2 11
252 30 1 2 11
252 30 1 2 11
252 30 2 3 11
252 30 2 3 11
252 30 2 3 11
252 30 2 3 11
254 30 1 1.01 76
254 30 3 4 76
254 30 3 4 76
254 30 3 4 76
254 30 3 4 76
254 30 3 4 76
254 30 3 4 76
254 30 3 4 76
254 30 3 4 76
254 30 4 5 76
254 30 4 5 76
254 30 4 5 76
254 30 4 5 76
254 30 4 5 76
254 30 4 5 76
254 30 4 5 76
254 30 4 5 76
254 30 5 6 76
254 30 5 6 76
254 30 5 6 76
254 30 5 6 76
254 30 5 6 76
254 30 5 6 76
254 30 5 6 76
254 30 5 6 76
254 30 5 6 76
254 30 5 6 76
254 30 5 6 76
254 30 5 6 76
254 30 5 6 76
254 30 5 6 76
254 30 5 6 76
254 30 5 6 76
254 30 5 6 76
254 30 5 6 76
254 30 5 6 76
254 30 5 6 76
254 30 6 7 76
254 30 6 7 76
254 30 6 7 76
254 30 6 7 76
254 30 6 7 76
254 30 6 7 76
254 30 6 7 76
254 30 6 7 76
254 30 6 7 76
254 30 6 7 76
254 30 6 7 76
254 30 6 7 76
254 30 6 7 76
254 30 6 7 76
254 30 6 7 76
254 30 6 7 76
254 30 6 7 76
254 30 6 7 76
254 30 6 7 76
254 30 6 7 76
254 30 7 8 76
254 30 7 8 76
254 30 7 8 76
254 30 7 8 76
254 30 7 8 76
254 30 8 9 76
254 30 8 9 76
254 30 8 9 76
254 30 9 10 76
254 30 9 10 76
254 30 9 10 76
254 30 9 10 76
254 30 10 11 76
254 30 11 12 76
254 30 11 12 76
254 30 11 12 76
254 30 13 14 76
254 30 13 14 76
254 30 15 16 76
255 30 1 1.01 52
255 30 1 1.01 52
255 30 1 1.01 52
255 30 1 1.01 52
255 30 1 1.01 52
255 30 1 2 52
255 30 1 2 52
255 30 1 2 52
255 30 1 2 52
255 30 1 2 52
255 30 2 3 52
255 30 2 3 52
255 30 2 3 52
255 30 2 3 52
255 30 2 3 52
255 30 2 3 52
255 30 2 3 52
255 30 2 3 52
255 30 2 3 52
255 30 3 4 52
255 30 3 4 52
255 30 3 4 52
255 30 3 4 52
255 30 3 4 52
255 30 3 4 52
255 30 3 4 52
255 30 3 4 52
255 30 3 4 52
255 30 4 5 52
255 30 4 5 52
255 30 4 5 52
255 30 4 5 52
255 30 4 5 52
255 30 4 5 52
255 30 4 5 52
255 30 4 5 52
255 30 4 5 52
255 30 4 5 52
255 30 5 6 52
255 30 5 6 52
255 30 5 6 52
255 30 5 6 52
255 30 5 6 52
255 30 5 6 52
255 30 5 6 52
255 30 5 6 52
255 30 5 6 52
255 30 5 6 52
255 30 9 10 52
255 30 9 10 52
255 30 9 10 52
255 30 10 11 52
256 30 1 1.01 27
256 30 1 1.01 27
256 30 1 1.01 27
256 30 1 1.01 27
256 30 1 1.01 27
256 30 1 1.01 27
256 30 1 1.01 27
256 30 1 1.01 27
256 30 1 1.01 27
256 30 1 1.01 27
256 30 1 1.01 27
256 30 1 1.01 27
256 30 1 1.01 27
256 30 1 1.01 27
256 30 1 2 27
256 30 1 2 27
256 30 1 2 27
256 30 1 2 27
256 30 1 2 27
256 30 1 2 27
256 30 1 2 27
256 30 1 2 27
256 30 1 2 27
256 30 1 2 27
256 30 1 2 27
256 30 1 2 27
256 30 1 2 27
257 30 1 1.01 55
257 30 1 1.01 55
257 30 1 2 55
257 30 1 2 55
257 30 1 2 55
257 30 2 3 55
257 30 2 3 55
257 30 2 3 55
257 30 2 3 55
257 30 2 3 55
257 30 2 3 55
257 30 2 3 55
257 30 3 4 55
257 30 3 4 55
257 30 3 4 55
257 30 3 4 55
257 30 3 4 55
257 30 3 4 55
257 30 4 5 55
257 30 4 5 55
257 30 4 5 55
257 30 4 5 55
257 30 4 5 55
257 30 4 5 55
257 30 4 5 55
257 30 4 5 55
257 30 4 5 55
257 30 4 5 55
257 30 5 6 55
257 30 5 6 55
257 30 5 6 55
257 30 5 6 55
257 30 5 6 55
257 30 5 6 55
257 30 5 6 55
257 30 5 6 55
257 30 5 6 55
257 30 6 7 55
257 30 6 7 55
257 30 6 7 55
257 30 6 7 55
257 30 7 8 55
257 30 7 8 55
257 30 7 8 55
257 30 8 9 55
257 30 8 9 55
257 30 8 9 55
257 30 9 10 55
257 30 9 10 55
257 30 10 11 55
257 30 10 11 55
257 30 11 12 55
257 30 11 12 55
257 30 12 13 55
257 30 12 13 55
258 30 1 1.01 35
258 30 1 1.01 35
258 30 1 1.01 35
258 30 1 1.01 35
258 30 1 1.01 35
258 30 1 1.01 35
258 30 1 1.01 35
258 30 1 1.01 35
258 30 1 1.01 35
258 30 1 1.01 35
258 30 1 1.01 35
258 30 1 1.01 35
258 30 1 1.01 35
258 30 1 1.01 35
258 30 1 1.01 35
258 30 1 2 35
258 30 1 2 35
258 30 1 2 35
258 30 1 2 35
258 30 1 2 35
258 30 1 2 35
258 30 1 2 35
258 30 1 2 35
258 30 1 2 35
258 30 1 2 35
258 30 1 2 35
258 30 1 2 35
258 30 1 2 35
258 30 1 2 35
258 30 2 3 35
258 30 2 3 35
258 30 2 3 35
258 30 3 4 35
258 30 3 4 35
258 30 3 4 35
260 30 1 1.01 10
260 30 1 1.01 10
260 30 1 1.01 10
260 30 1 1.01 10
260 30 1 2 10
260 30 1 2 10
260 30 1 2 10
260 30 2 3 10
260 30 3 4 10
260 30 3 4 10
261 30 2 3 2
261 30 3 4 2
262 30 1 1.01 36
262 30 1 1.01 36
262 30 1 1.01 36
262 30 1 1.01 36
262 30 1 1.01 36
262 30 1 1.01 36
262 30 1 2 36
262 30 1 2 36
262 30 1 2 36
262 30 1 2 36
262 30 1 2 36
262 30 1 2 36
262 30 2 3 36
262 30 2 3 36
262 30 2 3 36
262 30 2 3 36
262 30 2 3 36
262 30 2 3 36
262 30 2 3 36
262 30 2 3 36
262 30 2 3 36
262 30 2 3 36
262 30 2 3 36
262 30 3 4 36
262 30 3 4 36
262 30 3 4 36
262 30 3 4 36
262 30 3 4 36
262 30 3 4 36
262 30 3 4 36
262 30 3 4 36
262 30 3 4 36
262 30 3 4 36
262 30 3 4 36
262 30 3 4 36
262 30 3 4 36
263 30 1 1.01 8
263 30 1 1.01 8
263 30 1 1.01 8
263 30 1 1.01 8
263 30 1 2 8
263 30 1 2 8
263 30 1 2 8
263 30 1 2 8
264 30 1 1.01 16
264 30 1 1.01 16
264 30 1 1.01 16
264 30 1 1.01 16
264 30 1 1.01 16
264 30 1 2 16
264 30 1 2 16
264 30 1 2 16
264 30 1 2 16
264 30 1 2 16
264 30 2 3 16
264 30 2 3 16
264 30 3 4 16
264 30 3 4 16
264 30 3 4 16
264 30 4 5 16
265 30.01 2 3 42
265 30.01 2 3 42
265 30.01 2 3 42
265 30.01 2 3 42
265 30.01 2 3 42
265 30.01 2 3 42
265 30.01 2 3 42
265 30.01 3 4 42
265 30.01 3 4 42
265 30.01 3 4 42
265 30.01 3 4 42
265 30.01 3 4 42
265 30.01 4 5 42
265 30.01 4 5 42
265 30.01 4 5 42
265 30.01 4 5 42
265 30.01 4 5 42
265 30.01 4 5 42
265 30.01 4 5 42
265 30.01 9 10 42
265 30.01 9 10 42
265 30.01 9 10 42
265 30.01 9 10 42
265 30.01 9 10 42
265 30.01 9 10 42
265 30.01 9 10 42
265 30.01 9 10 42
265 30.01 10 11 42
265 30.01 10 11 42
265 30.01 10 11 42
265 30.01 10 11 42
265 30.01 10 11 42
265 30.01 10 11 42
265 30.01 10 11 42
265 30.01 11 12 42
265 30.01 11 12 42
265 30.01 11 12 42
265 30.01 11 12 42
265 30.01 11 12 42
265 30.01 11 12 42
265 30.01 11 12 42
265 30.01 11 12 42
266 30.01 2 3 11
266 30.01 2 3 11
266 30.01 2 3 11
266 30.01 3 4 11
266 30.01 3 4 11
266 30.01 4 5 11
266 30.01 4 5 11
266 30.01 4 5 11
266 30.01 5 6 11
266 30.01 5 6 11
266 30.01 6 7 11
267 30.01 1 1.01 61
267 30.01 1 1.01 61
267 30.01 1 1.01 61
267 30.01 1 1.01 61
267 30.01 1 1.01 61
267 30.01 1 1.01 61
267 30.01 1 1.01 61
267 30.01 1 1.01 61
267 30.01 1 1.01 61
267 30.01 1 1.01 61
267 30.01 1 1.01 61
267 30.01 1 2 61
267 30.01 1 2 61
267 30.01 1 2 61
267 30.01 1 2 61
267 30.01 1 2 61
267 30.01 1 2 61
267 30.01 1 2 61
267 30.01 1 2 61
267 30.01 1 2 61
267 30.01 1 2 61
267 30.01 1 2 61
267 30.01 1 2 61
267 30.01 1 2 61
267 30.01 1 2 61
267 30.01 2 3 61
267 30.01 2 3 61
267 30.01 2 3 61
267 30.01 2 3 61
267 30.01 2 3 61
267 30.01 2 3 61
267 30.01 2 3 61
267 30.01 2 3 61
267 30.01 2 3 61
267 30.01 2 3 61
267 30.01 2 3 61
267 30.01 2 3 61
267 30.01 2 3 61
267 30.01 2 3 61
267 30.01 3 4 61
267 30.01 3 4 61
267 30.01 3 4 61
267 30.01 3 4 61
267 30.01 3 4 61
267 30.01 4 5 61
267 30.01 4 5 61
267 30.01 4 5 61
267 30.01 4 5 61
267 30.01 4 5 61
267 30.01 4 5 61
267 30.01 5 6 61
267 30.01 5 6 61
267 30.01 5 6 61
267 30.01 5 6 61
267 30.01 5 6 61
267 30.01 6 7 61
267 30.01 6 7 61
267 30.01 6 7 61
267 30.01 6 7 61
267 30.01 7 8 61
267 30.01 9 10 61
269 30.01 1 1.01 31
269 30.01 1 1.01 31
269 30.01 1 1.01 31
269 30.01 1 1.01 31
269 30.01 1 1.01 31
269 30.01 1 1.01 31
269 30.01 1 1.01 31
269 30.01 1 1.01 31
269 30.01 1 2 31
269 30.01 1 2 31
269 30.01 1 2 31
269 30.01 1 2 31
269 30.01 1 2 31
269 30.01 1 2 31
269 30.01 1 2 31
269 30.01 1 2 31
269 30.01 2 3 31
269 30.01 2 3 31
269 30.01 2 3 31
269 30.01 2 3 31
269 30.01 2 3 31
269 30.01 2 3 31
269 30.01 2 3 31
269 30.01 2 3 31
269 30.01 2 3 31
269 30.01 3 4 31
269 30.01 3 4 31
269 30.01 3 4 31
269 30.01 4 5 31
269 30.01 4 5 31
269 30.01 4 5 31
270 30.01 1 1.01 20
270 30.01 1 1.01 20
270 30.01 1 1.01 20
270 30.01 1 1.01 20
270 30.01 1 1.01 20
270 30.01 1 1.01 20
270 30.01 1 1.01 20
270 30.01 1 2 20
270 30.01 1 2 20
270 30.01 1 2 20
270 30.01 1 2 20
270 30.01 1 2 20
270 30.01 1 2 20
270 30.01 2 3 20
270 30.01 2 3 20
270 30.01 2 3 20
270 30.01 2 3 20
270 30.01 2 3 20
270 30.01 2 3 20
270 30.01 2 3 20
271 30.01 1 1.01 4
271 30.01 1 1.01 4
271 30.01 1 2 4
271 30.01 2 3 4
272 30.01 1 1.01 40
272 30.01 1 1.01 40
272 30.01 1 1.01 40
272 30.01 1 1.01 40
272 30.01 1 1.01 40
272 30.01 1 1.01 40
272 30.01 1 1.01 40
272 30.01 1 1.01 40
272 30.01 1 2 40
272 30.01 1 2 40
272 30.01 1 2 40
272 30.01 1 2 40
272 30.01 1 2 40
272 30.01 1 2 40
272 30.01 1 2 40
272 30.01 1 2 40
272 30.01 1 2 40
272 30.01 2 3 40
272 30.01 2 3 40
272 30.01 2 3 40
272 30.01 2 3 40
272 30.01 2 3 40
272 30.01 2 3 40
272 30.01 2 3 40
272 30.01 2 3 40
272 30.01 2 3 40
272 30.01 3 4 40
272 30.01 3 4 40
272 30.01 3 4 40
272 30.01 3 4 40
272 30.01 3 4 40
272 30.01 3 4 40
272 30.01 3 4 40
272 30.01 4 5 40
272 30.01 4 5 40
272 30.01 4 5 40
272 30.01 4 5 40
272 30.01 4 5 40
272 30.01 4 5 40
272 30.01 4 5 40
273 30.01 1 1.01 76
273 30.01 1 1.01 76
273 30.01 1 1.01 76
273 30.01 1 1.01 76
273 30.01 1 1.01 76
273 30.01 1 1.01 76
273 30.01 1 1.01 76
273 30.01 1 1.01 76
273 30.01 1 1.01 76
273 30.01 1 1.01 76
273 30.01 1 1.01 76
273 30.01 1 1.01 76
273 30.01 1 1.01 76
273 30.01 1 1.01 76
273 30.01 1 1.01 76
273 30.01 1 1.01 76
273 30.01 1 1.01 76
273 30.01 1 1.01 76
273 30.01 1 1.01 76
273 30.01 1 1.01 76
273 30.01 1 1.01 76
273 30.01 1 2 76
273 30.01 1 2 76
273 30.01 1 2 76
273 30.01 1 2 76
273 30.01 1 2 76
273 30.01 1 2 76
273 30.01 1 2 76
273 30.01 1 2 76
273 30.01 1 2 76
273 30.01 1 2 76
273 30.01 1 2 76
273 30.01 1 2 76
273 30.01 1 2 76
273 30.01 1 2 76
273 30.01 1 2 76
273 30.01 1 2 76
273 30.01 1 2 76
273 30.01 1 2 76
273 30.01 1 2 76
273 30.01 1 2 76
273 30.01 2 3 76
273 30.01 2 3 76
273 30.01 2 3 76
273 30.01 2 3 76
273 30.01 2 3 76
273 30.01 2 3 76
273 30.01 2 3 76
273 30.01 2 3 76
273 30.01 2 3 76
273 30.01 2 3 76
273 30.01 2 3 76
273 30.01 2 3 76
273 30.01 2 3 76
273 30.01 2 3 76
273 30.01 2 3 76
273 30.01 2 3 76
273 30.01 2 3 76
273 30.01 2 3 76
273 30.01 2 3 76
273 30.01 2 3 76
273 30.01 3 4 76
273 30.01 3 4 76
273 30.01 3 4 76
273 30.01 3 4 76
273 30.01 3 4 76
273 30.01 3 4 76
273 30.01 3 4 76
273 30.01 4 5 76
273 30.01 4 5 76
273 30.01 4 5 76
273 30.01 4 5 76
273 30.01 4 5 76
273 30.01 4 5 76
273 30.01 4 5 76
273 30.01 4 5 76
274 30.01 1 1.01 41
274 30.01 1 1.01 41
274 30.01 1 1.01 41
274 30.01 1 1.01 41
274 30.01 1 1.01 41
274 30.01 1 1.01 41
274 30.01 1 1.01 41
274 30.01 1 1.01 41
274 30.01 1 1.01 41
274 30.01 1 2 41
274 30.01 1 2 41
274 30.01 1 2 41
274 30.01 1 2 41
274 30.01 1 2 41
274 30.01 1 2 41
274 30.01 1 2 41
274 30.01 1 2 41
274 30.01 1 2 41
274 30.01 2 3 41
274 30.01 2 3 41
274 30.01 2 3 41
274 30.01 2 3 41
274 30.01 2 3 41
274 30.01 2 3 41
274 30.01 2 3 41
274 30.01 2 3 41
274 30.01 2 3 41
274 30.01 2 3 41
274 30.01 3 4 41
274 30.01 3 4 41
274 30.01 3 4 41
274 30.01 3 4 41
274 30.01 3 4 41
274 30.01 3 4 41
274 30.01 4 5 41
274 30.01 4 5 41
274 30.01 4 5 41
274 30.01 4 5 41
274 30.01 4 5 41
274 30.01 4 5 41
274 30.01 4 5 41
276 30.01 1 2 33
276 30.01 1 2 33
276 30.01 2 3 33
276 30.01 3 4 33
276 30.01 3 4 33
276 30.01 3 4 33
276 30.01 3 4 33
276 30.01 3 4 33
276 30.01 3 4 33
276 30.01 3 4 33
276 30.01 3 4 33
276 30.01 4 5 33
276 30.01 4 5 33
276 30.01 4 5 33
276 30.01 4 5 33
276 30.01 4 5 33
276 30.01 4 5 33
276 30.01 4 5 33
276 30.01 4 5 33
276 30.01 4 5 33
276 30.01 5 6 33
276 30.01 6 7 33
276 30.01 7 8 33
276 30.01 7 8 33
276 30.01 7 8 33
276 30.01 7 8 33
276 30.01 8 9 33
276 30.01 8 9 33
276 30.01 8 9 33
276 30.01 9 10 33
276 30.01 9 10 33
276 30.01 9 10 33
276 30.01 9 10 33
278 30.01 1 1.01 19
278 30.01 1 1.01 19
278 30.01 1 1.01 19
278 30.01 1 1.01 19
278 30.01 1 1.01 19
278 30.01 1 1.01 19
278 30.01 1 2 19
278 30.01 1 2 19
278 30.01 1 2 19
278 30.01 1 2 19
278 30.01 1 2 19
278 30.01 1 2 19
278 30.01 2 3 19
278 30.01 2 3 19
278 30.01 2 3 19
278 30.01 2 3 19
278 30.01 2 3 19
278 30.01 2 3 19
278 30.01 2 3 19
279 30.01 1 1.01 32
279 30.01 1 1.01 32
279 30.01 1 1.01 32
279 30.01 1 1.01 32
279 30.01 1 1.01 32
279 30.01 1 1.01 32
279 30.01 1 2 32
279 30.01 1 2 32
279 30.01 1 2 32
279 30.01 1 2 32
279 30.01 1 2 32
279 30.01 1 2 32
279 30.01 1 2 32
279 30.01 2 3 32
279 30.01 2 3 32
279 30.01 2 3 32
279 30.01 2 3 32
279 30.01 2 3 32
279 30.01 2 3 32
279 30.01 3 4 32
279 30.01 3 4 32
279 30.01 3 4 32
279 30.01 3 4 32
279 30.01 3 4 32
279 30.01 3 4 32
279 30.01 3 4 32
279 30.01 4 5 32
279 30.01 4 5 32
279 30.01 4 5 32
279 30.01 4 5 32
279 30.01 4 5 32
279 30.01 4 5 32
280 30.02 2 3 10
280 30.02 3 4 10
280 30.02 3 4 10
280 30.02 3 4 10
280 30.02 5 6 10
280 30.02 5 6 10
280 30.02 8 9 10
280 30.02 8 9 10
280 30.02 8 9 10
280 30.02 8 9 10
281 30.02 2 3 4
281 30.02 4 5 4
281 30.02 4 5 4
281 30.02 4 5 4
282 30.02 2 3 6
282 30.02 2 3 6
282 30.02 2 3 6
282 30.02 2 3 6
282 30.02 3 4 6
282 30.02 3 4 6
283 30.02 2 3 41
283 30.02 2 3 41
283 30.02 3 4 41
283 30.02 3 4 41
283 30.02 3 4 41
283 30.02 3 4 41
283 30.02 3 4 41
283 30.02 3 4 41
283 30.02 4 5 41
283 30.02 4 5 41
283 30.02 5 6 41
283 30.02 5 6 41
283 30.02 5 6 41
283 30.02 5 6 41
283 30.02 5 6 41
283 30.02 5 6 41
283 30.02 5 6 41
283 30.02 5 6 41
283 30.02 5 6 41
283 30.02 5 6 41
283 30.02 5 6 41
283 30.02 5 6 41
283 30.02 5 6 41
283 30.02 6 7 41
283 30.02 6 7 41
283 30.02 6 7 41
283 30.02 6 7 41
283 30.02 6 7 41
283 30.02 6 7 41
283 30.02 6 7 41
283 30.02 6 7 41
283 30.02 7 8 41
283 30.02 7 8 41
283 30.02 7 8 41
283 30.02 8 9 41
283 30.02 8 9 41
283 30.02 9 10 41
283 30.02 9 10 41
283 30.02 9 10 41
283 30.02 9 10 41
283 30.02 16 17 41
286 30.02 2 3 25
286 30.02 2 3 25
286 30.02 2 3 25
286 30.02 2 3 25
286 30.02 3 4 25
286 30.02 3 4 25
286 30.02 4 5 25
286 30.02 4 5 25
286 30.02 4 5 25
286 30.02 4 5 25
286 30.02 4 5 25
286 30.02 4 5 25
286 30.02 4 5 25
286 30.02 4 5 25
286 30.02 4 5 25
286 30.02 4 5 25
286 30.02 4 5 25
286 30.02 5 6 25
286 30.02 5 6 25
286 30.02 5 6 25
286 30.02 5 6 25
286 30.02 5 6 25
286 30.02 5 6 25
286 30.02 5 6 25
286 30.02 5 6 25
287 30.02 3 4 7
287 30.02 5 6 7
287 30.02 5 6 7
287 30.02 6 7 7
287 30.02 7 8 7
287 30.02 7 8 7
287 30.02 7 8 7
288 30.02 3 4 34
288 30.02 3 4 34
288 30.02 3 4 34
288 30.02 3 4 34
288 30.02 4 5 34
288 30.02 4 5 34
288 30.02 4 5 34
288 30.02 4 5 34
288 30.02 4 5 34
288 30.02 5 6 34
288 30.02 5 6 34
288 30.02 5 6 34
288 30.02 5 6 34
288 30.02 5 6 34
288 30.02 5 6 34
288 30.02 5 6 34
288 30.02 5 6 34
288 30.02 6 7 34
288 30.02 6 7 34
288 30.02 6 7 34
288 30.02 6 7 34
288 30.02 6 7 34
288 30.02 7 8 34
288 30.02 7 8 34
288 30.02 7 8 34
288 30.02 7 8 34
288 30.02 7 8 34
288 30.02 7 8 34
288 30.02 7 8 34
288 30.02 7 8 34
288 30.02 7 8 34
288 30.02 8 9 34
288 30.02 9 10 34
288 30.02 9 10 34
289 30.02 1 1.01 39
289 30.02 2 3 39
289 30.02 2 3 39
289 30.02 2 3 39
289 30.02 2 3 39
289 30.02 2 3 39
289 30.02 2 3 39
289 30.02 3 4 39
289 30.02 3 4 39
289 30.02 3 4 39
289 30.02 3 4 39
289 30.02 3 4 39
289 30.02 3 4 39
289 30.02 3 4 39
289 30.02 4 5 39
289 30.02 4 5 39
289 30.02 4 5 39
289 30.02 4 5 39
289 30.02 4 5 39
289 30.02 4 5 39
289 30.02 4 5 39
289 30.02 4 5 39
289 30.02 4 5 39
289 30.02 4 5 39
289 30.02 6 7 39
289 30.02 6 7 39
289 30.02 6 7 39
289 30.02 6 7 39
289 30.02 6 7 39
289 30.02 6 7 39
289 30.02 7 8 39
289 30.02 7 8 39
289 30.02 7 8 39
289 30.02 7 8 39
289 30.02 7 8 39
289 30.02 8 9 39
289 30.02 8 9 39
289 30.02 8 9 39
289 30.02 14 15 39
290 30.02 2 3 35
290 30.02 2 3 35
290 30.02 2 3 35
290 30.02 2 3 35
290 30.02 2 3 35
290 30.02 2 3 35
290 30.02 3 4 35
290 30.02 3 4 35
290 30.02 3 4 35
290 30.02 3 4 35
290 30.02 3 4 35
290 30.02 3 4 35
290 30.02 4 5 35
290 30.02 4 5 35
290 30.02 4 5 35
290 30.02 4 5 35
290 30.02 4 5 35
290 30.02 4 5 35
290 30.02 4 5 35
290 30.02 4 5 35
290 30.02 4 5 35
290 30.02 4 5 35
290 30.02 4 5 35
290 30.02 4 5 35
290 30.02 4 5 35
290 30.02 4 5 35
290 30.02 4 5 35
290 30.02 4 5 35
290 30.02 4 5 35
290 30.02 4 5 35
290 30.02 4 5 35
290 30.02 5 6 35
290 30.02 5 6 35
290 30.02 5 6 35
290 30.02 9 10 35
291 30.02 1 1.01 45
291 30.02 1 1.01 45
291 30.02 1 1.01 45
291 30.02 1 1.01 45
291 30.02 1 1.01 45
291 30.02 1 1.01 45
291 30.02 2 3 45
291 30.02 2 3 45
291 30.02 2 3 45
291 30.02 3 4 45
291 30.02 3 4 45
291 30.02 3 4 45
291 30.02 3 4 45
291 30.02 3 4 45
291 30.02 3 4 45
291 30.02 3 4 45
291 30.02 3 4 45
291 30.02 3 4 45
291 30.02 3 4 45
291 30.02 3 4 45
291 30.02 3 4 45
291 30.02 3 4 45
291 30.02 3 4 45
291 30.02 3 4 45
291 30.02 3 4 45
291 30.02 5 6 45
291 30.02 5 6 45
291 30.02 5 6 45
291 30.02 5 6 45
291 30.02 5 6 45
291 30.02 5 6 45
291 30.02 5 6 45
291 30.02 5 6 45
291 30.02 7 8 45
291 30.02 8 9 45
291 30.02 8 9 45
291 30.02 8 9 45
291 30.02 9 10 45
291 30.02 9 10 45
291 30.02 9 10 45
291 30.02 9 10 45
291 30.02 9 10 45
291 30.02 11 12 45
291 30.02 11 12 45
291 30.02 11 12 45
292 30.02 2 3 22
292 30.02 3 4 22
292 30.02 3 4 22
292 30.02 3 4 22
292 30.02 3 4 22
292 30.02 3 4 22
292 30.02 4 5 22
292 30.02 4 5 22
292 30.02 5 6 22
292 30.02 6 7 22
292 30.02 6 7 22
292 30.02 8 9 22
292 30.02 10 11 22
292 30.02 10 11 22
292 30.02 10 11 22
292 30.02 10 11 22
292 30.02 10 11 22
292 30.02 10 11 22
292 30.02 11 12 22
292 30.02 11 12 22
292 30.02 13 14 22
292 30.02 13 14 22
293 30.02 1 2 59
293 30.02 2 3 59
293 30.02 2 3 59
293 30.02 2 3 59
293 30.02 2 3 59
293 30.02 2 3 59
293 30.02 3 4 59
293 30.02 3 4 59
293 30.02 3 4 59
293 30.02 3 4 59
293 30.02 3 4 59
293 30.02 3 4 59
293 30.02 3 4 59
293 30.02 3 4 59
293 30.02 3 4 59
293 30.02 3 4 59
293 30.02 3 4 59
293 30.02 3 4 59
293 30.02 3 4 59
293 30.02 3 4 59
293 30.02 3 4 59
293 30.02 3 4 59
293 30.02 3 4 59
293 30.02 3 4 59
293 30.02 4 5 59
293 30.02 6 7 59
293 30.02 6 7 59
293 30.02 6 7 59
293 30.02 6 7 59
293 30.02 6 7 59
293 30.02 6 7 59
293 30.02 6 7 59
293 30.02 6 7 59
293 30.02 6 7 59
293 30.02 6 7 59
293 30.02 6 7 59
293 30.02 7 8 59
293 30.02 7 8 59
293 30.02 7 8 59
293 30.02 8 9 59
293 30.02 8 9 59
293 30.02 8 9 59
293 30.02 8 9 59
293 30.02 8 9 59
293 30.02 8 9 59
293 30.02 8 9 59
293 30.02 8 9 59
293 30.02 8 9 59
293 30.02 10 11 59
293 30.02 10 11 59
293 30.02 10 11 59
293 30.02 10 11 59
293 30.02 10 11 59
293 30.02 10 11 59
293 30.02 10 11 59
293 30.02 10 11 59
293 30.02 10 11 59
293 30.02 10 11 59
293 30.02 10 11 59
294 30.02 2 3 7
294 30.02 2 3 7
294 30.02 2 3 7
294 30.02 2 3 7
294 30.02 2 3 7
294 30.02 4 5 7
294 30.02 4 5 7
295 30.02 3 4 3
295 30.02 6 7 3
295 30.02 8 9 3
296 30.02 2 3 4
296 30.02 2 3 4
296 30.02 2 3 4
296 30.02 4 5 4
297 30.02 1 1.01 66
297 30.02 1 2 66
297 30.02 1 2 66
297 30.02 1 2 66
297 30.02 1 2 66
297 30.02 1 2 66
297 30.02 1 2 66
297 30.02 1 2 66
297 30.02 1 2 66
297 30.02 1 2 66
297 30.02 1 2 66
297 30.02 1 2 66
297 30.02 1 2 66
297 30.02 1 2 66
297 30.02 1 2 66
297 30.02 1 2 66
297 30.02 1 2 66
297 30.02 1 2 66
297 30.02 1 2 66
297 30.02 1 2 66
297 30.02 1 2 66
297 30.02 1 2 66
297 30.02 1 2 66
297 30.02 1 2 66
297 30.02 1 2 66
297 30.02 1 2 66
297 30.02 1 2 66
297 30.02 1 2 66
297 30.02 1 2 66
297 30.02 1 2 66
297 30.02 1 2 66
297 30.02 1 2 66
297 30.02 1 2 66
297 30.02 1 2 66
297 30.02 1 2 66
297 30.02 1 2 66
297 30.02 1 2 66
297 30.02 1 2 66
297 30.02 1 2 66
297 30.02 1 2 66
297 30.02 1 2 66
297 30.02 1 2 66
297 30.02 1 2 66
297 30.02 1 2 66
297 30.02 2 3 66
297 30.02 2 3 66
297 30.02 2 3 66
297 30.02 2 3 66
297 30.02 2 3 66
297 30.02 2 3 66
297 30.02 2 3 66
297 30.02 2 3 66
297 30.02 2 3 66
297 30.02 2 3 66
297 30.02 2 3 66
297 30.02 2 3 66
297 30.02 2 3 66
297 30.02 2 3 66
297 30.02 2 3 66
297 30.02 2 3 66
297 30.02 2 3 66
297 30.02 2 3 66
297 30.02 2 3 66
297 30.02 2 3 66
297 30.02 2 3 66
297 30.02 2 3 66
298 30.02 5 6 1
299 30.02 2 3 9
299 30.02 2 3 9
299 30.02 2 3 9
299 30.02 3 4 9
299 30.02 3 4 9
299 30.02 3 4 9
299 30.02 4 5 9
299 30.02 6 7 9
299 30.02 13 14 9
300 32 1 2 18
300 32 2 3 18
300 32 2 3 18
300 32 2 3 18
300 32 2 3 18
300 32 2 3 18
300 32 2 3 18
300 32 2 3 18
300 32 2 3 18
300 32 2 3 18
300 32 2 3 18
300 32 2 3 18
300 32 2 3 18
300 32 2 3 18
300 32 2 3 18
300 32 2 3 18
300 32 3 4 18
300 32 5 6 18
301 32 2 3 1
302 32 1 2 60
302 32 1 2 60
302 32 1 2 60
302 32 1 2 60
302 32 1 2 60
302 32 1 2 60
302 32 1 2 60
302 32 1 2 60
302 32 1 2 60
302 32 1 2 60
302 32 1 2 60
302 32 1 2 60
302 32 1 2 60
302 32 1 2 60
302 32 1 2 60
302 32 1 2 60
302 32 1 2 60
302 32 1 2 60
302 32 1 2 60
302 32 1 2 60
302 32 1 2 60
302 32 1 2 60
302 32 1 2 60
302 32 1 2 60
302 32 1 2 60
302 32 1 2 60
302 32 1 2 60
302 32 1 2 60
302 32 2 3 60
302 32 2 3 60
302 32 2 3 60
302 32 2 3 60
302 32 2 3 60
302 32 2 3 60
302 32 2 3 60
302 32 2 3 60
302 32 2 3 60
302 32 2 3 60
302 32 2 3 60
302 32 2 3 60
302 32 2 3 60
302 32 2 3 60
302 32 2 3 60
302 32 2 3 60
302 32 2 3 60
302 32 2 3 60
302 32 2 3 60
302 32 2 3 60
302 32 2 3 60
302 32 3 4 60
302 32 3 4 60
302 32 3 4 60
302 32 3 4 60
302 32 3 4 60
302 32 3 4 60
302 32 3 4 60
302 32 3 4 60
302 32 3 4 60
302 32 3 4 60
302 32 3 4 60
303 32 1 2 60
303 32 1 2 60
303 32 1 2 60
303 32 1 2 60
303 32 1 2 60
303 32 1 2 60
303 32 1 2 60
303 32 1 2 60
303 32 1 2 60
303 32 1 2 60
303 32 1 2 60
303 32 1 2 60
303 32 1 2 60
303 32 1 2 60
303 32 1 2 60
303 32 1 2 60
303 32 1 2 60
303 32 1 2 60
303 32 1 2 60
303 32 1 2 60
303 32 1 2 60
303 32 1 2 60
303 32 1 2 60
303 32 1 2 60
303 32 1 2 60
303 32 1 2 60
303 32 1 2 60
303 32 1 2 60
303 32 2 3 60
303 32 2 3 60
303 32 2 3 60
303 32 2 3 60
303 32 2 3 60
303 32 2 3 60
303 32 2 3 60
303 32 2 3 60
303 32 2 3 60
303 32 2 3 60
303 32 2 3 60
303 32 2 3 60
303 32 2 3 60
303 32 2 3 60
303 32 2 3 60
303 32 2 3 60
303 32 2 3 60
303 32 2 3 60
303 32 2 3 60
303 32 2 3 60
303 32 2 3 60
303 32 3 4 60
303 32 3 4 60
303 32 3 4 60
303 32 3 4 60
303 32 3 4 60
303 32 3 4 60
303 32 3 4 60
303 32 3 4 60
303 32 3 4 60
303 32 3 4 60
303 32 3 4 60
304 32 1 2 6
304 32 5 6 6
304 32 5 6 6
304 32 5 6 6
304 32 5 6 6
304 32 5 6 6
305 32 1 1.01 37
305 32 1 1.01 37
305 32 1 1.01 37
305 32 1 1.01 37
305 32 1 1.01 37
305 32 1 2 37
305 32 1 2 37
305 32 1 2 37
305 32 1 2 37
305 32 1 2 37
305 32 1 2 37
305 32 2 3 37
305 32 2 3 37
305 32 2 3 37
305 32 2 3 37
305 32 3 4 37
305 32 3 4 37
305 32 4 5 37
305 32 4 5 37
305 32 4 5 37
305 32 4 5 37
305 32 4 5 37
305 32 5 6 37
305 32 5 6 37
305 32 5 6 37
305 32 5 6 37
305 32 5 6 37
305 32 5 6 37
305 32 5 6 37
305 32 5 6 37
305 32 5 6 37
305 32 5 6 37
305 32 5 6 37
305 32 5 6 37
305 32 5 6 37
305 32 5 6 37
305 32 5 6 37
306 32 1 2 55
306 32 1 2 55
306 32 1 2 55
306 32 1 2 55
306 32 1 2 55
306 32 1 2 55
306 32 1 2 55
306 32 1 2 55
306 32 1 2 55
306 32 1 2 55
306 32 1 2 55
306 32 1 2 55
306 32 1 2 55
306 32 1 2 55
306 32 1 2 55
306 32 1 2 55
306 32 2 3 55
306 32 2 3 55
306 32 2 3 55
306 32 2 3 55
306 32 2 3 55
306 32 2 3 55
306 32 2 3 55
306 32 2 3 55
306 32 2 3 55
306 32 2 3 55
306 32 2 3 55
306 32 2 3 55
306 32 2 3 55
306 32 2 3 55
306 32 3 4 55
306 32 3 4 55
306 32 3 4 55
306 32 3 4 55
306 32 4 5 55
306 32 4 5 55
306 32 4 5 55
306 32 4 5 55
306 32 4 5 55
306 32 4 5 55
306 32 4 5 55
306 32 4 5 55
306 32 5 6 55
306 32 5 6 55
306 32 5 6 55
306 32 5 6 55
306 32 5 6 55
306 32 5 6 55
306 32 5 6 55
306 32 5 6 55
306 32 7 8 55
306 32 7 8 55
306 32 7 8 55
306 32 7 8 55
306 32 7 8 55
307 32 1 2 55
307 32 1 2 55
307 32 1 2 55
307 32 1 2 55
307 32 1 2 55
307 32 1 2 55
307 32 1 2 55
307 32 1 2 55
307 32 1 2 55
307 32 1 2 55
307 32 1 2 55
307 32 1 2 55
307 32 1 2 55
307 32 1 2 55
307 32 1 2 55
307 32 1 2 55
307 32 2 3 55
307 32 2 3 55
307 32 2 3 55
307 32 2 3 55
307 32 2 3 55
307 32 2 3 55
307 32 2 3 55
307 32 2 3 55
307 32 2 3 55
307 32 2 3 55
307 32 2 3 55
307 32 2 3 55
307 32 2 3 55
307 32 2 3 55
307 32 3 4 55
307 32 3 4 55
307 32 3 4 55
307 32 3 4 55
307 32 4 5 55
307 32 4 5 55
307 32 4 5 55
307 32 4 5 55
307 32 4 5 55
307 32 4 5 55
307 32 4 5 55
307 32 4 5 55
307 32 5 6 55
307 32 5 6 55
307 32 5 6 55
307 32 5 6 55
307 32 5 6 55
307 32 5 6 55
307 32 5 6 55
307 32 5 6 55
307 32 7 8 55
307 32 7 8 55
307 32 7 8 55
307 32 7 8 55
307 32 7 8 55
308 32 1 2 32
308 32 1 2 32
308 32 1 2 32
308 32 1 2 32
308 32 1 2 32
308 32 1 2 32
308 32 1 2 32
308 32 1 2 32
308 32 1 2 32
308 32 2 3 32
308 32 2 3 32
308 32 3 4 32
308 32 3 4 32
308 32 4 5 32
308 32 4 5 32
308 32 5 6 32
308 32 7 8 32
308 32 7 8 32
308 32 7 8 32
308 32 7 8 32
308 32 7 8 32
308 32 7 8 32
308 32 7 8 32
308 32 7 8 32
308 32 7 8 32
308 32 7 8 32
308 32 7 8 32
308 32 7 8 32
308 32 7 8 32
308 32 7 8 32
308 32 7 8 32
308 32 7 8 32
310 32 1 2 16
310 32 1 2 16
310 32 1 2 16
310 32 1 2 16
310 32 1 2 16
310 32 1 2 16
310 32 1 2 16
310 32 3 4 16
310 32 3 4 16
310 32 3 4 16
310 32 4 5 16
310 32 4 5 16
310 32 4 5 16
310 32 4 5 16
310 32 4 5 16
310 32 5 6 16
311 32 1 1.01 11
311 32 1 1.01 11
311 32 1 1.01 11
311 32 1 1.01 11
311 32 1 1.01 11
311 32 1 1.01 11
311 32 1 1.01 11
311 32 1 1.01 11
311 32 1 1.01 11
311 32 3 4 11
311 32 3 4 11
312 32 1 1.01 17
312 32 1 1.01 17
312 32 1 2 17
312 32 1 2 17
312 32 1 2 17
312 32 1 2 17
312 32 1 2 17
312 32 1 2 17
312 32 1 2 17
312 32 1 2 17
312 32 3 4 17
312 32 3 4 17
312 32 3 4 17
312 32 4 5 17
312 32 4 5 17
312 32 4 5 17
312 32 4 5 17
313 32 3 4 11
313 32 3 4 11
313 32 3 4 11
313 32 3 4 11
313 32 3 4 11
313 32 3 4 11
313 32 3 4 11
313 32 4 5 11
313 32 6 7 11
313 32 6 7 11
313 32 9 10 11
314 32 1 1.01 32
314 32 1 1.01 32
314 32 2 3 32
314 32 2 3 32
314 32 2 3 32
314 32 2 3 32
314 32 2 3 32
314 32 2 3 32
314 32 3 4 32
314 32 3 4 32
314 32 3 4 32
314 32 3 4 32
314 32 3 4 32
314 32 3 4 32
314 32 4 5 32
314 32 4 5 32
314 32 4 5 32
314 32 4 5 32
314 32 5 6 32
314 32 5 6 32
314 32 6 7 32
314 32 6 7 32
314 32 6 7 32
314 32 6 7 32
314 32 6 7 32
314 32 6 7 32
314 32 6 7 32
314 32 6 7 32
314 32 6 7 32
314 32 6 7 32
314 32 6 7 32
314 32 6 7 32
315 32 1 2 25
315 32 1 2 25
315 32 1 2 25
315 32 1 2 25
315 32 1 2 25
315 32 1 2 25
315 32 1 2 25
315 32 1 2 25
315 32 1 2 25
315 32 1 2 25
315 32 1 2 25
315 32 1 2 25
315 32 1 2 25
315 32 1 2 25
315 32 1 2 25
315 32 1 2 25
315 32 1 2 25
315 32 1 2 25
315 32 1 2 25
315 32 1 2 25
315 32 1 2 25
315 32 1 2 25
315 32 1 2 25
315 32 2 3 25
315 32 2 3 25
318 32 2 3 2
318 32 2 3 2
319 32 1 2 5
319 32 1 2 5
319 32 1 2 5
319 32 1 2 5
319 32 2 3 5
321 32 2 3 4
321 32 2 3 4
321 32 2 3 4
321 32 2 3 4
